LoanID,Amount,Term,InterestRate,Income,CreditScore,Age,Default
1,51021.78,60,5.69,49242.67,596,43,0
2,5000.0,48,5.56,20000.0,605,43,0
3,14594.69,12,5.0,67778.61,644,71,0
4,82495.25,60,4.95,27625.81,647,53,0
5,9144.03,12,3.53,54252.89,745,33,1
6,59946.02,60,6.54,185672.85,538,65,0
7,75765.36,48,3.86,148512.39,722,41,0
8,20032.22,24,2.0,189583.25,850,53,0
9,19452.34,12,5.62,132348.2,601,52,0
10,40799.95,24,3.85,34489.78,723,45,0
11,98767.17,48,2.83,293743.17,793,66,0
12,12674.09,12,2.87,22489.55,790,36,0
13,141730.18,36,5.35,128273.94,620,46,0
14,45704.49,36,3.34,20473.29,758,31,1
15,242212.45,36,3.67,31980.66,735,50,0
16,5000.0,48,3.16,112400.7,770,51,0
17,6765.91,36,3.91,69588.58,719,46,1
18,87619.77,12,3.22,28546.55,766,46,0
19,100033.7,36,5.24,65377.03,627,42,0
20,29480.7,12,5.58,68663.8,604,50,1
21,62600.62,48,8.09,65559.39,431,54,0
22,101080.25,24,5.53,172025.0,607,26,0
23,5000.0,60,5.37,24952.7,618,40,0
24,42659.98,36,7.54,47284.76,469,39,0
25,96029.89,60,4.85,20000.0,654,54,0
26,25387.76,24,3.35,66085.24,757,63,0
27,18004.3,48,6.25,111726.43,558,51,0
28,79409.92,48,2.19,129527.93,837,47,0
29,20457.59,24,4.37,20000.0,687,33,1
30,5000.0,60,3.69,77361.07,734,72,0
31,160412.36,36,4.98,145304.51,645,31,0
32,44839.51,12,6.2,34066.01,561,26,0
33,85606.19,48,4.12,300000.0,704,55,0
34,87234.7,24,3.82,89746.15,725,37,1
35,5000.0,60,5.17,20000.0,632,56,1
36,9368.33,36,4.55,52951.63,675,66,0
37,18634.46,60,4.92,46691.05,649,40,1
38,19334.57,36,5.87,57743.46,584,51,0
39,53762.29,12,4.44,168340.5,682,38,0
40,48793.14,12,5.94,91771.29,579,46,1
41,34119.24,24,3.8,20000.0,726,43,0
42,11866.16,24,2.0,77649.48,850,59,0
43,24062.0,36,3.32,123684.25,759,36,0
44,39218.62,36,5.19,20000.0,631,34,0
45,31554.21,36,4.41,31530.25,684,42,0
46,6807.74,36,3.27,103924.36,763,54,0
47,52421.23,12,5.05,207542.21,640,33,0
48,5000.0,24,4.11,20000.0,705,27,1
49,23756.41,24,3.88,112804.41,721,62,0
50,61898.78,48,4.53,169685.02,676,18,0
51,5000.0,24,4.63,39071.19,669,25,0
52,42196.51,24,3.38,120472.08,755,77,1
53,20362.41,60,2.39,47201.33,823,18,0
54,5000.0,60,5.04,60822.53,641,38,0
55,10559.72,48,3.11,83329.74,774,35,0
56,141465.31,36,7.08,156118.66,501,18,0
57,36818.28,48,4.21,250422.36,698,29,0
58,294394.97,48,8.09,43946.93,431,48,0
59,37202.74,12,6.04,26380.4,572,56,0
60,39256.15,24,6.42,151839.86,546,61,1
61,24866.11,12,2.54,113528.87,813,39,1
62,18556.11,24,5.33,90229.78,621,18,0
63,14487.25,48,4.98,126864.83,645,45,1
64,21035.58,24,5.24,47882.8,627,65,0
65,30795.52,36,7.02,90978.7,505,67,0
66,10659.16,36,4.5,178060.48,678,59,0
67,12736.55,48,4.81,39451.47,657,24,0
68,15841.46,60,6.1,120833.62,568,42,0
69,29824.61,36,2.92,52870.09,787,48,0
70,52894.64,48,2.96,147520.86,784,50,0
71,96947.87,12,6.74,167436.46,524,18,1
72,16922.94,60,5.91,62217.69,581,75,0
73,10150.4,36,4.24,81376.53,696,64,1
74,23808.93,48,5.59,33964.7,603,44,0
75,112396.83,48,5.23,96901.14,628,46,0
76,5000.0,12,6.39,20000.0,548,37,1
77,56639.79,12,6.38,95905.32,549,63,0
78,32423.99,60,5.68,107841.33,597,27,0
79,8779.98,36,4.72,78031.74,663,46,0
80,19358.29,48,4.63,36622.99,669,32,1
81,12741.39,60,6.1,165143.02,568,44,0
82,105117.98,60,6.58,36335.45,535,62,0
83,32876.78,12,6.73,185582.88,525,35,0
84,41401.89,48,3.48,76567.9,748,47,0
85,45031.65,24,2.0,252861.53,850,43,0
86,51029.41,12,4.28,132037.94,693,33,0
87,34214.89,48,8.65,38036.45,393,35,0
88,5000.0,60,4.09,107828.37,706,35,1
89,20377.57,60,3.19,124072.2,768,18,1
90,10159.28,36,5.85,82460.99,585,42,1
91,56994.04,24,3.64,67608.37,737,46,1
92,5000.0,12,3.35,171679.97,757,22,0
93,41483.11,36,3.05,33430.91,778,38,0
94,11826.12,36,5.77,74830.33,591,41,0
95,148645.57,24,4.81,300000.0,657,57,0
96,20439.1,12,4.65,76522.79,668,70,0
97,19668.52,12,3.0,74815.81,781,50,1
98,128447.9,60,5.51,20000.0,609,24,0
99,27008.25,12,3.54,165523.58,744,31,0
100,164656.18,36,4.52,150923.2,677,46,0
101,5000.0,60,3.53,53337.74,745,38,0
102,18289.0,12,3.82,170305.0,725,44,0
103,54859.61,24,5.87,48863.91,584,57,0
104,110754.8,36,4.53,52658.14,676,42,0
105,14812.98,48,5.93,75798.65,580,80,0
106,133305.31,24,4.95,36769.07,647,21,0
107,45085.07,24,2.38,42659.21,824,53,0
108,80724.59,12,5.53,113709.07,607,19,0
109,25309.1,60,5.81,20000.0,588,32,1
110,11924.31,60,5.19,76396.58,631,57,0
111,121088.38,36,3.93,110236.56,717,18,0
112,135254.63,12,3.95,100775.38,716,49,1
113,34415.46,60,4.39,164980.17,686,26,0
114,5000.0,48,6.07,22297.85,570,43,1
115,5814.5,12,5.27,20000.0,625,35,0
116,42551.84,12,2.87,41347.35,790,45,0
117,5000.0,60,7.12,211697.95,498,50,0
118,25284.6,24,4.55,60193.64,675,60,1
119,18075.04,12,5.23,114997.31,628,47,0
120,62649.1,24,4.24,110329.77,696,54,0
121,5000.0,36,4.72,39963.83,663,43,0
122,33543.0,36,7.11,22556.02,499,24,0
123,43269.7,60,4.07,46254.01,708,27,0
124,48024.03,36,6.33,94228.8,552,67,0
125,25972.95,60,6.64,72722.5,531,26,1
126,18146.71,60,4.84,78964.98,655,47,0
127,57362.78,24,5.52,35629.45,608,47,1
128,94052.18,24,6.07,74917.38,570,46,0
129,59146.07,36,5.48,20000.0,611,60,1
130,134487.7,24,5.99,46411.7,576,35,0
131,63162.0,12,2.67,22709.16,804,41,0
132,72327.43,48,4.46,76622.94,681,39,1
133,9190.32,12,5.14,60228.43,634,18,1
134,27196.69,12,3.82,41281.6,725,33,0
135,33184.79,60,5.19,32383.26,631,60,0
136,14805.42,48,5.29,52987.0,624,75,0
137,37596.04,60,3.56,43298.34,743,59,1
138,17180.32,24,5.93,87972.54,580,50,0
139,58157.88,24,6.41,141104.43,547,24,0
140,31771.14,48,3.96,104878.76,715,47,0
141,30698.96,36,4.68,113277.01,666,46,0
142,205653.53,24,4.69,20000.0,665,80,0
143,24915.62,12,5.43,68058.35,614,18,1
144,22494.01,48,4.05,78729.46,709,26,0
145,19180.61,48,6.92,125955.26,512,63,0
146,112570.47,24,7.73,134656.09,456,68,0
147,34330.81,24,5.49,162797.04,610,49,0
148,45816.35,60,4.01,44054.39,712,39,1
149,9972.48,60,3.11,48481.55,774,53,0
150,38928.97,12,4.12,20000.0,704,77,1
151,16054.92,48,6.26,25402.56,557,35,0
152,65584.75,36,6.25,89377.85,558,51,0
153,89347.06,36,3.15,79886.4,771,41,0
154,62730.1,48,3.6,86584.7,740,50,0
155,65511.9,12,4.12,85588.85,704,56,0
156,35920.66,60,3.57,20000.0,742,36,0
157,62260.24,60,4.68,138133.25,666,59,0
158,27468.53,60,5.21,59700.66,629,37,1
159,52704.3,36,5.16,78550.08,633,53,0
160,14990.38,36,3.99,113642.76,713,18,1
161,5000.0,12,4.57,221166.97,673,56,0
162,26676.85,36,7.77,109893.55,453,31,1
163,30974.22,24,3.63,35411.0,738,37,0
164,14813.08,36,4.07,254598.43,708,18,0
165,65044.29,60,4.44,69155.43,682,41,0
166,5000.0,12,2.87,71436.81,790,64,0
167,12599.55,48,6.09,166286.2,569,21,1
168,69028.48,48,6.47,22800.09,543,47,0
169,28734.82,12,4.18,98551.15,700,18,0
170,61087.09,24,6.01,121074.76,574,42,0
171,41907.02,48,2.49,63681.57,816,57,0
172,150504.49,60,5.93,120292.59,580,43,0
173,45539.77,48,5.96,215593.2,578,56,0
174,5000.0,48,5.51,20000.0,609,37,0
175,21760.97,60,5.35,34383.36,620,80,0
176,7719.41,36,5.45,20000.0,613,61,0
177,129269.74,24,5.3,21788.93,623,48,0
178,5491.44,60,5.45,55831.25,613,70,0
179,24527.19,60,7.18,48177.98,494,65,0
180,12815.58,12,4.18,43237.8,700,36,0
181,93775.1,24,5.55,165048.89,606,52,0
182,18449.41,36,5.14,168676.81,634,40,0
183,240754.35,60,6.68,194879.86,528,58,0
184,5000.0,36,7.13,76110.35,497,68,0
185,6864.17,60,5.05,300000.0,640,22,0
186,12721.31,60,2.65,100780.84,805,46,0
187,83328.47,12,2.7,92007.35,802,66,1
188,105399.13,48,6.23,97499.82,559,56,1
189,5000.0,24,6.0,100645.1,575,51,0
190,5000.0,12,4.66,51004.35,667,61,0
191,68237.77,36,8.79,112097.11,383,24,1
192,7156.12,60,5.77,159062.63,591,53,0
193,7135.73,60,4.59,20000.0,672,63,0
194,5000.0,24,5.24,88048.56,627,53,0
195,5000.0,12,7.67,20000.0,460,26,1
196,15304.22,12,7.57,140044.97,467,39,0
197,5000.0,36,7.0,83634.58,506,45,0
198,23012.89,12,5.03,71691.68,642,32,1
199,89420.76,12,6.13,20000.0,566,31,0
200,19750.02,48,2.65,45174.04,805,52,0
201,65067.19,24,6.86,50132.94,516,69,0
202,5000.0,12,3.13,137288.51,772,18,0
203,53848.68,36,6.67,56295.52,529,37,0
204,19044.52,60,2.0,61174.18,850,34,0
205,69265.32,12,3.95,131044.65,716,67,0
206,7323.71,12,8.14,258494.05,428,55,0
207,114081.99,60,3.15,66440.64,771,65,0
208,13891.68,48,5.59,184342.78,603,58,1
209,21781.1,24,3.57,214713.12,742,62,0
210,149967.65,48,4.94,20000.0,648,49,0
211,43194.68,36,5.43,35556.6,614,52,0
212,22767.3,12,5.29,300000.0,624,52,0
213,149390.34,48,6.63,134341.02,532,45,0
214,19955.08,24,5.56,26561.43,605,45,0
215,5000.0,36,6.8,193907.09,520,52,1
216,287999.99,48,5.61,232235.79,602,51,0
217,15588.15,12,4.63,78608.04,669,48,0
218,95277.05,24,3.38,122316.85,755,47,0
219,9048.57,12,2.76,95384.22,798,55,0
220,65718.03,12,4.94,177099.52,648,43,1
221,37164.1,36,6.55,33955.41,537,26,0
222,197920.52,24,5.0,47290.99,644,48,0
223,40240.86,60,5.16,136727.09,633,31,1
224,5000.0,12,3.0,138394.59,781,60,1
225,46301.65,24,3.64,136466.6,737,36,0
226,7851.2,12,4.57,106322.02,673,37,0
227,80108.45,48,2.7,158421.83,802,51,0
228,97094.78,48,5.65,196581.84,599,44,0
229,32898.03,24,4.01,179785.68,712,62,0
230,76443.95,36,5.65,52429.04,599,41,0
231,7839.17,60,5.61,63894.52,602,40,0
232,33871.39,48,7.92,87572.78,443,33,0
233,25039.17,36,4.76,36955.99,660,27,0
234,47249.61,60,4.73,54086.17,662,37,0
235,5000.0,48,5.11,78684.22,636,51,0
236,69741.1,60,4.25,55190.14,695,64,0
237,5000.0,12,3.47,39624.23,749,57,0
238,53424.26,24,4.94,61819.37,648,36,0
239,5000.0,48,4.04,230179.65,710,47,0
240,89156.26,48,4.37,242919.73,687,45,0
241,9600.39,12,3.35,33773.98,757,62,0
242,36231.63,48,4.14,20000.0,703,64,0
243,15156.23,48,2.26,75677.26,832,18,0
244,64123.25,48,4.53,23657.52,676,65,1
245,19382.57,48,6.28,33825.89,556,21,0
246,64478.2,48,3.08,105654.31,776,49,0
247,16764.63,36,3.98,48670.9,714,18,0
248,69811.8,48,4.23,192401.24,697,60,1
249,5000.0,12,7.16,43068.29,495,39,0
250,16655.69,48,2.76,98214.94,798,55,1
251,34520.9,60,3.45,241575.72,750,40,1
252,5000.0,60,4.46,48471.04,681,59,0
253,10291.84,12,9.05,20000.0,365,19,0
254,136313.5,36,5.4,30366.05,616,54,0
255,188254.05,12,2.13,217626.08,841,51,0
256,67305.62,36,4.23,40011.52,697,50,1
257,14530.99,24,6.67,23948.71,529,52,0
258,15090.23,60,5.72,134622.87,594,62,0
259,51893.32,60,5.49,23110.0,610,59,0
260,6255.47,60,3.28,81304.08,762,23,0
261,148123.95,36,7.11,20000.0,499,46,0
262,12732.54,12,3.38,57117.23,755,50,0
263,395866.41,36,3.77,165729.05,728,44,0
264,34232.55,60,2.0,46223.3,850,47,1
265,73795.64,60,4.14,20513.08,703,52,1
266,5000.0,60,6.71,71965.7,526,56,0
267,109797.15,60,4.98,109661.2,645,53,0
268,15735.68,24,6.36,64568.2,550,57,0
269,55121.49,60,4.36,247930.75,688,74,0
270,82086.51,36,2.38,31969.59,824,41,0
271,8965.17,60,6.16,51595.31,564,42,0
272,29215.49,48,3.56,61135.51,743,55,0
273,34044.72,24,5.81,89792.65,588,44,0
274,18707.0,60,7.18,30651.65,494,39,0
275,32865.44,48,2.6,47653.43,809,38,0
276,19102.98,36,4.57,45329.85,673,54,0
277,22372.81,24,4.2,29191.05,699,51,0
278,55331.9,60,3.66,60891.15,736,72,1
279,50064.29,36,7.4,108300.0,479,29,0
280,13215.58,48,5.3,20000.0,623,29,1
281,113886.28,24,7.31,68858.46,485,45,0
282,99311.6,60,5.68,78657.04,597,33,0
283,35574.04,36,3.25,77375.67,764,18,0
284,28391.92,24,4.27,292658.99,694,38,0
285,23648.88,48,5.81,79337.1,588,77,0
286,61424.87,60,4.88,56368.0,652,80,0
287,55686.2,24,5.13,40249.63,635,53,0
288,10919.03,48,4.46,45723.93,681,28,0
289,55654.53,48,5.83,34042.27,587,33,0
290,14546.45,36,5.1,41508.93,637,46,0
291,5000.0,48,4.69,49609.87,665,37,0
292,60066.93,48,4.3,59477.73,692,47,0
293,51752.81,12,4.6,100024.59,671,45,0
294,26450.27,48,7.29,37816.38,486,26,0
295,37294.29,60,6.74,38144.15,524,44,0
296,147033.04,24,4.01,74791.61,712,51,0
297,45218.13,60,5.29,74916.72,624,39,0
298,53630.26,60,5.56,44352.85,605,59,0
299,5000.0,36,5.29,20004.81,624,45,0
300,9075.76,12,5.29,130287.18,624,43,0
301,17901.81,12,7.48,93274.05,473,45,0
302,38759.02,60,2.41,68827.92,822,36,0
303,74937.53,24,5.08,116384.45,638,51,0
304,19374.45,12,4.89,20000.0,651,32,1
305,22032.53,12,4.81,20000.0,657,80,0
306,14795.85,60,3.51,65139.14,746,75,0
307,14692.34,12,3.92,106264.63,718,43,0
308,148663.18,36,5.03,63656.1,642,53,0
309,50455.56,60,6.19,20000.0,562,54,0
310,8474.29,12,3.12,106362.94,773,53,0
311,64051.44,12,4.84,38023.71,655,55,0
312,64010.51,12,4.05,138919.52,709,56,0
313,54901.15,60,6.49,282160.22,541,55,0
314,7235.13,24,3.98,20000.0,714,33,1
315,26211.71,48,6.99,27399.22,507,51,1
316,5644.79,12,5.49,53589.6,610,33,0
317,84809.88,48,4.72,70990.51,663,52,1
318,53235.5,48,2.39,128640.5,823,59,0
319,35382.99,12,3.96,62703.72,715,50,0
320,21004.74,12,2.83,26128.99,793,56,0
321,10182.33,48,4.24,87568.85,696,48,0
322,5627.51,24,6.52,27733.34,539,72,0
323,174077.99,48,6.52,40525.96,539,51,0
324,11135.22,24,3.8,138220.86,726,31,0
325,5000.0,36,6.38,37217.02,549,37,0
326,163071.91,24,7.16,28484.18,495,51,0
327,39809.05,60,6.33,42636.62,552,64,0
328,79642.99,12,4.53,96586.74,676,51,0
329,5000.0,36,6.07,20000.0,570,48,0
330,41844.63,48,3.09,87044.83,775,28,0
331,25392.33,24,4.3,61492.2,692,73,0
332,73912.68,36,4.65,37640.18,668,25,0
333,5000.0,60,4.36,62026.29,688,21,0
334,25682.36,24,4.04,56166.7,710,37,0
335,80240.79,48,4.02,52433.93,711,53,0
336,36980.22,48,6.1,59970.1,568,38,0
337,39929.69,24,3.08,57828.28,776,35,0
338,5110.76,60,4.01,32474.85,712,32,0
339,7097.22,12,5.49,44737.59,610,71,0
340,56505.09,12,3.79,83987.77,727,50,0
341,56203.68,48,6.86,20000.0,516,58,0
342,193408.43,60,3.67,69991.74,735,75,0
343,62231.58,48,4.5,21129.99,678,75,0
344,33986.23,12,8.04,66866.5,435,31,0
345,97360.29,48,2.01,20000.0,849,48,1
346,5517.14,24,6.81,35036.22,519,56,0
347,29827.87,24,4.08,75642.44,707,46,0
348,16921.35,60,2.86,54060.31,791,34,1
349,5526.35,12,8.72,61351.97,388,18,0
350,72090.79,60,4.57,29118.43,673,65,0
351,35748.38,60,3.63,111539.11,738,72,0
352,40683.18,12,3.29,55143.92,761,56,1
353,26488.12,36,3.15,49634.67,771,44,0
354,30840.54,36,3.57,63412.22,742,36,0
355,6165.89,48,5.4,20000.0,616,46,0
356,55877.19,36,4.25,55670.64,695,65,0
357,28321.09,24,2.0,64990.22,850,53,0
358,84849.99,60,3.08,34022.0,776,18,0
359,10925.66,48,5.88,120887.53,583,69,0
360,11474.12,60,3.37,20000.0,756,55,0
361,51888.97,12,2.95,111384.59,785,28,0
362,93541.25,36,6.19,149169.55,562,53,0
363,31951.69,12,4.95,90440.43,647,48,0
364,64905.73,48,5.33,36173.54,621,48,0
365,365405.78,24,3.57,71624.6,742,29,0
366,231604.67,36,5.51,28707.24,609,41,0
367,68194.72,12,5.83,206900.57,587,20,0
368,67274.22,36,3.32,52576.71,759,63,0
369,14225.61,60,6.67,29660.0,529,32,1
370,89649.9,24,4.65,20000.0,668,61,0
371,25968.28,36,5.97,60825.24,577,54,0
372,163500.44,24,3.32,131506.59,759,39,0
373,5000.0,60,5.81,88067.78,588,33,1
374,28620.9,60,4.87,120595.42,653,48,1
375,40578.58,12,8.4,226172.32,410,61,1
376,25972.82,48,4.91,62720.96,650,57,0
377,11822.79,12,5.17,53106.43,632,53,0
378,44945.69,24,4.81,252618.6,657,42,0
379,70512.53,12,3.02,72365.67,780,57,1
380,51759.15,36,4.05,20000.0,709,21,0
381,13357.96,12,4.34,36104.17,689,48,0
382,65765.32,48,5.99,244750.22,576,45,0
383,14846.09,48,2.0,81467.01,850,26,0
384,9630.86,24,7.59,132921.89,466,39,0
385,58667.01,60,6.65,26049.63,530,70,0
386,92507.76,48,6.03,132481.66,573,53,0
387,32844.57,24,4.63,49423.37,669,59,0
388,37899.41,48,4.85,136246.3,654,38,0
389,18030.39,48,6.01,195124.94,574,19,0
390,34122.04,60,4.66,34911.03,667,67,0
391,7077.2,36,3.24,106818.14,765,34,0
392,155986.41,24,4.84,75899.7,655,40,0
393,80562.14,48,6.74,44352.34,524,24,0
394,55126.96,48,5.07,37823.79,639,65,0
395,38630.56,12,6.1,72359.45,568,49,0
396,78551.53,36,6.95,30758.78,510,43,1
397,34135.81,60,4.87,58792.13,653,54,0
398,17831.88,24,6.23,112496.26,559,39,0
399,8739.95,48,5.4,20000.0,616,35,0
400,52147.37,24,4.3,27717.24,692,27,1
401,132554.49,60,4.44,34969.04,682,25,0
402,8339.26,36,3.16,89538.09,770,61,1
403,9923.65,12,7.43,122877.03,477,64,0
404,28423.27,36,5.21,70824.14,629,19,1
405,82227.19,12,3.44,107998.3,751,44,0
406,17401.53,24,7.35,84425.11,482,46,0
407,14645.65,36,5.17,208364.02,632,35,0
408,48374.77,36,4.62,24163.71,670,32,1
409,38352.04,36,6.51,23249.23,540,46,1
410,5000.0,60,5.9,20000.0,582,34,0
411,5000.0,24,6.64,20000.0,531,45,0
412,51502.79,12,4.52,35108.01,677,28,0
413,31285.98,36,8.55,67857.74,400,36,0
414,176983.66,24,6.03,68054.89,573,40,0
415,56742.77,60,5.96,89756.41,578,39,0
416,5000.0,60,3.6,62871.55,740,62,0
417,32794.38,24,7.19,66300.69,493,36,0
418,26760.01,12,3.03,89695.8,779,59,0
419,5642.42,24,3.83,189058.56,724,18,0
420,128333.28,24,3.4,151405.6,754,45,0
421,81740.68,48,5.53,20225.81,607,18,0
422,13073.82,60,5.52,233523.92,608,63,0
423,14784.42,12,6.06,253654.93,571,75,0
424,5000.0,48,4.07,20222.46,708,44,0
425,17599.83,24,5.43,52245.7,614,70,0
426,43928.32,60,6.09,77508.07,569,33,0
427,27309.12,48,5.43,99728.13,614,59,0
428,174102.15,48,4.37,27431.77,687,57,0
429,5000.0,12,6.76,20000.0,523,42,1
430,44754.62,24,6.31,146434.11,554,44,0
431,97705.49,12,2.96,110483.11,784,49,0
432,32767.62,48,6.23,64546.16,559,48,0
433,5000.0,48,2.81,53731.57,794,50,0
434,13906.49,12,5.68,121104.39,597,77,0
435,19561.03,48,6.89,23160.54,514,75,0
436,169061.64,36,2.92,85990.94,787,57,0
437,121392.27,60,2.38,112110.75,824,76,0
438,148963.92,24,5.77,62521.49,591,28,0
439,87365.64,60,3.32,27197.91,759,57,0
440,21666.06,24,4.76,29295.64,660,57,0
441,118157.34,48,4.69,46843.96,665,38,0
442,200000.4,12,4.46,62876.97,681,77,0
443,21544.63,12,4.88,29143.61,652,69,0
444,15092.83,48,4.76,119422.2,660,53,1
445,39583.92,24,4.91,79906.14,650,34,0
446,10360.57,48,5.75,20000.0,592,21,0
447,5000.0,24,5.94,83399.05,579,29,0
448,145782.48,48,6.58,135518.04,535,69,0
449,130009.57,48,7.66,99921.93,461,40,0
450,8875.89,48,5.05,188943.55,640,62,0
451,26190.5,12,6.15,20000.0,565,50,0
452,88903.57,24,7.29,39086.83,486,18,0
453,54087.8,48,6.12,91878.15,567,41,0
454,25108.78,60,5.69,45128.76,596,30,1
455,68162.3,60,5.71,61524.15,595,57,1
456,113674.32,12,2.89,196409.81,789,58,0
457,130291.6,36,5.78,151040.87,590,42,0
458,23809.1,12,2.81,98785.05,794,68,0
459,9531.44,36,6.01,71641.89,574,61,0
460,121999.83,12,4.21,100513.54,698,38,0
461,5000.0,60,6.38,113527.8,549,53,0
462,63950.69,48,2.42,45765.53,821,33,0
463,7570.07,24,3.13,125593.62,772,39,0
464,24664.58,48,3.83,89965.64,724,54,0
465,26513.65,60,2.04,88778.82,847,45,1
466,8643.79,24,3.64,65292.13,737,23,0
467,127991.06,36,4.28,99210.86,693,51,0
468,5000.0,36,6.89,135737.89,514,40,0
469,112125.58,60,8.34,29783.94,414,33,0
470,107634.74,24,6.8,225408.97,520,28,0
471,19060.36,48,7.37,143652.33,481,42,0
472,60917.83,60,6.07,25908.36,570,48,0
473,14571.72,36,3.32,124588.7,759,41,0
474,71100.96,60,6.47,56974.73,543,49,0
475,41176.43,48,5.59,22430.13,603,41,0
476,17849.85,12,4.84,39780.66,655,53,0
477,25560.85,12,4.78,42199.21,659,42,0
478,58541.21,48,5.78,105018.44,590,20,1
479,118274.89,24,3.19,64743.84,768,27,1
480,7004.87,60,4.88,89279.98,652,37,0
481,42357.36,48,4.66,119426.83,667,63,0
482,14633.34,12,2.0,98774.52,850,30,0
483,80816.14,36,2.39,120955.16,823,50,0
484,5000.0,48,4.89,36766.65,651,51,0
485,58391.01,48,4.12,52699.96,704,26,1
486,9615.32,48,6.26,31336.25,557,40,0
487,45364.74,12,7.95,55342.61,441,47,0
488,90300.81,12,3.92,32861.88,718,40,1
489,70341.32,48,6.45,42302.18,544,53,0
490,69906.79,48,4.09,37498.24,706,52,0
491,36474.51,24,2.0,74041.13,850,48,0
492,110703.8,36,7.64,170036.18,462,58,0
493,44349.36,60,8.23,20000.0,422,44,0
494,124758.74,60,6.25,48889.99,558,46,0
495,39540.48,60,3.73,110740.53,731,49,0
496,35257.5,12,3.09,43300.94,775,28,0
497,12574.13,12,3.75,136411.55,730,53,0
498,39349.45,24,4.5,30984.59,678,35,0
499,7575.16,12,4.89,49902.78,651,41,0
500,101892.03,48,4.73,46430.73,662,53,0
501,56333.91,36,3.19,38345.73,768,51,0
502,252850.58,36,5.85,54243.65,585,23,0
503,5000.0,36,4.85,138107.91,654,23,0
504,13766.12,36,6.6,74033.04,534,30,0
505,104843.06,60,4.4,194258.1,685,48,0
506,25147.35,60,4.89,27481.67,651,64,0
507,31396.35,48,2.0,159955.07,850,37,0
508,98539.0,24,7.06,20000.0,502,30,0
509,36888.74,12,3.56,111726.89,743,30,0
510,10751.07,12,5.67,210558.68,598,51,0
511,111295.15,60,3.72,201610.25,732,61,0
512,5000.0,36,3.83,38688.36,724,60,0
513,112878.8,48,5.33,123154.21,621,34,0
514,5000.0,24,6.42,150153.28,546,22,0
515,54808.17,60,6.45,107205.44,544,46,0
516,5000.0,48,4.76,44902.22,660,67,0
517,61245.01,48,5.97,34021.8,577,51,0
518,5000.0,60,5.26,57817.89,626,24,0
519,92403.07,48,6.73,118987.26,525,43,0
520,31362.72,36,4.18,48744.12,700,29,0
521,5000.0,48,6.22,58612.65,560,49,1
522,61348.33,24,5.52,59696.01,608,44,0
523,33597.68,48,3.0,100112.84,781,40,0
524,10594.66,12,4.71,66919.28,664,35,0
525,5000.0,48,3.82,39254.56,725,51,0
526,27064.09,60,6.31,38160.17,554,62,0
527,5000.0,12,4.52,165437.67,677,69,0
528,5000.0,60,4.28,123453.31,693,51,0
529,15552.96,24,6.32,99576.99,553,64,0
530,49774.58,36,4.82,75038.82,656,29,0
531,37741.62,24,5.53,20000.0,607,39,1
532,5000.0,12,4.52,151888.1,677,30,0
533,172779.42,36,6.84,39735.97,517,37,0
534,109093.07,48,6.44,42799.33,545,29,0
535,15002.95,12,6.95,113889.63,510,69,1
536,6524.72,36,6.6,152107.95,534,39,0
537,142714.12,60,5.83,67980.5,587,42,1
538,30915.14,36,4.17,89633.35,701,21,0
539,18637.82,60,4.78,20000.0,659,18,0
540,33702.34,60,4.79,73057.46,658,70,0
541,74083.94,36,6.33,56859.07,552,41,0
542,9219.3,24,4.95,92877.12,647,79,0
543,72942.36,24,3.09,79799.14,775,42,0
544,69204.2,60,4.49,28367.72,679,26,1
545,38755.64,12,3.73,123793.12,731,45,0
546,100436.96,36,5.65,102631.84,599,46,1
547,7086.44,12,5.61,52017.53,602,47,0
548,45252.58,24,4.15,20000.0,702,43,0
549,29832.16,12,6.28,196628.41,556,22,0
550,27434.35,48,5.1,67857.06,637,21,1
551,14555.13,48,4.65,92635.46,668,62,0
552,23283.03,24,5.49,37730.23,610,74,1
553,5722.91,12,6.15,105687.4,565,40,0
554,14490.82,36,5.87,74246.2,584,18,1
555,15870.32,24,6.92,82562.44,512,63,1
556,63767.69,48,4.52,26484.11,677,32,0
557,5000.0,24,3.7,76488.33,733,50,0
558,52661.73,12,5.65,25773.49,599,37,0
559,12513.53,12,2.0,100751.68,850,37,0
560,5000.0,12,6.01,103738.15,574,32,0
561,17891.36,60,6.0,75058.77,575,65,0
562,12710.62,12,3.8,67482.71,726,51,0
563,40151.72,48,4.01,89197.18,712,49,1
564,22109.81,48,3.95,32397.95,716,45,0
565,169060.54,60,3.35,236959.68,757,50,0
566,165590.14,48,6.28,48176.98,556,27,0
567,29323.75,48,4.37,100228.71,687,52,0
568,79258.6,24,6.95,129521.31,510,63,0
569,5000.0,12,3.37,55495.25,756,48,1
570,39682.82,24,3.47,119222.04,749,57,0
571,67992.2,24,3.4,169115.96,754,38,0
572,12227.5,48,5.0,93185.96,644,51,0
573,5000.0,36,3.43,34979.92,752,39,0
574,8475.34,12,4.68,31195.81,666,20,0
575,29156.21,36,2.9,227615.61,788,41,0
576,35298.6,48,5.36,44326.55,619,61,0
577,23973.22,60,5.39,111111.36,617,24,0
578,28988.58,24,4.3,222144.83,692,69,0
579,31766.08,48,6.76,57008.23,523,36,1
580,73361.48,48,5.26,37900.2,626,53,0
581,5560.09,36,5.0,61307.64,644,67,0
582,73256.16,60,6.86,82719.52,516,72,0
583,58338.23,24,4.78,98594.49,659,69,0
584,67674.09,60,4.2,20000.0,699,33,0
585,66301.07,60,3.7,38075.36,733,62,0
586,31799.78,60,7.09,67221.23,500,36,0
587,11874.81,12,3.44,95561.17,751,30,0
588,38461.35,60,7.93,112011.24,442,36,0
589,158482.92,48,6.23,136853.46,559,63,0
590,44400.43,12,2.0,32814.96,850,37,0
591,5000.0,12,4.69,68905.88,665,33,1
592,5000.0,60,6.44,68320.87,545,69,0
593,247126.18,48,6.9,123628.94,513,42,0
594,5000.0,24,6.76,122507.72,523,54,0
595,5000.0,60,6.29,31405.21,555,30,0
596,21772.32,12,3.5,22905.14,747,39,0
597,174202.66,24,4.12,50731.69,704,41,0
598,19185.8,24,3.37,20714.2,756,36,0
599,26371.82,12,6.45,34974.83,544,43,0
600,50266.63,24,7.82,156645.93,450,31,1
601,5000.0,48,3.99,20000.0,713,43,0
602,114023.36,48,5.01,20000.0,643,62,0
603,36640.47,60,6.07,22691.19,570,19,0
604,31443.96,60,3.47,128736.5,749,43,0
605,98565.84,24,3.03,87738.37,779,37,0
606,152961.93,12,2.41,20000.0,822,36,0
607,27532.51,48,6.42,32636.66,546,74,0
608,9463.75,36,3.13,20000.0,772,66,1
609,84562.04,60,4.36,20000.0,688,37,0
610,25813.72,48,5.83,114250.95,587,24,0
611,137089.82,24,3.16,47519.6,770,67,0
612,149685.7,48,6.2,99675.19,561,51,0
613,6098.72,48,5.83,20000.0,587,27,0
614,156811.79,24,3.6,63895.54,740,31,0
615,22964.69,60,5.81,20000.0,588,46,0
616,51958.6,60,4.33,34481.9,690,71,0
617,5000.0,36,5.64,20000.0,600,39,0
618,109859.15,36,4.66,35237.11,667,51,1
619,51304.91,60,4.56,31606.77,674,36,0
620,51578.69,60,6.31,77519.43,554,52,0
621,116229.35,60,4.62,47250.84,670,20,1
622,35499.12,60,5.68,51120.59,597,54,0
623,26425.44,48,6.31,46105.91,554,48,0
624,100543.84,36,6.54,20000.0,538,32,0
625,67821.35,24,6.52,108064.02,539,18,0
626,148772.63,12,5.8,58565.94,589,69,0
627,140772.22,24,4.08,25221.0,707,18,0
628,24089.74,12,6.9,38612.9,513,63,1
629,29618.62,48,4.79,151947.73,658,32,0
630,14784.7,36,4.37,31363.13,687,50,0
631,54035.85,12,3.45,42796.65,750,54,1
632,22670.46,60,5.71,108807.03,595,69,0
633,77112.48,48,4.68,53697.44,666,28,0
634,6479.86,12,6.6,56087.4,534,44,1
635,6187.7,60,6.81,75057.88,519,30,1
636,11436.42,48,4.39,110216.31,686,29,0
637,5000.0,12,2.0,20000.0,850,46,1
638,48383.36,60,3.95,149856.08,716,57,0
639,7970.47,36,6.68,105931.11,528,80,0
640,8715.46,48,6.55,21209.43,537,41,0
641,5000.0,12,4.02,51867.3,711,43,0
642,76183.66,60,3.86,34819.34,722,44,0
643,83644.47,36,4.84,28932.61,655,47,1
644,8838.2,60,5.23,213477.66,628,48,0
645,67262.31,36,4.15,131902.33,702,27,0
646,28417.89,12,6.42,77554.07,546,18,0
647,13695.2,60,3.43,26011.89,752,40,1
648,48561.72,60,4.4,137945.43,685,74,0
649,9830.2,24,6.09,38601.84,569,46,0
650,70710.75,48,5.04,41956.69,641,43,0
651,5000.0,60,2.0,33357.2,850,44,0
652,159869.09,36,5.35,59360.79,620,34,0
653,5000.0,48,4.09,102902.27,706,43,0
654,43309.41,12,3.7,116655.75,733,45,0
655,116238.62,48,4.63,57214.1,669,45,1
656,5000.0,24,5.51,144772.29,609,46,1
657,34509.03,12,5.97,50464.49,577,46,0
658,21539.68,60,5.17,35404.2,632,44,0
659,43414.59,12,5.13,64521.54,635,62,1
660,12774.13,12,3.06,103170.9,777,73,0
661,5000.0,24,2.58,116931.72,810,19,0
662,49166.02,36,2.28,64975.83,831,36,1
663,26965.48,12,5.43,69159.36,614,18,0
664,48707.32,36,3.4,230267.61,754,52,0
665,11820.25,48,4.52,133581.61,677,63,0
666,20680.5,24,6.48,49057.66,542,46,0
667,41240.46,60,7.08,20000.0,501,46,0
668,44960.96,12,5.39,29190.49,617,36,0
669,23285.83,36,5.13,53225.12,635,47,0
670,16428.9,12,6.22,20163.57,560,43,0
671,15989.65,24,3.12,102194.89,773,61,0
672,9600.38,60,2.76,37113.65,798,75,1
673,19682.14,48,5.19,94334.56,631,68,0
674,11122.21,48,2.68,62929.77,803,78,0
675,50230.89,36,4.3,30668.93,692,54,0
676,42090.13,48,7.77,41890.69,453,50,0
677,24111.0,36,7.88,92744.27,446,44,0
678,19713.65,60,4.41,63842.1,684,50,0
679,13565.13,12,5.14,53702.22,634,50,0
680,38335.2,24,6.28,97716.36,556,64,0
681,125605.32,60,4.28,64312.36,693,42,0
682,57870.85,60,2.0,123454.1,850,29,1
683,68209.96,48,4.81,98824.83,657,44,0
684,89902.32,48,5.53,40791.54,607,31,0
685,21665.07,24,5.94,32539.33,579,41,0
686,5000.0,12,6.64,171549.59,531,19,0
687,48717.02,60,3.73,83093.95,731,45,0
688,10454.16,48,5.53,35752.58,607,31,0
689,42087.42,60,5.11,20000.0,636,56,0
690,67259.59,12,5.51,20000.0,609,39,0
691,76540.19,36,2.58,20000.0,810,18,0
692,17965.29,12,6.99,60327.55,507,38,0
693,35916.4,60,3.92,92552.83,718,43,0
694,48506.35,60,3.64,24347.15,737,49,1
695,85595.89,24,5.99,73070.64,576,52,0
696,71645.96,60,4.04,64566.17,710,32,1
697,221039.71,48,5.16,64704.72,633,33,0
698,5000.0,24,3.73,43641.51,731,44,0
699,28767.27,60,6.32,22217.23,553,49,0
700,14788.7,12,4.53,20790.85,676,52,0
701,6385.61,60,4.81,92675.16,657,59,0
702,121246.3,12,4.12,174104.85,704,19,0
703,309790.94,12,8.39,69126.62,411,59,0
704,9958.91,60,5.96,83365.5,578,57,1
705,5000.0,12,4.07,117729.53,708,57,0
706,16082.94,36,2.36,101466.78,825,41,0
707,90048.66,24,3.4,81947.11,754,48,0
708,17399.22,60,4.33,164850.53,690,52,0
709,5000.0,36,6.15,118715.55,565,42,0
710,5000.0,12,4.49,20000.0,679,59,0
711,27880.39,12,4.07,49752.78,708,27,0
712,134284.4,24,2.32,27762.63,828,55,0
713,16838.04,36,6.2,105539.97,561,52,0
714,27857.24,36,5.46,20000.0,612,67,0
715,5375.58,60,2.0,137609.64,850,74,0
716,34018.73,12,5.2,40884.99,630,42,0
717,59626.44,48,4.2,77872.01,699,68,0
718,15814.39,60,6.45,120576.39,544,49,0
719,17599.39,60,5.42,77694.94,615,49,0
720,92250.11,60,4.44,23711.28,682,50,0
721,5000.0,24,5.48,124023.68,611,24,1
722,50594.77,24,4.65,78729.78,668,62,0
723,25034.25,60,4.55,90832.22,675,24,0
724,17718.2,48,4.81,20000.0,657,52,0
725,53587.88,36,6.0,139061.23,575,18,1
726,89990.14,36,3.72,47322.33,732,41,0
727,40866.65,12,4.65,20000.0,668,44,0
728,5000.0,36,5.88,100999.46,583,54,0
729,30939.22,36,6.09,27258.49,569,66,0
730,31065.51,48,6.42,50454.02,546,43,0
731,39241.03,36,3.16,48105.82,770,26,0
732,55578.63,48,5.96,44788.61,578,38,0
733,5000.0,24,6.23,26078.95,559,48,0
734,34859.03,48,6.35,100108.18,551,47,0
735,44373.96,24,7.8,107470.69,451,18,0
736,21030.46,48,2.0,56921.42,850,37,0
737,55186.05,60,4.79,58369.55,658,37,0
738,12950.05,24,6.2,97766.14,561,41,1
739,19090.29,24,5.42,54917.49,615,54,0
740,164512.34,36,6.74,142600.27,524,33,0
741,21390.93,24,4.65,66062.09,668,61,0
742,21270.71,48,5.14,191808.59,634,56,1
743,45277.51,60,3.29,40044.0,761,18,0
744,176980.46,60,5.93,68955.7,580,38,0
745,203964.26,36,4.39,33470.76,686,48,0
746,43334.33,48,4.89,109613.18,651,67,0
747,5000.0,48,6.16,44144.69,564,27,0
748,115458.61,12,4.4,66381.08,685,19,0
749,42226.18,24,5.04,173818.38,641,48,0
750,22785.03,36,3.47,54743.64,749,29,0
751,88361.68,60,4.33,65762.88,690,43,0
752,25527.32,12,5.61,80147.13,602,34,0
753,5000.0,48,3.63,23058.69,738,58,0
754,86038.65,24,4.5,83483.65,678,56,0
755,39467.42,60,5.68,85097.74,597,35,0
756,20635.33,12,3.54,66319.52,744,67,0
757,14443.63,48,3.66,110199.74,736,45,0
758,45045.17,60,6.23,24232.72,559,49,1
759,11662.82,60,5.97,38802.2,577,35,1
760,19567.08,48,4.73,29867.88,662,33,0
761,50602.97,48,5.43,62412.82,614,67,1
762,106660.87,36,5.39,82190.13,617,46,0
763,38059.56,60,6.07,30872.44,570,48,1
764,71170.0,48,4.66,152513.71,667,37,0
765,71997.54,12,4.59,38283.6,672,49,0
766,54584.91,24,7.0,95785.24,506,45,0
767,14107.43,36,5.48,22841.58,611,44,0
768,100790.9,48,5.74,71625.79,593,69,0
769,28659.49,24,4.52,164687.76,677,47,0
770,5000.0,36,4.08,77759.17,707,28,0
771,14026.23,60,3.86,73933.33,722,52,0
772,72525.3,24,5.46,128704.3,612,39,0
773,5000.0,36,4.14,84107.29,703,29,0
774,7971.15,48,7.11,52401.44,499,34,1
775,59245.58,48,2.97,84535.0,783,61,1
776,111560.12,36,5.93,36159.23,580,29,0
777,50219.5,60,6.87,20000.0,515,30,0
778,12570.15,36,5.91,53411.82,581,45,0
779,5000.0,12,2.81,45477.26,794,40,0
780,47742.04,36,3.99,177621.75,713,30,0
781,5000.0,36,2.31,90305.37,829,58,1
782,47430.63,48,4.47,123378.01,680,38,0
783,12782.04,60,2.95,46258.66,785,25,0
784,117513.23,36,5.43,158064.14,614,49,1
785,32226.68,24,6.81,75217.84,519,57,0
786,12676.17,48,4.39,74508.87,686,52,0
787,95915.59,48,4.81,48526.97,657,54,0
788,14653.86,36,4.18,122958.27,700,54,0
789,18307.35,24,3.7,49470.58,733,40,0
790,89872.15,36,4.33,34146.33,690,38,0
791,18465.73,24,5.05,45274.62,640,34,0
792,26395.52,48,4.98,82939.16,645,44,0
793,21359.9,24,4.21,38026.78,698,20,0
794,6187.56,36,7.05,158370.95,503,27,0
795,5000.0,12,5.94,222138.4,579,64,0
796,64465.76,12,2.0,231448.42,850,58,0
797,51801.19,24,5.61,37099.71,602,47,0
798,16589.78,36,3.93,28143.45,717,67,0
799,17520.38,60,5.49,34202.1,610,50,1
800,145026.36,12,5.21,20000.0,629,45,0
801,219790.57,48,8.08,68361.19,432,24,0
802,32069.02,36,4.01,57230.35,712,40,0
803,81088.62,36,5.69,120551.95,596,59,0
804,66720.38,12,7.88,43825.98,446,53,1
805,17642.52,60,6.96,109581.95,509,74,1
806,5000.0,48,4.76,20000.0,660,45,0
807,7689.99,60,5.91,124682.17,581,18,0
808,91098.81,48,6.1,32699.92,568,50,0
809,65691.95,12,5.55,25066.61,606,18,0
810,54582.06,36,9.48,47008.16,336,37,0
811,7000.41,48,7.27,142107.57,488,58,0
812,51072.94,36,3.98,64440.62,714,70,0
813,73953.9,24,4.17,78477.23,701,29,0
814,98521.02,24,4.11,155409.01,705,50,1
815,5000.0,12,4.04,58040.34,710,68,0
816,57675.88,12,4.28,135618.7,693,46,0
817,5000.0,12,2.83,37884.52,793,35,0
818,61357.44,24,4.04,107381.06,710,72,0
819,50478.09,48,4.87,20000.0,653,59,1
820,8028.86,60,2.67,48115.46,804,46,1
821,72647.73,12,4.14,72082.49,703,22,0
822,5000.0,60,4.08,51271.37,707,39,1
823,87549.72,60,5.65,20000.0,599,34,1
824,15185.78,24,4.87,76665.3,653,19,0
825,58374.31,48,6.58,96247.45,535,65,0
826,128647.13,24,7.12,80903.87,498,53,0
827,20762.67,12,7.41,111926.55,478,34,0
828,34947.61,24,5.24,28780.21,627,36,0
829,31098.85,24,2.93,20000.0,786,38,1
830,8575.69,24,4.28,235076.88,693,30,0
831,44617.97,12,3.66,33193.06,736,80,0
832,67934.33,12,6.17,49889.1,563,34,0
833,124370.39,24,4.47,211200.49,680,40,1
834,95124.25,24,2.0,74421.27,850,34,0
835,35669.47,60,3.76,129663.63,729,18,0
836,63473.08,48,5.46,28824.55,612,26,0
837,80668.13,60,7.38,20000.0,480,60,0
838,34010.43,48,6.83,25712.94,518,40,0
839,6132.54,48,3.96,110937.06,715,51,0
840,28806.51,24,4.59,56476.97,672,51,0
841,92409.52,60,2.31,235381.25,829,51,1
842,45396.46,48,4.82,108855.64,656,34,0
843,64450.83,48,7.08,29313.18,501,70,0
844,10244.8,12,5.24,48617.24,627,58,0
845,166683.15,48,4.85,25272.26,654,52,0
846,25882.49,24,5.48,113775.64,611,48,0
847,53013.18,36,4.92,112693.94,649,24,0
848,5000.0,12,4.37,136355.84,687,57,0
849,6809.27,36,7.86,55671.27,447,43,0
850,76170.87,24,5.9,29828.68,582,32,0
851,172053.25,36,3.08,109415.41,776,29,0
852,19287.19,48,2.57,28315.81,811,59,1
853,5000.0,36,6.77,36285.99,522,24,0
854,22382.1,60,6.77,78860.26,522,39,0
855,5000.0,24,3.8,100320.57,726,47,0
856,10682.75,60,2.0,128645.55,850,42,0
857,69811.58,36,4.6,179442.33,671,51,0
858,138301.23,60,4.76,205876.75,660,62,0
859,5000.0,12,5.94,149587.36,579,54,0
860,40811.05,36,3.44,97201.98,751,45,0
861,14643.5,60,5.36,20000.0,619,38,0
862,7486.47,48,2.64,106457.66,806,23,0
863,12357.74,36,4.39,35874.42,686,44,0
864,43109.43,12,4.55,86662.61,675,39,0
865,5000.0,48,6.12,29756.07,567,52,0
866,28477.37,36,6.06,102130.69,571,42,0
867,7264.46,48,5.81,85538.13,588,60,0
868,15919.23,36,5.05,146222.76,640,38,0
869,10582.64,36,3.31,90470.14,760,36,0
870,107268.6,24,3.72,106283.14,732,51,1
871,61552.01,60,5.59,129458.17,603,46,1
872,101423.19,36,7.96,39212.32,440,50,1
873,24181.83,12,5.97,102199.65,577,43,0
874,18801.14,60,4.69,55660.0,665,45,0
875,23949.17,24,4.57,84222.85,673,40,0
876,5000.0,60,2.25,119768.35,833,46,0
877,64495.47,60,2.83,20000.0,793,63,0
878,21521.65,36,3.76,38084.07,729,37,1
879,18794.62,12,5.85,35616.83,585,35,0
880,45582.71,36,4.5,58629.52,678,49,0
881,28657.21,12,4.17,40955.01,701,42,0
882,197755.32,12,3.0,122354.48,781,66,0
883,22022.48,48,6.35,27760.2,551,55,0
884,47582.41,36,3.61,20000.0,739,57,0
885,18672.97,24,4.05,97458.69,709,59,0
886,233325.59,60,5.65,187480.0,599,35,0
887,29449.36,48,3.02,206057.78,780,46,0
888,50273.7,24,7.67,67547.84,460,55,0
889,6775.05,36,2.0,55130.92,850,45,0
890,66029.87,12,3.0,32570.08,781,31,0
891,15681.46,36,5.2,22935.38,630,58,0
892,29765.94,36,5.53,22350.84,607,42,0
893,107335.96,48,4.97,20097.54,646,49,0
894,176257.34,24,6.01,66983.0,574,53,0
895,27632.07,48,5.24,61295.34,627,67,0
896,90030.73,24,3.72,157252.74,732,48,1
897,5000.0,48,5.94,49488.21,579,18,1
898,94053.81,60,3.54,184295.24,744,47,0
899,49646.48,12,5.27,151850.54,625,49,0
900,33540.54,12,3.32,33912.78,759,19,0
901,110347.25,12,2.93,77912.94,786,67,0
902,93325.41,60,6.36,62908.95,550,18,0
903,17616.01,60,7.98,129693.99,439,53,1
904,78388.03,12,4.68,20000.0,666,22,0
905,5239.75,12,4.55,20000.0,675,61,1
906,86513.64,24,6.7,53639.67,527,53,0
907,56266.65,24,2.49,101181.04,816,67,1
908,5000.0,36,5.45,20000.0,613,52,0
909,57455.32,48,3.99,213068.17,713,50,1
910,43436.89,24,5.99,51030.42,576,40,0
911,45137.9,24,7.09,20000.0,500,18,0
912,17185.39,24,3.22,25951.19,766,77,0
913,15496.19,24,6.26,95646.39,557,37,0
914,71886.78,60,3.77,40003.73,728,50,0
915,14840.41,36,6.12,99714.82,567,32,0
916,29553.2,24,5.23,66738.26,628,28,0
917,59337.6,48,5.14,240760.73,634,45,0
918,5000.0,24,4.95,34235.87,647,51,0
919,45137.69,60,5.85,122175.77,585,71,0
920,44503.91,12,3.88,85039.46,721,60,0
921,57636.85,12,3.54,20000.0,744,49,0
922,23096.07,36,3.13,37285.57,772,44,0
923,29799.19,12,5.56,63427.09,605,50,0
924,20021.59,24,6.54,108371.8,538,41,0
925,82556.83,60,4.6,201371.26,671,48,0
926,6998.22,36,4.37,65423.65,687,33,1
927,164779.68,24,4.37,20000.0,687,36,0
928,50370.46,12,2.68,20000.0,803,44,0
929,108977.12,48,4.75,39931.87,661,49,0
930,27776.46,24,2.0,127526.17,850,43,0
931,20194.25,48,3.64,71043.45,737,47,0
932,115493.48,48,3.59,47059.87,741,31,0
933,5205.46,36,4.79,132047.48,658,26,0
934,6227.58,60,5.37,128335.85,618,44,0
935,17787.11,12,5.81,58394.94,588,19,0
936,160663.31,12,4.65,72872.3,668,57,0
937,50129.02,24,3.64,37566.18,737,24,0
938,40393.54,12,5.2,191220.95,630,39,0
939,61099.43,36,5.46,191741.83,612,52,0
940,27019.12,12,6.42,60656.62,546,58,0
941,70956.07,24,4.17,44169.15,701,54,0
942,24980.33,12,6.47,90286.42,543,52,1
943,87539.47,60,4.34,94450.81,689,80,0
944,15550.61,48,4.5,95228.41,678,29,0
945,16255.12,48,5.11,42911.95,636,49,0
946,36947.34,48,3.16,126572.13,770,54,0
947,28172.76,60,2.6,40760.39,809,50,0
948,52222.66,36,7.98,57818.8,439,38,0
949,22650.7,24,7.08,32226.81,501,53,0
950,13104.01,60,4.07,213380.94,708,52,0
951,31725.86,24,2.45,29930.3,819,63,0
952,41157.84,36,6.9,35379.92,513,52,1
953,7692.54,60,4.3,146914.97,692,18,0
954,40677.53,12,7.45,177757.01,475,56,1
955,19228.5,36,7.61,86641.68,464,38,0
956,24916.2,48,2.0,20000.0,850,42,1
957,16377.87,60,4.36,71796.7,688,27,0
958,133980.67,36,7.15,20000.0,496,47,0
959,57495.74,36,5.23,117211.73,628,74,0
960,15221.77,60,6.06,49315.51,571,61,0
961,51786.29,48,5.53,31424.69,607,27,0
962,94382.39,48,5.37,83682.78,618,42,0
963,25677.32,36,4.6,189602.26,671,60,1
964,88585.35,24,4.27,149382.32,694,42,0
965,8386.33,36,5.91,30833.44,581,18,1
966,86518.55,60,5.99,59185.63,576,36,0
967,38858.43,60,4.33,20000.0,690,65,0
968,12614.1,60,5.87,164959.79,584,67,1
969,26139.97,48,5.87,47828.89,584,42,0
970,221113.24,12,4.76,20000.0,660,40,0
971,76521.18,60,4.87,96060.09,653,18,1
972,42793.47,60,5.56,126740.59,605,43,0
973,6117.64,24,3.38,42131.63,755,36,0
974,27048.06,24,4.2,36056.94,699,18,0
975,15261.86,36,2.0,47230.27,850,30,0
976,5000.0,36,5.27,70207.07,625,25,0
977,39066.62,36,3.89,75150.64,720,45,0
978,109994.97,60,2.8,68473.4,795,68,0
979,56288.88,24,6.22,153249.78,560,42,0
980,14362.8,36,5.43,41252.35,614,48,0
981,42617.07,24,3.13,34471.85,772,80,0
982,143441.14,60,3.93,33499.94,717,18,0
983,64171.56,60,4.95,149804.55,647,47,0
984,58474.37,36,6.93,196307.62,511,62,1
985,172348.72,60,6.8,75329.98,520,49,0
986,80191.01,60,5.58,130971.57,604,20,0
987,7345.22,24,6.09,89784.24,569,73,0
988,21357.56,12,6.04,215499.19,572,57,0
989,167821.77,48,7.59,75477.99,466,49,0
990,33638.35,36,6.89,41485.7,514,24,1
991,5918.77,12,6.2,36241.66,561,79,0
992,30680.3,36,4.75,116086.44,661,53,0
993,59700.01,12,5.42,90722.19,615,51,0
994,300547.08,60,4.84,178611.9,655,53,0
995,19571.11,36,4.89,104583.74,651,59,0
996,36086.27,12,7.4,98369.99,479,46,0
997,105880.31,48,3.37,20000.0,756,43,0
998,21945.97,60,3.85,81305.32,723,18,0
999,5785.22,36,4.85,172758.5,654,33,0
1000,148733.65,36,5.68,66157.24,597,74,0
1001,33514.6,12,2.93,24737.12,786,32,0
1002,34936.51,36,6.39,30553.69,548,40,0
1003,48537.36,60,3.5,71862.35,747,27,0
1004,5000.0,24,6.17,163512.59,563,52,1
1005,133777.58,12,3.0,45539.47,781,41,0
1006,22427.85,48,4.24,20000.0,696,40,1
1007,25286.25,36,3.61,73652.84,739,32,0
1008,9564.64,60,4.6,77604.85,671,51,0
1009,23752.95,36,4.27,58919.84,694,67,0
1010,81467.63,48,4.87,103933.19,653,19,0
1011,80469.81,60,6.39,20000.0,548,40,0
1012,137285.14,48,3.32,65001.09,759,42,0
1013,25811.13,60,5.3,46797.28,623,33,0
1014,61673.77,24,4.78,20000.0,659,62,0
1015,35386.4,60,7.22,106346.94,491,62,0
1016,81487.84,48,5.17,86664.47,632,48,0
1017,62333.93,12,4.34,37064.16,689,34,0
1018,22935.61,24,2.41,100417.36,822,62,0
1019,20524.42,36,5.01,38081.7,643,40,0
1020,14547.2,24,5.42,43144.27,615,59,1
1021,42961.95,24,5.87,67105.86,584,80,0
1022,165994.03,36,5.84,162643.31,586,45,0
1023,11161.35,60,2.32,47469.66,828,47,0
1024,5004.97,24,6.47,198828.17,543,34,0
1025,6357.63,24,5.52,113188.72,608,60,0
1026,76415.64,12,2.84,64120.86,792,48,0
1027,21547.21,12,3.24,183110.31,765,26,0
1028,12703.78,48,2.0,112803.22,850,34,0
1029,21758.4,36,3.35,95038.07,757,74,0
1030,51828.49,60,4.56,34718.66,674,41,0
1031,39569.67,60,4.02,36505.94,711,28,0
1032,68048.76,48,6.39,37567.9,548,47,0
1033,20705.68,60,5.07,61725.23,639,37,1
1034,30076.61,60,6.32,247309.53,553,42,0
1035,5377.5,12,2.84,67289.6,792,53,0
1036,5000.0,60,7.05,107241.73,503,50,0
1037,31018.56,60,5.27,86570.09,625,45,0
1038,17947.92,48,6.44,72971.48,545,35,0
1039,47440.77,48,3.45,136863.94,750,18,0
1040,5000.0,24,4.68,41869.87,666,73,0
1041,6492.13,60,4.95,185286.1,647,72,0
1042,100194.75,60,6.64,38985.05,531,45,0
1043,41771.45,60,2.84,99614.11,792,57,0
1044,62249.21,12,6.26,20000.0,557,44,0
1045,92249.19,60,5.51,50504.29,609,33,0
1046,31165.61,12,4.92,235375.06,649,46,0
1047,71577.22,24,4.14,20000.0,703,47,0
1048,37178.42,36,5.33,20834.44,621,67,0
1049,12599.58,60,2.83,74051.16,793,46,1
1050,20598.52,48,4.84,109112.5,655,70,0
1051,33701.6,48,2.49,25123.82,816,42,1
1052,19054.64,60,6.25,78380.1,558,36,1
1053,20438.1,12,4.15,25893.5,702,67,0
1054,20578.65,48,5.99,98741.63,576,65,1
1055,6553.29,48,5.14,182476.36,634,46,0
1056,5000.0,24,6.86,89533.67,516,50,0
1057,5000.0,24,2.92,54738.67,787,49,1
1058,5880.44,24,2.92,69365.59,787,48,0
1059,21057.4,48,3.13,96850.36,772,39,0
1060,45054.32,48,3.51,143114.73,746,80,0
1061,10421.8,60,2.0,73957.29,850,39,0
1062,109466.77,60,4.6,191255.11,671,53,0
1063,82612.69,12,2.47,23020.57,818,47,0
1064,36753.4,48,4.92,231569.98,649,18,0
1065,64405.75,60,4.02,54033.65,711,46,1
1066,22811.23,60,3.72,79511.72,732,40,0
1067,5000.0,24,7.56,80286.83,468,36,0
1068,117344.01,24,5.08,38231.51,638,29,0
1069,6836.45,24,5.24,105389.91,627,72,1
1070,147765.37,36,4.95,139990.98,647,28,0
1071,42417.89,60,5.96,188137.33,578,42,0
1072,18232.7,24,4.68,74264.07,666,37,0
1073,34211.81,24,4.4,52188.58,685,29,0
1074,34820.61,48,6.38,66910.49,549,56,1
1075,5000.0,24,4.87,68000.0,653,51,0
1076,21960.91,48,5.27,113463.62,625,37,0
1077,67327.88,12,3.16,117435.43,770,31,0
1078,35674.55,24,4.08,212625.92,707,52,0
1079,14000.92,48,6.03,49901.93,573,51,0
1080,20406.67,24,3.5,95033.69,747,42,0
1081,99408.57,12,5.0,64402.76,644,66,0
1082,37279.92,24,4.82,61586.04,656,68,0
1083,37576.13,48,6.26,66522.54,557,37,0
1084,162812.61,12,4.62,113126.36,670,76,0
1085,19347.97,12,3.54,41551.41,744,40,1
1086,32652.22,12,5.27,96210.9,625,41,0
1087,83489.55,36,2.61,99545.69,808,55,0
1088,71129.71,48,3.6,55322.46,740,50,0
1089,15448.65,36,6.13,43737.65,566,45,1
1090,8190.17,12,4.53,144523.83,676,18,0
1091,60316.21,36,6.92,20000.0,512,21,0
1092,14897.14,24,6.32,25438.36,553,25,0
1093,127987.43,36,7.45,41096.27,475,45,0
1094,6919.89,60,7.25,70491.38,489,37,0
1095,19159.39,12,5.35,70019.2,620,39,0
1096,5000.0,12,5.19,41171.56,631,40,1
1097,60752.58,48,4.59,107792.15,672,59,1
1098,110941.0,24,6.22,102299.68,560,56,0
1099,50512.84,48,3.7,38144.31,733,38,0
1100,138832.26,36,5.23,92761.97,628,40,1
1101,6877.2,60,4.46,30688.08,681,32,0
1102,5000.0,60,9.61,37099.22,327,39,0
1103,91135.5,60,4.91,113563.67,650,64,0
1104,96727.66,60,3.77,54610.19,728,58,0
1105,88904.52,24,8.23,46950.19,422,50,0
1106,80213.79,36,4.87,29750.92,653,28,0
1107,22488.75,60,6.06,20000.0,571,44,0
1108,12260.65,12,2.67,115023.96,804,39,0
1109,132115.95,36,6.79,108107.75,521,42,0
1110,18336.28,24,2.0,57927.73,850,56,1
1111,25408.76,60,3.03,104746.31,779,61,0
1112,60125.19,24,4.75,157617.31,661,80,0
1113,17361.42,60,7.0,83324.53,506,31,0
1114,85498.9,12,5.58,88188.17,604,63,1
1115,5000.0,36,3.92,55169.28,718,42,0
1116,78314.77,12,4.75,35650.13,661,34,0
1117,46046.49,60,6.51,22979.95,540,77,0
1118,42547.82,48,3.31,20000.0,760,71,0
1119,30659.26,36,5.05,52603.14,640,40,0
1120,16220.46,24,4.5,159573.4,678,34,0
1121,31187.61,60,3.47,20000.0,749,18,0
1122,29894.44,12,3.63,92661.39,738,63,0
1123,43823.97,48,3.34,99102.97,758,18,0
1124,16534.65,60,3.91,57420.26,719,42,1
1125,5000.0,24,5.88,116744.65,583,31,0
1126,7837.92,12,4.98,171835.47,645,65,0
1127,60061.73,36,2.96,171375.66,784,72,0
1128,5000.0,48,6.87,133513.72,515,19,0
1129,97051.17,60,6.55,24810.14,537,46,0
1130,59273.47,60,4.12,100991.84,704,49,0
1131,73069.55,60,5.05,69072.31,640,40,0
1132,90389.7,60,7.35,35645.89,482,35,0
1133,6545.91,12,3.91,93617.46,719,68,0
1134,86425.46,36,4.25,58843.2,695,37,0
1135,35123.77,24,2.0,24568.81,850,74,0
1136,108369.43,48,4.63,112361.19,669,35,0
1137,108835.79,60,2.0,62821.65,850,56,0
1138,5000.0,60,3.48,97395.13,748,57,0
1139,24133.39,36,7.66,48485.86,461,35,0
1140,37369.48,36,4.87,141653.95,653,18,0
1141,56716.13,12,5.01,23856.56,643,32,0
1142,16856.66,12,5.04,51226.34,641,27,0
1143,14527.13,12,6.17,76512.04,563,57,0
1144,24003.97,48,3.75,20000.0,730,39,0
1145,34751.32,12,5.42,121200.17,615,65,0
1146,150946.19,60,3.21,64671.45,767,53,0
1147,71797.02,12,3.43,20000.0,752,42,0
1148,28046.43,48,5.26,77254.61,626,46,0
1149,5000.0,12,5.8,29542.51,589,25,0
1150,9227.44,12,5.72,20000.0,594,42,1
1151,30433.36,60,4.88,96086.36,652,47,0
1152,84053.65,60,4.44,154659.0,682,39,1
1153,23957.91,60,5.56,170897.06,605,36,1
1154,38663.3,12,5.52,20000.0,608,60,0
1155,111190.95,60,4.5,61325.62,678,30,0
1156,122552.09,36,3.41,169247.97,753,53,0
1157,12152.97,24,4.56,258485.71,674,61,0
1158,5000.0,24,4.95,20000.0,647,52,0
1159,18221.71,60,4.57,81400.39,673,26,0
1160,59503.88,48,7.53,136805.01,470,46,0
1161,150911.37,60,5.26,34744.23,626,58,0
1162,5000.0,60,6.74,138076.83,524,40,0
1163,5000.0,12,5.71,169306.52,595,32,0
1164,107771.75,48,6.25,20000.0,558,31,0
1165,68945.14,60,6.26,58904.5,557,49,0
1166,242993.96,36,6.35,120226.13,551,40,0
1167,25274.73,24,2.0,43728.48,850,35,0
1168,26897.07,36,5.0,164543.3,644,18,0
1169,9455.94,36,3.16,39107.74,770,72,0
1170,6156.27,36,3.8,82297.79,726,40,0
1171,43222.64,48,3.92,100062.46,718,57,0
1172,22650.25,48,4.12,34626.49,704,65,0
1173,5000.0,48,2.0,83661.9,850,80,0
1174,109012.65,24,4.3,34798.7,692,55,0
1175,11054.56,12,7.51,56648.26,471,50,0
1176,69032.39,60,5.17,20000.0,632,21,0
1177,16580.21,60,6.44,68042.73,545,18,0
1178,83806.89,12,6.96,61266.59,509,18,0
1179,6300.66,60,4.28,119066.59,693,42,0
1180,70544.03,36,7.93,84308.61,442,30,0
1181,5163.63,24,4.76,56271.25,660,37,0
1182,29612.25,60,7.31,70570.9,485,66,0
1183,66213.77,24,5.17,29523.24,632,52,0
1184,9510.73,12,3.79,132979.06,727,44,0
1185,16820.16,60,5.87,33878.28,584,47,0
1186,100037.8,24,6.64,54711.48,531,34,0
1187,108193.06,36,5.42,186085.95,615,37,1
1188,5000.0,36,4.02,65062.87,711,24,0
1189,9201.59,12,4.47,52487.86,680,56,0
1190,6248.23,48,5.03,69748.14,642,71,0
1191,9903.84,60,6.13,144805.23,566,65,0
1192,175641.75,36,5.51,50511.02,609,45,0
1193,40109.64,36,3.92,50407.36,718,59,0
1194,31566.15,12,5.11,26739.86,636,53,0
1195,208240.63,36,4.56,92913.42,674,47,0
1196,40704.32,60,5.45,142968.44,613,50,1
1197,54105.16,12,6.57,45718.76,536,25,0
1198,20231.06,24,2.0,108905.63,850,37,0
1199,24072.64,12,3.77,71893.42,728,34,0
1200,45120.55,60,4.52,102475.92,677,22,1
1201,5000.0,60,5.16,20481.48,633,53,0
1202,14777.84,24,2.84,50835.03,792,55,1
1203,10958.31,12,6.07,106331.33,570,18,0
1204,5000.0,60,3.95,24899.96,716,44,0
1205,38490.75,60,4.87,20000.0,653,39,0
1206,41168.81,24,5.3,20000.0,623,35,0
1207,24220.48,48,5.32,27919.05,622,20,0
1208,15648.45,12,3.02,45336.36,780,45,0
1209,52786.24,60,7.64,110672.89,462,45,0
1210,7231.59,36,2.49,25404.76,816,39,0
1211,36554.4,24,3.43,92241.64,752,57,0
1212,73066.84,48,4.87,57742.64,653,56,0
1213,8974.16,48,5.26,26102.76,626,18,1
1214,69970.91,24,4.94,83194.29,648,56,0
1215,71521.62,48,4.21,63532.38,698,30,0
1216,5000.0,60,3.12,59662.15,773,40,0
1217,5000.0,48,4.21,20000.0,698,69,0
1218,182358.87,12,4.52,149610.92,677,44,0
1219,10745.29,36,4.88,156075.84,652,60,0
1220,86337.71,60,7.6,127743.74,465,41,1
1221,41259.77,24,7.34,45708.59,483,59,0
1222,15358.34,36,3.31,39201.57,760,44,0
1223,6961.4,60,4.23,144275.21,697,40,0
1224,34326.19,36,3.72,45946.12,732,46,0
1225,26157.97,48,3.75,25418.18,730,28,0
1226,60013.33,24,4.02,154012.19,711,37,0
1227,117258.22,24,3.66,138884.83,736,54,0
1228,81801.44,12,6.16,67185.02,564,57,0
1229,16041.41,48,4.09,104866.5,706,31,0
1230,105570.65,12,4.25,72512.31,695,70,0
1231,89605.37,12,2.99,29648.62,782,72,0
1232,132349.8,48,10.0,46647.06,300,31,0
1233,30685.46,60,2.0,33713.61,850,38,0
1234,73175.01,12,3.69,112893.16,734,44,0
1235,44782.52,36,4.55,32930.2,675,63,0
1236,18589.63,60,6.31,107464.73,554,53,0
1237,259527.01,48,5.35,78749.38,620,40,0
1238,5000.0,24,4.41,54931.85,684,26,0
1239,8853.12,60,2.48,32485.52,817,18,0
1240,111532.93,12,2.7,81853.19,802,49,0
1241,5000.0,36,4.02,125411.32,711,72,1
1242,108939.09,48,3.85,20000.0,723,45,0
1243,62802.18,24,4.63,32083.76,669,51,0
1244,5000.0,36,6.39,154406.44,548,48,0
1245,28046.34,24,6.06,65334.06,571,20,0
1246,70217.11,48,3.51,116736.32,746,68,0
1247,43745.48,60,3.89,161982.54,720,33,0
1248,137343.16,12,5.81,54563.39,588,33,0
1249,101113.01,48,6.01,24155.54,574,51,0
1250,20221.85,36,3.98,20000.0,714,34,0
1251,5000.0,60,5.36,141932.41,619,25,1
1252,144350.21,24,6.07,85348.61,570,59,0
1253,36416.63,60,4.41,43099.08,684,46,0
1254,5000.0,60,3.93,89450.83,717,59,0
1255,84797.64,36,6.52,44545.21,539,39,1
1256,101439.88,12,5.4,118006.75,616,38,1
1257,51002.72,60,3.85,63787.86,723,48,1
1258,29665.9,60,2.63,29149.72,807,50,0
1259,54261.07,12,4.49,102629.43,679,35,0
1260,61325.19,12,5.65,21332.97,599,33,0
1261,111760.32,24,6.12,29095.85,567,58,0
1262,156021.35,24,4.92,140406.65,649,50,0
1263,36110.36,12,4.97,140699.58,646,49,0
1264,80096.94,48,8.05,137157.93,434,18,0
1265,166924.59,12,7.38,30996.09,480,48,1
1266,8199.14,24,8.24,20000.0,421,50,0
1267,5000.0,36,4.89,84936.6,651,40,0
1268,101614.07,36,3.38,34539.6,755,53,0
1269,10862.63,60,3.59,85147.01,741,34,0
1270,5000.0,36,6.77,51454.82,522,50,0
1271,8723.39,24,6.25,86870.75,558,22,0
1272,24234.74,36,6.81,134718.33,519,58,0
1273,12376.02,48,4.79,67628.52,658,33,0
1274,18210.42,12,3.57,125257.21,742,51,0
1275,185035.56,12,3.27,98444.39,763,63,0
1276,60938.34,24,5.9,53469.24,582,59,1
1277,62273.04,60,4.75,27522.3,661,51,0
1278,5000.0,12,6.0,185022.33,575,57,0
1279,65856.77,36,4.88,114734.49,652,67,1
1280,67227.75,48,5.84,89365.32,586,46,0
1281,53903.0,60,5.72,31571.56,594,59,0
1282,12966.8,60,6.84,50698.94,517,27,0
1283,27498.79,60,9.29,161301.18,349,34,0
1284,93629.97,12,5.48,66393.42,611,67,0
1285,55463.69,60,4.43,87981.47,683,41,0
1286,65982.06,24,4.62,155161.67,670,37,0
1287,44260.73,36,7.09,66238.14,500,40,1
1288,29854.28,48,8.2,41790.73,424,34,0
1289,71158.71,36,5.03,20000.0,642,42,0
1290,5000.0,24,6.6,80634.13,534,29,1
1291,55914.34,24,5.58,81357.86,604,36,0
1292,293987.36,36,6.61,226664.91,533,46,1
1293,75750.03,12,7.18,105938.99,494,68,0
1294,17164.22,24,3.21,40626.29,767,44,0
1295,16274.01,60,4.25,37084.94,695,19,0
1296,55013.47,48,4.95,43390.95,647,60,0
1297,113098.2,48,3.63,66422.89,738,57,0
1298,43131.54,24,4.89,42114.98,651,33,0
1299,37475.54,60,5.46,56483.53,612,56,0
1300,8740.54,36,2.51,20000.0,815,43,0
1301,62843.54,48,2.41,195612.5,822,66,0
1302,60583.22,60,6.38,105004.76,549,80,1
1303,170488.79,60,4.52,66583.72,677,50,0
1304,17847.48,12,4.71,23563.48,664,56,0
1305,70620.72,24,3.66,23587.05,736,69,0
1306,28463.83,60,6.45,26198.68,544,59,0
1307,40875.78,36,3.06,210211.62,777,51,0
1308,84764.46,48,6.26,83175.59,557,43,0
1309,12551.12,12,5.11,82524.71,636,27,0
1310,20993.57,36,6.57,57167.46,536,40,0
1311,74208.3,48,5.69,107149.39,596,41,0
1312,42251.78,24,6.42,71062.28,546,45,0
1313,5000.0,36,6.31,125874.03,554,18,1
1314,28122.25,48,3.79,20000.0,727,39,0
1315,44171.01,12,4.98,46179.19,645,41,0
1316,120129.84,48,2.01,92971.12,849,24,0
1317,10442.81,60,5.23,49188.84,628,51,0
1318,81982.74,12,6.06,20000.0,571,58,0
1319,6999.01,36,5.68,105720.6,597,44,1
1320,13869.14,24,5.14,185432.7,634,26,0
1321,13942.32,12,4.46,30738.05,681,43,0
1322,104973.72,12,5.51,34542.1,609,56,0
1323,11095.82,12,6.79,63015.21,521,55,0
1324,77313.94,48,3.56,165773.33,743,44,0
1325,30976.86,60,3.15,32770.84,771,51,0
1326,350145.5,24,5.53,35659.71,607,35,0
1327,91345.97,24,2.76,38114.31,798,56,1
1328,67296.63,60,5.65,116395.24,599,38,1
1329,102291.17,48,3.4,126207.21,754,33,0
1330,50260.25,48,6.29,20000.0,555,59,0
1331,92783.63,60,2.0,47166.35,850,47,0
1332,15131.45,60,7.47,257491.21,474,46,0
1333,5140.59,36,6.52,61985.73,539,53,0
1334,47846.78,48,2.0,27204.69,850,43,0
1335,28519.09,12,7.41,182891.03,478,31,0
1336,27794.71,24,5.27,40733.76,625,41,0
1337,37406.35,48,5.68,20000.0,597,22,1
1338,22422.49,60,4.87,112825.07,653,62,0
1339,49182.93,12,4.55,20000.0,675,28,1
1340,5000.0,36,5.26,76555.05,626,74,0
1341,175147.13,36,3.83,70034.03,724,33,0
1342,129319.73,12,2.86,44687.45,791,54,0
1343,136876.65,12,5.77,20000.0,591,73,0
1344,22706.79,60,7.51,104846.46,471,48,1
1345,37952.7,60,5.9,101912.38,582,40,0
1346,154097.86,24,4.49,22566.3,679,45,0
1347,116316.26,24,4.68,185393.38,666,32,0
1348,78090.63,36,3.63,61565.61,738,18,0
1349,26156.01,12,2.2,55983.82,836,53,0
1350,41544.57,36,4.6,45675.03,671,18,1
1351,78730.69,60,5.51,38915.55,609,24,0
1352,15942.27,48,5.97,116064.13,577,45,1
1353,49235.09,60,5.19,46284.26,631,35,0
1354,87993.95,48,3.67,102450.65,735,52,0
1355,61456.8,12,5.8,62733.44,589,68,0
1356,32646.41,12,4.05,104473.04,709,41,0
1357,43926.67,12,6.49,121395.37,541,35,1
1358,224039.53,24,4.94,67827.25,648,71,0
1359,46063.63,24,7.16,60432.71,495,55,0
1360,76999.73,48,5.74,73730.04,593,58,0
1361,64841.84,36,2.77,72002.07,797,57,0
1362,60447.7,36,4.53,85601.56,676,41,0
1363,63004.07,48,5.11,20000.0,636,39,0
1364,30294.35,24,4.52,53313.93,677,30,0
1365,32137.93,60,4.17,40285.95,701,55,1
1366,31542.69,48,4.44,56024.74,682,50,0
1367,5000.0,36,4.59,112906.83,672,54,0
1368,13791.98,48,6.36,178256.13,550,18,0
1369,8395.14,48,7.06,23870.08,502,58,0
1370,108773.4,12,3.86,20000.0,722,38,0
1371,16077.07,24,6.81,51202.19,519,18,0
1372,7450.68,12,4.39,55552.22,686,25,0
1373,6378.43,24,3.45,20000.0,750,37,0
1374,60196.95,48,6.42,67835.71,546,34,1
1375,5000.0,24,5.87,79490.34,584,45,0
1376,31867.12,36,5.14,24779.84,634,51,0
1377,6327.57,12,6.2,47605.8,561,43,0
1378,94743.92,48,6.23,91784.11,559,37,0
1379,159043.32,36,5.69,34729.56,596,47,0
1380,159410.8,24,6.04,23531.65,572,47,0
1381,29166.6,24,4.21,21849.83,698,64,0
1382,51713.59,36,4.81,50817.59,657,35,0
1383,45777.57,24,7.02,20000.0,505,43,0
1384,21542.14,12,2.41,115828.2,822,69,0
1385,29355.15,60,5.35,86366.07,620,26,0
1386,5000.0,24,5.01,119183.55,643,39,0
1387,79408.05,48,5.68,165468.72,597,31,0
1388,13774.73,24,4.94,33046.3,648,26,0
1389,30858.16,48,6.23,50982.86,559,48,1
1390,32756.04,24,6.89,91599.98,514,64,0
1391,41129.97,24,5.4,84906.99,616,76,0
1392,85153.55,48,2.83,69176.67,793,44,0
1393,58863.47,12,4.09,103607.0,706,52,0
1394,54392.97,60,3.15,66214.95,771,53,0
1395,37406.1,60,5.75,144167.52,592,41,0
1396,5043.85,12,6.1,61650.11,568,64,0
1397,25708.93,24,5.67,89350.99,598,42,0
1398,157697.55,60,4.17,27135.74,701,61,0
1399,270720.94,12,3.43,101752.35,752,39,0
1400,65559.0,12,5.32,20000.0,622,27,0
1401,12907.13,60,6.96,45990.99,509,28,0
1402,5373.17,48,3.5,44473.48,747,20,0
1403,26787.04,36,3.31,111072.08,760,63,0
1404,97096.07,48,4.17,34490.52,701,64,0
1405,63982.3,24,2.84,81937.3,792,34,1
1406,107661.83,48,7.7,49562.36,458,28,1
1407,47826.52,36,6.26,87134.97,557,33,0
1408,6981.98,36,4.88,69303.73,652,47,1
1409,6096.86,12,6.45,28526.0,544,30,1
1410,5000.0,24,3.59,20000.0,741,53,1
1411,41860.11,12,6.63,34263.52,532,40,0
1412,13912.09,48,2.96,35464.99,784,61,0
1413,66285.11,48,6.15,118430.93,565,55,0
1414,57957.93,60,2.89,40996.06,789,28,1
1415,19144.4,12,6.12,53298.5,567,26,0
1416,9727.91,12,8.36,54812.85,413,48,1
1417,5401.56,12,4.71,78426.15,664,42,0
1418,66840.04,12,3.92,57653.37,718,64,0
1419,29931.96,36,6.42,131111.68,546,50,0
1420,19543.35,60,2.61,81222.62,808,38,0
1421,97124.36,24,2.93,20466.95,786,70,1
1422,45022.5,24,5.17,29777.4,632,38,0
1423,36490.8,24,4.46,61774.45,681,24,0
1424,68007.78,36,4.89,62884.35,651,41,0
1425,84527.83,60,3.96,20000.0,715,32,0
1426,57929.76,60,3.67,53950.21,735,59,0
1427,28991.49,36,7.32,143241.56,484,28,0
1428,23845.27,12,2.48,31074.78,817,57,0
1429,73847.06,48,3.19,20000.0,768,41,0
1430,36480.93,12,6.44,111929.16,545,21,0
1431,60935.05,24,2.8,27815.5,795,51,0
1432,110545.34,12,2.13,78813.02,841,62,0
1433,123781.87,36,7.41,88704.81,478,46,0
1434,16266.82,24,3.92,120657.09,718,42,0
1435,10405.97,48,3.59,108566.4,741,72,1
1436,15142.31,24,4.39,38380.38,686,62,0
1437,69589.83,12,3.21,82289.87,767,56,1
1438,23106.38,60,4.63,200505.76,669,18,0
1439,9521.07,60,4.2,58287.88,699,34,1
1440,5178.41,60,7.69,76140.42,459,41,0
1441,19823.77,24,5.87,20000.0,584,51,1
1442,7317.02,60,3.08,95169.48,776,58,0
1443,8502.28,36,5.93,34360.85,580,29,0
1444,57582.3,48,5.0,46893.73,644,53,0
1445,5000.0,60,6.55,46872.45,537,27,1
1446,6252.84,36,5.88,28595.91,583,55,0
1447,93012.25,36,4.43,62436.04,683,28,1
1448,93188.8,24,5.11,20000.0,636,63,0
1449,19967.45,24,7.56,20000.0,468,48,1
1450,5000.0,48,6.01,34857.51,574,39,0
1451,61033.97,48,2.89,275825.2,789,49,0
1452,22324.64,12,3.37,20000.0,756,35,0
1453,5000.0,48,4.87,107602.41,653,45,0
1454,8588.49,24,4.43,97738.88,683,30,0
1455,7379.48,36,5.85,42317.77,585,49,1
1456,44472.26,12,2.9,67906.07,788,41,0
1457,114196.8,48,5.3,95308.35,623,41,0
1458,78769.23,36,6.71,44579.19,526,44,0
1459,39539.77,24,7.4,137768.47,479,31,0
1460,27422.49,60,7.45,178778.78,475,76,0
1461,48205.39,12,6.07,66992.4,570,41,1
1462,29332.51,36,2.52,29850.48,814,61,0
1463,14124.72,24,2.0,96720.6,850,27,0
1464,56846.47,24,3.37,61974.17,756,18,1
1465,103274.54,12,7.45,251907.88,475,48,0
1466,23330.1,12,6.54,86256.75,538,60,0
1467,92112.17,48,6.52,100060.42,539,63,0
1468,28200.95,48,5.33,111362.6,621,59,0
1469,25652.73,12,6.15,83816.23,565,41,0
1470,5000.0,12,4.01,49888.46,712,53,0
1471,59417.92,36,5.33,39623.25,621,35,0
1472,82383.61,48,3.64,110190.53,737,35,0
1473,54466.31,24,4.05,82557.62,709,48,0
1474,8206.07,48,3.0,77221.24,781,48,0
1475,5451.33,48,5.97,72702.24,577,37,0
1476,42532.03,12,3.53,69115.17,745,47,0
1477,25667.8,12,6.01,113180.33,574,62,0
1478,28026.87,48,5.0,22023.28,644,31,1
1479,171789.82,60,6.13,28547.22,566,55,1
1480,64353.71,60,4.4,30837.07,685,24,0
1481,26533.37,48,2.99,64701.75,782,19,0
1482,5000.0,60,3.21,91388.45,767,49,0
1483,5000.0,48,4.4,91077.86,685,44,0
1484,57727.98,12,5.13,76083.46,635,46,0
1485,90927.38,12,4.94,81905.33,648,46,0
1486,61499.18,12,2.7,29629.16,802,59,0
1487,26034.35,24,6.15,69741.01,565,52,0
1488,5000.0,12,4.24,42606.27,696,52,0
1489,171174.65,12,3.28,76647.73,762,65,0
1490,214649.76,48,4.92,20022.16,649,58,0
1491,39854.83,60,3.57,62923.92,742,47,0
1492,5000.0,60,2.0,226833.85,850,60,0
1493,38932.26,12,5.05,123644.75,640,40,0
1494,111438.15,12,5.29,83182.08,624,41,0
1495,56969.45,12,4.59,102465.8,672,64,0
1496,63646.36,48,4.2,57332.83,699,41,0
1497,5000.0,48,2.97,98170.04,783,51,0
1498,5631.1,48,3.09,20000.0,775,50,0
1499,6810.97,60,4.44,24328.53,682,47,0
1500,117367.01,24,7.77,51856.4,453,72,0
1501,37311.54,60,7.02,141851.08,505,43,0
1502,78408.82,48,3.51,51967.85,746,71,0
1503,6124.84,36,5.83,53421.43,587,28,0
1504,131306.95,24,3.4,23427.69,754,44,0
1505,86058.18,12,3.72,50892.83,732,41,0
1506,12729.4,60,5.19,179446.73,631,56,0
1507,103646.04,24,6.12,80989.06,567,24,1
1508,15288.42,36,5.16,31299.98,633,50,0
1509,11492.04,24,4.62,109882.36,670,58,0
1510,15342.83,60,6.93,86729.12,511,40,0
1511,120372.32,48,3.57,85057.96,742,35,0
1512,123604.65,12,3.89,159888.09,720,35,0
1513,19948.99,48,4.65,20000.0,668,52,0
1514,61112.64,48,4.63,107020.56,669,21,1
1515,56311.29,60,2.84,135180.71,792,25,0
1516,82140.07,48,5.99,20000.0,576,46,0
1517,17585.05,48,5.43,58589.18,614,53,0
1518,35681.63,60,4.82,26432.61,656,49,0
1519,55081.94,60,5.75,51366.53,592,54,0
1520,5000.0,36,5.1,96908.63,637,29,0
1521,23639.47,48,7.21,107832.02,492,18,0
1522,59518.02,24,5.48,200591.4,611,58,0
1523,14557.41,12,5.1,59008.45,637,25,0
1524,158153.26,12,6.0,143412.41,575,52,1
1525,5000.0,60,3.03,59579.72,779,18,1
1526,158608.19,60,4.28,237038.27,693,55,0
1527,12216.05,36,5.07,106034.41,639,44,0
1528,5000.0,48,5.78,77892.52,590,60,0
1529,17299.05,60,7.15,32677.86,496,56,1
1530,77154.97,60,5.91,136114.2,581,39,0
1531,69805.52,12,4.82,98467.17,656,36,0
1532,11712.78,48,5.03,70886.89,642,49,1
1533,10956.96,36,6.0,161127.13,575,37,0
1534,51442.17,60,2.48,205337.26,817,18,0
1535,30632.09,60,3.32,152405.54,759,40,0
1536,78580.61,60,5.55,150213.96,606,32,0
1537,5000.0,12,4.07,77894.38,708,36,0
1538,47133.26,60,3.03,148604.95,779,49,0
1539,65591.27,60,4.41,177647.33,684,63,1
1540,250929.18,12,5.16,119257.48,633,72,0
1541,56781.72,60,7.56,107565.84,468,52,0
1542,13188.2,48,5.01,44621.09,643,36,0
1543,5724.9,48,6.01,71173.71,574,59,1
1544,51210.05,12,5.78,84366.79,590,22,0
1545,37031.13,48,5.39,26158.17,617,34,0
1546,114703.71,36,5.24,29949.01,627,41,0
1547,64842.43,60,5.46,106479.95,612,18,0
1548,35641.22,36,6.86,138637.25,516,48,0
1549,25841.3,48,7.45,191222.9,475,32,0
1550,25907.18,12,3.72,36974.8,732,48,1
1551,12828.83,12,2.45,233932.09,819,41,0
1552,5000.0,36,4.76,73261.38,660,32,1
1553,42772.79,48,6.51,46776.96,540,30,0
1554,11939.18,60,3.48,20000.0,748,44,0
1555,11680.34,48,2.0,136271.08,850,55,1
1556,6698.36,48,3.15,80616.41,771,55,1
1557,10511.09,12,2.96,234438.17,784,49,0
1558,5000.0,24,6.61,44666.97,533,53,0
1559,56078.41,60,5.74,162293.7,593,46,0
1560,25657.84,60,3.16,70879.2,770,35,0
1561,41222.58,12,6.67,31854.36,529,66,0
1562,50661.78,48,5.72,87920.38,594,35,0
1563,179650.4,12,4.65,51774.63,668,68,0
1564,5000.0,48,4.14,146475.42,703,54,0
1565,27057.17,24,5.32,78804.48,622,41,0
1566,14111.38,24,4.89,20000.0,651,25,0
1567,32381.16,36,4.68,20000.0,666,50,0
1568,126582.49,48,5.24,114069.24,627,44,1
1569,64364.87,12,5.65,100580.77,599,63,0
1570,54228.01,12,5.1,127887.14,637,29,0
1571,29102.29,12,5.71,168232.3,595,60,0
1572,55601.98,36,3.61,64602.78,739,67,0
1573,5000.0,60,4.47,25440.27,680,34,0
1574,44123.3,12,5.03,88412.82,642,56,0
1575,40346.77,24,5.26,253709.27,626,66,0
1576,21281.38,12,3.4,56666.47,754,65,1
1577,11251.9,12,5.45,61885.58,613,60,0
1578,82397.39,12,3.86,39587.69,722,70,0
1579,5000.0,60,3.19,108895.24,768,46,0
1580,5000.0,12,4.2,138582.38,699,44,0
1581,29037.53,60,7.27,43637.4,488,68,0
1582,14554.7,60,5.53,24875.41,607,18,0
1583,68413.37,36,6.16,20000.0,564,40,0
1584,50282.07,24,6.65,80243.69,530,32,0
1585,74037.9,12,3.32,32270.6,759,45,0
1586,19628.35,12,4.37,20000.0,687,51,0
1587,67453.58,12,8.65,49163.57,393,53,0
1588,99135.07,60,4.94,73558.37,648,46,1
1589,21176.96,48,5.88,31029.65,583,47,0
1590,20767.88,24,3.57,157595.48,742,59,0
1591,115104.96,12,5.88,25931.42,583,36,0
1592,5000.0,48,4.46,109053.52,681,39,0
1593,21553.72,48,4.47,97061.66,680,31,0
1594,6316.3,48,6.12,38847.99,567,44,0
1595,5000.0,24,6.38,101609.05,549,20,0
1596,5988.15,48,2.0,65009.37,850,64,0
1597,28215.35,12,4.34,101128.72,689,56,1
1598,58070.59,12,4.84,70594.42,655,30,0
1599,17074.01,36,3.16,20000.0,770,63,0
1600,94747.89,60,2.36,20000.0,825,41,0
1601,28778.49,48,2.73,183241.54,800,34,0
1602,172458.57,60,6.92,20000.0,512,50,0
1603,154125.19,60,4.87,66607.32,653,20,1
1604,74201.14,60,5.32,37824.92,622,39,0
1605,134711.43,60,2.16,53413.32,839,50,0
1606,61395.53,60,3.88,129430.81,721,71,0
1607,112968.23,12,6.8,52524.58,520,25,0
1608,13490.39,24,7.6,117654.61,465,27,0
1609,21188.09,48,2.55,171911.23,812,41,0
1610,69904.19,48,4.94,95352.73,648,40,0
1611,27631.12,12,4.97,28382.24,646,56,0
1612,90800.79,12,5.42,56083.65,615,67,0
1613,105038.93,60,6.13,106379.72,566,60,1
1614,17814.43,24,4.87,61498.12,653,38,0
1615,86707.79,48,3.75,30264.57,730,66,1
1616,8377.42,36,4.95,148236.81,647,43,1
1617,20338.05,12,3.4,47929.28,754,52,0
1618,36486.92,36,3.92,127068.02,718,51,1
1619,12837.85,48,3.6,56420.16,740,51,0
1620,43287.94,12,4.65,55383.09,668,58,0
1621,43219.92,48,5.16,48130.66,633,57,0
1622,11590.48,12,6.6,267101.83,534,55,0
1623,79393.94,48,3.48,21852.98,748,37,0
1624,49935.34,36,4.55,93319.18,675,31,0
1625,19118.73,24,5.29,78088.42,624,56,1
1626,13210.31,12,6.57,98896.49,536,50,0
1627,105495.09,36,3.08,20000.0,776,58,0
1628,90315.92,48,4.94,111917.61,648,38,0
1629,13052.7,36,2.17,23988.75,838,56,1
1630,5000.0,12,7.93,173689.95,442,40,0
1631,81618.08,36,4.46,24213.03,681,39,0
1632,47791.69,48,6.89,57382.55,514,62,0
1633,5317.05,60,5.99,59482.49,576,61,0
1634,44258.77,24,5.32,121638.27,622,48,0
1635,30090.67,24,4.01,153838.01,712,39,0
1636,74482.92,60,4.52,104537.69,677,43,0
1637,11728.23,12,5.71,80754.45,595,47,0
1638,30179.65,36,5.88,179263.93,583,39,0
1639,8494.6,36,7.41,178950.31,478,49,0
1640,157944.6,60,5.81,101004.76,588,37,1
1641,75420.42,60,6.0,114559.92,575,68,0
1642,66727.32,48,3.18,63181.19,769,18,0
1643,58592.49,48,5.49,265295.13,610,35,0
1644,27524.81,24,5.48,42833.73,611,56,1
1645,128381.22,12,4.62,91709.94,670,68,0
1646,5000.0,12,2.93,176376.9,786,36,0
1647,81293.38,60,2.96,186972.5,784,41,0
1648,12118.4,24,2.0,89976.21,850,51,0
1649,19580.18,24,6.96,71345.19,509,52,0
1650,36639.09,48,4.68,75657.91,666,47,0
1651,76313.47,36,5.07,45344.79,639,56,0
1652,91173.32,12,7.57,24303.11,467,49,0
1653,43821.33,24,6.61,45367.61,533,49,0
1654,25794.88,48,3.59,54237.49,741,68,0
1655,146405.94,48,4.15,210493.57,702,42,0
1656,14152.73,48,4.17,168495.76,701,41,0
1657,81251.59,36,4.27,71016.03,694,40,0
1658,47343.89,24,7.37,300000.0,481,36,0
1659,23652.01,60,6.51,164915.81,540,43,1
1660,5000.0,60,5.69,35527.19,596,35,1
1661,29583.65,48,3.72,29367.91,732,51,0
1662,16197.94,48,4.72,144135.85,663,52,0
1663,5510.09,36,3.6,142323.52,740,48,0
1664,5000.0,48,2.07,64380.91,845,50,0
1665,21351.68,24,7.22,76847.68,491,57,0
1666,47694.1,48,5.08,35248.84,638,29,0
1667,90859.81,48,5.08,47714.08,638,49,0
1668,10140.29,24,6.12,122252.24,567,69,0
1669,27638.31,12,4.27,28724.96,694,37,0
1670,24875.41,60,2.0,45725.59,850,80,1
1671,36015.03,48,6.29,24190.08,555,40,0
1672,82928.07,24,4.04,132778.23,710,48,0
1673,40332.06,60,6.44,81315.47,545,49,0
1674,93753.22,36,7.54,60384.39,469,23,0
1675,36547.83,12,5.81,160484.88,588,33,0
1676,46297.79,48,4.52,28288.45,677,54,0
1677,28757.83,12,4.34,131287.38,689,41,0
1678,86607.28,48,2.33,32047.85,827,31,0
1679,128737.55,48,4.52,64396.46,677,63,0
1680,50963.92,48,4.89,71541.93,651,49,0
1681,85957.74,12,3.7,20000.0,733,42,0
1682,5000.0,36,4.56,180094.55,674,79,0
1683,118282.5,24,4.95,100902.54,647,30,1
1684,10469.74,24,5.19,32875.31,631,29,0
1685,14820.7,36,3.99,62184.37,713,39,0
1686,5000.0,36,4.15,64735.01,702,49,0
1687,168195.25,48,5.3,20000.0,623,51,1
1688,95530.82,48,2.81,81397.34,794,34,0
1689,122198.57,24,3.69,122045.08,734,24,0
1690,93936.56,48,3.51,105270.25,746,53,0
1691,32651.2,48,6.25,76984.58,558,38,0
1692,128905.03,36,5.67,196131.56,598,45,0
1693,174456.89,12,2.71,220667.94,801,46,0
1694,34914.72,60,3.41,46826.05,753,59,0
1695,9656.47,60,6.97,76739.26,508,37,0
1696,53738.32,48,4.43,46417.29,683,68,0
1697,185328.33,48,3.53,103575.5,745,42,0
1698,102843.65,60,6.41,102084.97,547,24,0
1699,98958.16,36,3.44,61125.16,751,29,0
1700,135767.35,60,4.84,20000.0,655,29,1
1701,112193.3,60,2.73,83834.99,800,34,0
1702,74868.37,60,5.1,32814.36,637,48,0
1703,63340.81,48,7.02,101515.66,505,60,0
1704,15378.4,48,4.15,150767.08,702,18,0
1705,48555.83,60,6.55,78522.87,537,58,0
1706,36853.76,48,5.75,26361.61,592,66,0
1707,99004.83,60,7.56,203551.58,468,75,0
1708,33835.41,36,6.09,26615.82,569,51,0
1709,6833.55,48,2.96,79438.27,784,18,1
1710,5000.0,12,4.71,82336.16,664,24,0
1711,56640.49,48,5.26,124269.69,626,58,0
1712,39915.21,36,6.19,20000.0,562,46,0
1713,20095.79,36,4.62,42902.95,670,35,0
1714,9254.6,48,5.24,33717.77,627,22,0
1715,31434.99,24,2.0,35451.74,850,28,0
1716,5283.94,60,4.88,26431.44,652,52,0
1717,20481.83,60,4.25,33777.02,695,52,0
1718,23838.27,36,5.84,30654.01,586,59,0
1719,31332.28,48,4.94,98800.17,648,64,0
1720,31426.13,24,4.24,143369.94,696,31,0
1721,14853.34,12,6.26,31999.34,557,58,0
1722,94926.38,60,4.05,34997.7,709,33,1
1723,21967.4,24,4.73,92212.61,662,43,0
1724,13041.45,60,8.23,100797.85,422,34,0
1725,9667.7,48,3.72,25376.26,732,56,1
1726,19473.07,60,4.21,46585.66,698,36,0
1727,5000.0,12,4.57,42026.66,673,54,0
1728,5000.0,48,5.84,133298.06,586,52,0
1729,46461.48,36,2.0,29109.49,850,62,0
1730,48267.11,24,5.77,20000.0,591,53,1
1731,37707.34,60,9.26,50464.28,351,73,0
1732,71834.18,48,4.17,55151.97,701,35,0
1733,5000.0,48,5.11,67085.03,636,56,0
1734,137422.6,60,7.02,77386.44,505,51,0
1735,5000.0,36,5.29,182241.08,624,33,0
1736,56046.42,60,5.01,114018.04,643,59,0
1737,7158.69,36,6.01,36171.53,574,57,0
1738,105973.79,60,4.75,43266.58,661,35,0
1739,35740.33,48,4.4,58115.5,685,19,0
1740,5000.0,12,4.98,75194.08,645,43,0
1741,47950.01,12,6.26,47023.46,557,34,0
1742,5000.0,48,4.24,85455.91,696,47,0
1743,74810.41,12,7.27,38321.63,488,45,1
1744,52574.75,36,4.33,41198.03,690,71,0
1745,11952.52,48,4.47,53972.05,680,33,0
1746,23480.26,36,5.23,33211.72,628,53,0
1747,5000.0,48,5.67,20000.0,598,24,1
1748,59156.87,36,6.7,168237.11,527,30,0
1749,19479.7,36,5.69,30831.38,596,38,0
1750,42383.6,12,6.1,98909.45,568,32,1
1751,157012.05,48,6.38,151194.17,549,51,0
1752,17795.67,60,6.67,82440.8,529,44,0
1753,231462.31,12,3.0,48621.89,781,57,1
1754,50082.68,36,3.8,80867.88,726,29,0
1755,13859.44,36,2.0,136859.68,850,47,0
1756,28704.06,60,4.57,181967.57,673,33,0
1757,67440.9,60,3.86,20000.0,722,64,0
1758,29572.68,36,5.03,198143.44,642,29,0
1759,5000.0,60,2.71,78102.14,801,18,1
1760,9232.43,24,5.0,95480.13,644,36,0
1761,78342.33,12,3.5,71075.11,747,28,1
1762,52259.23,48,4.65,20000.0,668,47,1
1763,42178.21,60,2.25,50012.54,833,53,1
1764,9173.43,60,5.62,68394.85,601,55,1
1765,90933.14,24,3.25,45006.25,764,18,1
1766,161877.59,48,5.07,138219.55,639,55,0
1767,5000.0,24,6.13,31038.86,566,48,0
1768,5000.0,48,5.0,58414.73,644,55,0
1769,108021.52,12,8.18,51865.49,425,58,1
1770,84519.45,60,3.56,41836.96,743,35,0
1771,48108.16,12,3.95,89863.83,716,31,0
1772,144989.49,48,2.16,98561.87,839,49,0
1773,51983.77,60,6.32,45943.26,553,59,0
1774,12166.37,24,6.0,25186.93,575,26,0
1775,65215.87,36,6.76,48590.82,523,45,0
1776,51882.02,24,4.39,130238.24,686,37,0
1777,212531.33,36,5.52,33921.89,608,37,1
1778,12033.29,24,6.12,67177.97,567,39,0
1779,45550.85,48,4.33,23585.56,690,54,0
1780,75744.47,12,3.31,39261.34,760,53,0
1781,20698.79,36,4.76,40613.92,660,31,0
1782,23875.96,48,5.61,36580.19,602,24,0
1783,109419.02,12,3.21,87421.82,767,61,0
1784,25892.08,12,5.29,25681.02,624,57,0
1785,49005.86,60,5.3,78001.04,623,63,0
1786,110018.64,60,4.17,216128.83,701,53,0
1787,11775.14,60,5.91,80084.67,581,64,0
1788,200529.49,36,3.43,28280.82,752,18,0
1789,60525.29,36,6.25,96881.93,558,43,0
1790,34271.02,12,5.81,92938.69,588,34,0
1791,28186.76,36,6.6,126932.41,534,74,0
1792,154353.59,12,3.66,54302.17,736,27,0
1793,11516.27,48,2.95,95840.75,785,24,0
1794,18675.31,24,5.14,44744.95,634,35,0
1795,18393.49,12,4.27,41744.69,694,37,0
1796,17054.59,12,4.39,115730.37,686,39,0
1797,31606.18,48,4.49,20000.0,679,58,0
1798,226314.41,60,6.6,106757.98,534,67,0
1799,109815.29,60,5.87,300000.0,584,59,0
1800,19871.09,60,3.8,61827.07,726,80,0
1801,27484.4,12,3.15,128123.52,771,64,0
1802,55354.52,12,3.54,80349.36,744,35,0
1803,5000.0,36,4.89,235556.63,651,43,0
1804,85782.62,36,3.75,91281.99,730,56,0
1805,105929.1,24,7.15,29766.3,496,27,0
1806,97315.63,24,7.85,21926.94,448,40,0
1807,23504.53,36,6.92,20000.0,512,54,1
1808,30994.79,12,2.0,51617.44,850,73,0
1809,5000.0,48,2.0,24979.1,850,45,1
1810,25490.92,36,7.24,35582.78,490,47,0
1811,30848.84,12,5.24,145809.41,627,52,0
1812,118743.97,36,5.55,164949.85,606,18,0
1813,112210.0,60,3.03,33924.94,779,39,0
1814,169212.68,36,3.96,81468.97,715,32,1
1815,108186.82,60,5.46,43898.86,612,56,1
1816,5000.0,12,4.09,20000.0,706,38,0
1817,51285.87,60,3.79,111304.73,727,63,0
1818,5000.0,36,7.63,61184.35,463,51,1
1819,15913.54,60,4.14,45008.37,703,42,0
1820,43173.96,48,4.94,97588.09,648,36,0
1821,60301.05,60,6.58,28994.62,535,34,0
1822,53157.24,60,5.78,20000.0,590,69,0
1823,5000.0,24,4.5,107320.12,678,18,0
1824,5468.64,48,4.73,143172.88,662,43,1
1825,6881.95,12,5.19,20000.0,631,46,1
1826,5000.0,60,5.36,133431.6,619,18,1
1827,9815.01,48,4.84,190791.8,655,64,0
1828,58315.84,12,7.25,55276.03,489,48,0
1829,88844.7,48,2.42,104668.63,821,55,1
1830,26281.22,24,5.45,63924.01,613,56,0
1831,59009.8,12,4.18,108627.46,700,58,0
1832,11158.19,12,2.57,58082.71,811,57,0
1833,181117.43,60,3.27,94559.32,763,57,0
1834,21538.96,36,4.47,20000.0,680,50,0
1835,93496.94,12,5.07,33684.75,639,59,0
1836,145355.28,12,4.95,80660.79,647,80,0
1837,100018.2,24,7.28,34576.03,487,32,0
1838,5000.0,24,6.68,66092.85,528,52,0
1839,52535.01,24,4.56,198756.03,674,57,0
1840,6396.82,60,5.46,20000.0,612,21,0
1841,5000.0,12,7.09,50597.33,500,73,0
1842,5000.0,24,4.5,44671.09,678,54,0
1843,123935.81,24,3.82,117630.55,725,49,0
1844,119550.88,48,3.22,121988.34,766,39,0
1845,12797.83,48,4.14,133939.04,703,57,1
1846,39599.91,24,5.84,45037.49,586,28,1
1847,155086.05,60,3.92,20000.0,718,70,0
1848,34329.05,36,4.5,46683.48,678,60,0
1849,25008.94,48,6.26,58789.82,557,43,0
1850,33009.68,48,6.31,98123.92,554,66,0
1851,78083.79,12,3.69,95278.15,734,18,0
1852,32435.24,12,4.46,89810.27,681,29,1
1853,76456.92,24,4.55,128490.44,675,45,0
1854,28255.07,12,4.82,84519.91,656,46,0
1855,14517.99,12,4.04,33711.45,710,51,0
1856,19761.34,36,5.67,78160.73,598,48,0
1857,5000.0,60,5.1,107571.28,637,63,1
1858,34396.16,24,3.83,133396.68,724,23,0
1859,8014.95,36,4.87,76978.91,653,18,0
1860,83445.33,24,6.0,72527.47,575,24,0
1861,27287.3,60,5.91,64700.04,581,25,0
1862,72408.98,24,4.85,96082.51,654,45,0
1863,154458.68,12,8.68,166279.86,391,43,0
1864,94682.28,60,2.36,121235.01,825,50,0
1865,151272.14,36,5.17,131410.43,632,50,1
1866,41959.14,36,4.21,20000.0,698,49,0
1867,9035.61,48,3.99,78944.02,713,22,0
1868,136973.91,36,4.55,101583.19,675,42,0
1869,101439.09,48,6.9,172222.4,513,37,0
1870,99907.09,12,6.47,57391.42,543,63,0
1871,59090.09,36,7.08,20000.0,501,50,0
1872,49030.3,60,3.32,51807.48,759,73,0
1873,5000.0,48,7.16,40782.27,495,30,0
1874,68927.04,36,5.88,25151.95,583,40,0
1875,5000.0,12,3.02,42670.38,780,59,0
1876,15038.43,60,6.55,57390.77,537,38,0
1877,40091.25,60,4.71,79138.92,664,51,0
1878,30049.61,12,3.82,81072.56,725,36,0
1879,5000.0,36,5.0,53348.31,644,62,0
1880,86859.32,24,4.69,72237.56,665,24,0
1881,105516.06,36,4.14,102426.03,703,74,0
1882,57265.22,48,2.32,41220.42,828,57,0
1883,38942.65,48,6.28,20000.0,556,52,0
1884,161874.7,36,5.55,54427.21,606,51,1
1885,6389.18,48,3.99,71372.99,713,35,0
1886,66953.38,24,5.2,20000.0,630,56,0
1887,6868.97,24,5.74,20000.0,593,37,1
1888,24050.79,60,3.41,103622.55,753,18,0
1889,44032.25,48,8.15,36594.65,427,46,0
1890,66796.74,36,3.28,83467.37,762,34,0
1891,5000.0,60,2.61,116466.69,808,47,0
1892,15095.67,24,5.21,82272.79,629,45,0
1893,38631.21,60,6.83,26860.51,518,24,0
1894,38057.78,12,4.66,148652.34,667,69,1
1895,50753.98,48,4.21,35403.48,698,35,0
1896,18109.76,36,7.31,22553.91,485,61,0
1897,38884.0,24,4.79,20000.0,658,34,0
1898,10522.89,60,2.09,49829.19,844,45,0
1899,10343.35,36,3.08,96521.29,776,49,0
1900,42967.64,48,4.15,20000.0,702,18,0
1901,57834.2,36,4.33,21821.2,690,36,1
1902,6414.4,48,4.87,70396.7,653,49,0
1903,6550.44,48,4.69,106728.52,665,46,0
1904,41655.27,48,5.05,118337.53,640,45,0
1905,15742.1,60,4.62,85177.82,670,59,0
1906,24911.85,48,7.29,31442.35,486,33,1
1907,25603.69,36,8.07,44140.9,433,46,0
1908,9834.38,12,6.01,105944.66,574,25,0
1909,5000.0,36,3.41,24257.83,753,37,0
1910,95917.8,60,4.05,77050.66,709,63,0
1911,62763.65,48,3.69,27483.92,734,45,0
1912,58646.09,12,4.78,95135.62,659,38,0
1913,39538.57,60,3.15,56586.48,771,33,0
1914,60360.51,24,2.97,54025.08,783,24,0
1915,137200.75,24,3.18,24291.2,769,59,0
1916,54781.9,24,5.91,20000.0,581,77,0
1917,15400.46,12,4.84,104928.45,655,38,0
1918,42263.67,36,5.59,23667.75,603,18,0
1919,29198.89,12,2.77,179724.63,797,68,0
1920,40643.76,12,3.28,30719.89,762,31,0
1921,36450.17,12,4.25,50161.0,695,50,0
1922,97870.15,24,3.92,213720.43,718,52,0
1923,52748.93,36,4.49,30579.95,679,61,1
1924,10459.47,12,6.28,169435.7,556,41,0
1925,5000.0,36,3.35,44208.96,757,51,0
1926,27613.97,48,2.0,221378.85,850,40,0
1927,5000.0,12,4.18,133110.88,700,18,0
1928,19158.09,12,5.1,61220.35,637,38,0
1929,22944.99,12,5.97,72521.03,577,50,0
1930,23547.31,48,5.29,87723.01,624,30,0
1931,194002.06,48,6.77,85657.9,522,46,0
1932,18113.16,24,6.25,150724.75,558,49,0
1933,15409.72,60,5.16,296788.57,633,65,0
1934,6927.54,36,4.46,68206.15,681,31,0
1935,35770.54,60,7.06,121471.29,502,48,1
1936,8342.55,12,4.63,110102.72,669,28,0
1937,47894.03,12,2.61,63103.43,808,18,0
1938,8430.39,24,4.28,41880.39,693,37,0
1939,42980.55,60,4.2,91133.89,699,36,0
1940,87512.43,12,4.33,20000.0,690,50,0
1941,5000.0,60,7.25,57850.44,489,62,0
1942,27214.55,24,7.12,68974.26,498,46,0
1943,30906.53,60,4.05,126891.87,709,35,0
1944,78288.31,36,3.88,115379.03,721,32,0
1945,31547.66,24,3.4,90940.17,754,62,1
1946,41912.78,60,2.95,173417.08,785,55,0
1947,78319.94,12,5.67,81266.12,598,31,0
1948,41021.59,48,3.5,159328.59,747,24,0
1949,22181.67,48,3.53,71026.13,745,31,1
1950,5000.0,24,2.68,20000.0,803,59,0
1951,65451.04,48,2.58,72353.26,810,30,0
1952,102450.72,36,5.48,116384.14,611,51,1
1953,175435.57,24,5.03,139164.66,642,70,0
1954,130591.49,12,4.62,20000.0,670,33,0
1955,79830.5,12,6.12,20000.0,567,39,0
1956,51567.12,24,3.31,72381.29,760,44,0
1957,76039.34,48,5.23,51034.58,628,20,0
1958,28289.06,48,3.22,168637.66,766,34,0
1959,45165.79,12,2.71,31388.68,801,47,0
1960,21439.23,36,5.33,212702.44,621,30,0
1961,19778.9,48,7.45,69024.01,475,77,1
1962,70671.31,36,4.95,20000.0,647,37,0
1963,30250.66,48,2.97,46990.54,783,42,0
1964,11923.09,24,2.99,20000.0,782,36,0
1965,11278.46,60,5.07,20000.0,639,41,0
1966,98010.93,12,4.73,139530.45,662,34,0
1967,56623.01,24,5.14,61859.34,634,18,0
1968,39487.98,48,5.78,119897.51,590,39,0
1969,25619.57,12,7.41,209536.1,478,72,0
1970,28177.7,60,4.17,20000.0,701,69,0
1971,5000.0,60,5.62,140364.51,601,29,1
1972,30340.23,48,4.6,58131.87,671,21,0
1973,79348.34,12,3.93,37034.73,717,18,0
1974,24550.05,48,3.6,33356.75,740,30,0
1975,24191.44,60,5.91,45376.6,581,36,0
1976,5000.0,24,6.33,129498.46,552,51,1
1977,30609.27,24,4.07,142285.96,708,38,1
1978,5000.0,36,3.95,29231.55,716,58,0
1979,42239.15,60,5.74,138608.38,593,53,0
1980,35340.34,60,3.47,77975.75,749,50,0
1981,91631.73,48,4.97,46297.08,646,43,0
1982,43587.46,36,6.0,199457.47,575,59,0
1983,19535.77,36,6.35,89815.58,551,54,0
1984,36307.39,12,4.21,110578.23,698,23,0
1985,60149.72,48,4.56,53379.01,674,52,0
1986,5000.0,24,4.37,182243.68,687,36,0
1987,48520.73,12,6.52,66312.0,539,58,0
1988,124221.11,36,8.15,46430.61,427,54,1
1989,17771.66,24,4.02,33351.14,711,70,0
1990,49258.61,60,3.16,216807.37,770,18,0
1991,86110.58,48,7.27,32964.12,488,49,0
1992,35852.16,36,5.53,112383.94,607,35,0
1993,63288.78,60,2.0,20000.0,850,76,1
1994,18626.45,36,4.09,20000.0,706,18,0
1995,18268.38,24,3.02,22696.7,780,51,0
1996,55068.41,12,2.55,22745.46,812,53,0
1997,61108.34,24,5.62,47612.91,601,18,0
1998,138238.73,48,2.0,162578.91,850,52,0
1999,12734.2,48,7.44,129295.94,476,18,1
2000,31576.04,36,4.18,265387.52,700,34,0
2001,14418.35,24,4.41,102336.45,684,51,0
2002,5000.0,12,6.52,57463.24,539,30,0
2003,25811.22,48,6.0,90343.05,575,46,1
2004,23426.7,12,5.81,39363.0,588,44,1
2005,15765.28,60,7.02,45777.18,505,53,1
2006,17619.56,36,6.97,69556.08,508,28,0
2007,22346.54,12,5.39,92570.8,617,58,0
2008,224760.36,36,5.62,71176.41,601,18,0
2009,76383.17,60,5.87,124578.0,584,67,0
2010,5000.0,12,3.7,41055.12,733,41,0
2011,102947.91,12,6.01,50229.08,574,42,0
2012,50161.01,60,4.53,74250.06,676,49,0
2013,110634.37,24,4.92,71415.28,649,47,0
2014,20905.46,12,5.37,30229.91,618,44,0
2015,31229.48,12,6.9,73596.19,513,63,1
2016,113277.5,48,5.17,138788.26,632,22,0
2017,15912.09,24,5.85,72450.84,585,30,0
2018,123550.71,12,3.51,20000.0,746,51,0
2019,88158.52,60,3.99,41792.43,713,39,0
2020,197015.83,36,5.77,156521.62,591,64,0
2021,19597.17,60,6.22,120627.8,560,78,0
2022,13443.22,24,6.22,133113.64,560,45,0
2023,20088.61,48,5.27,23486.22,625,19,0
2024,154667.03,48,3.4,57750.7,754,31,0
2025,20253.76,48,3.19,87737.87,768,18,0
2026,41644.82,60,8.79,50514.19,383,54,0
2027,25848.83,36,2.71,47064.35,801,30,0
2028,25227.28,36,5.08,22054.32,638,42,0
2029,10745.04,12,6.92,22523.93,512,40,0
2030,38510.0,36,5.0,55727.29,644,61,0
2031,94657.81,36,6.12,113725.25,567,45,1
2032,5000.0,12,2.51,85017.15,815,40,1
2033,110013.43,60,5.75,172413.38,592,31,0
2034,54751.88,60,6.31,97973.48,554,54,0
2035,47951.83,24,2.0,300000.0,850,28,0
2036,49161.64,60,4.34,105223.88,689,26,0
2037,17568.01,48,5.67,31928.58,598,36,0
2038,26819.52,48,2.22,35905.45,835,76,1
2039,80294.71,24,3.02,44492.32,780,43,0
2040,18291.63,36,5.81,67052.97,588,44,0
2041,31745.82,24,6.09,69073.38,569,49,0
2042,5000.0,12,4.78,27671.24,659,48,0
2043,66130.0,24,5.16,55073.61,633,41,0
2044,27038.66,24,5.96,37173.97,578,30,0
2045,37259.8,48,4.94,163091.43,648,38,0
2046,6090.83,12,2.38,73956.28,824,41,0
2047,239660.78,12,3.4,90783.29,754,23,0
2048,18010.33,24,4.36,89908.25,688,41,0
2049,50391.48,12,5.42,46838.43,615,47,0
2050,43522.43,12,5.1,221602.64,637,36,0
2051,76877.31,60,3.92,94058.82,718,63,0
2052,17395.46,12,4.04,55710.29,710,49,0
2053,70514.47,36,4.82,108244.03,656,33,0
2054,24103.95,12,3.34,24738.61,758,38,0
2055,26480.12,48,6.61,106372.9,533,63,0
2056,55845.82,60,3.48,66909.01,748,35,0
2057,76690.04,48,4.01,53041.79,712,32,1
2058,54960.62,48,6.99,48376.88,507,32,0
2059,115069.05,36,5.87,186743.8,584,46,0
2060,16784.76,60,2.74,32712.08,799,48,0
2061,115438.58,24,4.15,178763.13,702,55,0
2062,7012.76,12,5.08,20000.0,638,34,0
2063,53871.46,36,4.44,20000.0,682,67,0
2064,39662.81,36,4.89,161538.41,651,52,0
2065,34123.81,24,4.39,87285.81,686,38,0
2066,18619.32,36,3.56,52849.29,743,57,0
2067,35032.03,24,2.28,41433.08,831,73,0
2068,8823.34,24,6.33,147033.02,552,52,1
2069,23047.91,24,3.22,104933.75,766,71,0
2070,5194.8,36,5.46,31247.11,612,29,1
2071,42413.69,24,6.7,31275.02,527,18,0
2072,5033.46,36,3.02,158146.43,780,52,0
2073,8738.19,60,5.93,27567.79,580,62,0
2074,5000.0,24,3.47,32674.72,749,25,0
2075,24007.6,36,3.35,156476.52,757,63,0
2076,92244.87,36,2.09,60163.67,844,38,0
2077,118702.12,36,3.12,40519.03,773,54,0
2078,5000.0,12,3.02,101091.08,780,48,1
2079,50331.31,12,3.21,90990.91,767,51,1
2080,57661.68,24,4.59,66634.49,672,53,0
2081,38153.8,60,2.95,20000.0,785,43,0
2082,54978.37,24,5.3,88857.13,623,38,0
2083,13308.47,48,5.83,112058.21,587,50,0
2084,33632.36,48,4.05,86360.82,709,40,0
2085,24786.66,60,3.12,56792.81,773,34,0
2086,5000.0,60,5.17,110470.75,632,49,0
2087,49115.71,60,5.49,62245.67,610,36,0
2088,34181.15,12,7.0,28697.58,506,42,0
2089,16091.18,12,6.12,45476.68,567,37,0
2090,32092.79,48,5.93,71235.76,580,68,0
2091,74649.01,60,3.13,131976.16,772,46,0
2092,80888.06,36,5.51,154121.64,609,21,0
2093,52423.46,48,4.21,69143.12,698,63,0
2094,31531.9,60,7.11,77673.34,499,18,0
2095,42871.58,36,3.02,48942.19,780,77,0
2096,24307.9,60,4.57,20000.0,673,45,0
2097,6765.58,24,6.89,29213.3,514,35,0
2098,24357.13,36,5.67,67589.5,598,39,0
2099,37786.54,24,6.04,74570.31,572,21,1
2100,45669.0,12,4.57,68848.13,673,43,0
2101,137288.36,48,5.43,23410.16,614,38,0
2102,75103.99,60,5.35,99061.41,620,44,0
2103,8243.29,48,6.13,20000.0,566,58,0
2104,9569.06,60,6.7,134524.71,527,49,1
2105,5295.52,24,3.72,107007.12,732,27,0
2106,67005.23,36,3.47,64480.62,749,30,1
2107,61229.58,36,5.88,34221.1,583,48,0
2108,214748.07,60,4.2,32569.4,699,52,0
2109,36909.68,24,6.22,75108.59,560,43,1
2110,87554.37,60,3.77,31429.55,728,53,0
2111,42952.99,60,5.11,196531.91,636,47,1
2112,103608.09,60,5.99,187554.61,576,47,0
2113,63830.95,36,6.41,133230.35,547,57,0
2114,51484.73,60,3.32,180139.68,759,73,0
2115,41634.56,36,6.95,195429.95,510,49,0
2116,64181.57,12,5.03,69610.16,642,80,0
2117,27206.53,24,7.7,94333.75,458,47,0
2118,5078.2,12,6.32,90906.46,553,46,0
2119,5000.0,60,6.77,200491.22,522,74,0
2120,32602.54,36,8.47,102411.95,405,42,0
2121,45726.06,24,5.69,111974.17,596,18,0
2122,5000.0,48,5.4,128809.24,616,28,0
2123,16906.93,24,6.63,42755.36,532,58,0
2124,19432.77,24,5.81,80143.22,588,52,0
2125,41367.72,60,5.26,141406.53,626,31,0
2126,16319.93,12,7.67,162385.55,460,18,0
2127,5026.86,12,4.87,122396.52,653,39,0
2128,9007.6,48,4.04,43467.73,710,62,0
2129,9554.87,60,4.49,29554.22,679,43,0
2130,92478.42,24,4.46,50673.17,681,39,0
2131,16726.09,12,5.14,132020.75,634,28,0
2132,62709.25,12,4.41,20000.0,684,40,0
2133,41947.82,36,3.37,20565.03,756,52,0
2134,188697.37,24,2.0,23131.35,850,42,0
2135,15929.25,60,6.42,107024.71,546,42,1
2136,8620.92,12,6.12,69021.22,567,61,0
2137,5000.0,60,6.33,20000.0,552,33,1
2138,13785.02,24,3.06,222685.53,777,52,1
2139,57611.87,24,2.65,79962.48,805,42,0
2140,5000.0,12,3.8,79239.55,726,69,1
2141,14032.14,48,6.84,300000.0,517,57,0
2142,96657.52,60,5.36,42619.77,619,65,0
2143,43727.81,60,4.41,212355.87,684,54,0
2144,5000.0,36,4.41,107670.13,684,37,1
2145,5000.0,24,2.1,208831.01,843,66,0
2146,5000.0,24,3.37,34325.62,756,50,0
2147,142258.01,12,3.44,83458.46,751,48,1
2148,94813.16,12,5.53,166723.04,607,33,0
2149,93197.17,12,4.31,78914.67,691,56,0
2150,128993.91,36,7.31,48269.49,485,38,0
2151,35185.68,48,4.79,100659.25,658,37,0
2152,14207.39,12,4.66,57496.46,667,49,0
2153,25653.74,12,6.74,59487.38,524,35,0
2154,63445.85,12,5.35,47952.46,620,33,1
2155,104386.94,36,2.79,41212.41,796,30,0
2156,28554.52,60,4.97,156451.91,646,60,0
2157,38326.87,48,4.01,20000.0,712,66,0
2158,134253.07,60,2.0,54393.95,850,73,0
2159,5686.36,24,5.58,26313.52,604,59,0
2160,99133.61,24,3.67,40486.04,735,18,0
2161,8676.47,12,5.19,99674.4,631,49,0
2162,33068.99,60,3.31,79915.46,760,41,0
2163,12322.09,36,4.98,104966.1,645,80,0
2164,46184.35,48,3.38,39664.0,755,50,0
2165,40887.18,60,2.92,26730.42,787,32,0
2166,23902.38,60,5.21,27265.96,629,34,0
2167,99499.61,48,3.38,20000.0,755,18,0
2168,53913.04,60,7.41,37061.44,478,43,0
2169,63863.95,60,4.73,48306.84,662,21,1
2170,8164.77,48,3.02,59911.96,780,18,0
2171,107349.92,36,2.0,29689.31,850,31,0
2172,9138.49,48,6.76,166412.06,523,29,0
2173,12601.91,12,6.55,130874.38,537,46,0
2174,6851.45,12,5.68,89593.72,597,50,0
2175,29023.01,12,4.68,20000.0,666,45,0
2176,109333.18,12,5.85,40963.73,585,43,0
2177,14547.54,24,3.61,27623.78,739,50,0
2178,23400.55,36,5.33,29425.97,621,62,1
2179,93561.7,24,5.96,81309.38,578,30,0
2180,48092.56,60,6.44,23263.37,545,49,0
2181,69639.05,60,4.84,37736.09,655,45,1
2182,12039.93,48,4.24,56491.31,696,51,0
2183,63025.37,12,3.6,30358.23,740,42,1
2184,12913.32,48,5.48,143167.74,611,31,0
2185,218362.74,60,4.23,230614.26,697,42,0
2186,41036.09,12,2.63,157786.22,807,34,0
2187,59477.08,36,3.13,44542.93,772,30,0
2188,6300.93,60,5.52,62076.63,608,62,0
2189,14427.85,48,3.92,20000.0,718,47,0
2190,7526.07,48,5.19,90908.12,631,18,0
2191,24728.81,60,5.55,20000.0,606,18,0
2192,16713.24,24,6.28,20000.0,556,42,0
2193,66010.78,36,2.33,83692.44,827,35,0
2194,5754.21,60,5.94,105150.24,579,45,0
2195,69728.3,60,5.14,33281.84,634,48,0
2196,5000.0,48,7.69,71055.26,459,44,0
2197,11283.45,12,3.32,159387.32,759,33,0
2198,78502.45,12,4.97,20000.0,646,59,0
2199,67890.52,12,3.19,216698.9,768,27,0
2200,32344.31,48,4.4,206571.58,685,63,0
2201,5000.0,12,4.72,142468.18,663,53,0
2202,47066.81,60,3.69,81956.22,734,35,0
2203,26104.79,24,4.94,87112.07,648,51,0
2204,19028.49,24,7.59,39493.92,466,39,0
2205,51139.63,24,4.53,25260.69,676,65,0
2206,28689.56,12,3.29,90010.8,761,35,0
2207,5000.0,24,6.17,191717.88,563,57,1
2208,123817.45,12,7.98,90481.01,439,26,0
2209,75365.08,60,5.96,20000.0,578,50,0
2210,5000.0,60,4.44,121942.73,682,49,0
2211,37228.75,48,6.63,20000.0,532,54,0
2212,5000.0,48,5.08,112060.85,638,52,0
2213,90789.25,36,4.33,230775.46,690,40,0
2214,47468.33,60,6.19,162688.63,562,18,0
2215,9464.24,12,3.03,73156.08,779,24,0
2216,5000.0,36,3.93,74944.51,717,18,0
2217,5000.0,60,6.38,244361.57,549,40,0
2218,35399.39,12,3.91,28198.36,719,61,0
2219,66283.2,60,6.12,254610.26,567,33,1
2220,6439.44,60,5.67,52297.86,598,39,0
2221,12505.45,12,4.85,299850.35,654,36,0
2222,19819.81,60,3.72,20000.0,732,48,1
2223,12299.94,60,4.98,33668.49,645,47,0
2224,24824.49,60,4.31,38481.42,691,38,1
2225,41005.3,48,2.83,151509.85,793,30,0
2226,57749.09,24,4.53,91476.67,676,54,0
2227,165900.54,60,5.84,46956.26,586,61,0
2228,133569.28,12,3.91,71422.35,719,57,0
2229,42213.27,60,5.71,242781.96,595,27,0
2230,66241.16,48,5.33,46120.12,621,18,1
2231,150666.52,48,4.09,91146.83,706,41,0
2232,5000.0,60,4.07,135877.32,708,65,0
2233,5000.0,36,5.19,147948.61,631,18,0
2234,5000.0,24,5.37,153008.07,618,38,0
2235,41431.09,12,2.26,104352.55,832,69,0
2236,71949.63,12,8.11,55414.04,430,59,0
2237,22870.16,12,4.39,23289.38,686,48,0
2238,39399.18,12,4.89,26773.88,651,27,0
2239,36321.38,48,5.53,142167.74,607,67,0
2240,5000.0,24,4.5,58662.02,678,42,0
2241,19400.04,60,6.33,93274.23,552,18,1
2242,5000.0,60,6.81,60003.34,519,66,0
2243,5866.35,36,3.4,122802.77,754,29,0
2244,83527.97,60,5.9,145086.27,582,80,0
2245,88425.64,24,5.1,20000.0,637,42,0
2246,80960.86,60,8.2,126500.58,424,51,0
2247,64880.97,48,7.44,74229.08,476,46,0
2248,78827.45,60,4.55,46012.63,675,41,0
2249,55582.19,12,3.34,67371.65,758,56,0
2250,55407.89,12,5.91,112912.01,581,48,0
2251,55034.99,12,2.54,117639.56,813,45,0
2252,36081.74,12,3.05,94906.41,778,29,0
2253,22576.54,48,3.63,46482.32,738,42,0
2254,65502.84,48,3.34,20000.0,758,27,0
2255,17737.13,48,3.0,78185.26,781,51,0
2256,39142.89,60,5.68,145731.3,597,50,0
2257,28401.17,12,5.61,36619.66,602,47,1
2258,16191.19,36,3.91,66551.31,719,63,0
2259,183827.63,36,6.73,43478.98,525,57,0
2260,14970.98,12,4.43,21059.35,683,76,0
2261,18501.98,24,4.25,70044.35,695,59,1
2262,8812.25,60,3.91,33934.07,719,47,1
2263,86574.8,36,4.08,101738.74,707,40,0
2264,44165.7,48,6.79,166511.25,521,23,0
2265,47471.6,24,7.4,91767.9,479,65,0
2266,85896.11,48,4.82,21231.54,656,53,0
2267,20997.45,24,2.0,63495.09,850,38,0
2268,10760.84,24,6.32,62191.61,553,49,0
2269,11057.61,60,5.39,69227.75,617,47,0
2270,65954.19,48,4.49,149155.64,679,43,0
2271,47610.81,48,5.69,22944.7,596,58,0
2272,11554.94,36,3.96,74472.52,715,21,0
2273,7836.51,12,3.88,34743.16,721,57,0
2274,6430.74,12,2.67,20000.0,804,64,0
2275,49416.02,36,4.12,142083.64,704,28,1
2276,5000.0,24,5.4,87018.89,616,18,0
2277,5000.0,36,3.66,74155.66,736,51,0
2278,24678.2,36,4.98,20000.0,645,59,0
2279,58777.34,48,5.46,26524.48,612,31,0
2280,59378.63,36,5.52,27861.3,608,24,0
2281,28116.32,24,5.64,76104.43,600,18,1
2282,58732.61,12,3.34,65254.64,758,61,0
2283,36812.77,60,3.35,42992.32,757,43,0
2284,188464.18,36,4.5,126203.41,678,64,0
2285,8864.33,36,5.56,62292.96,605,18,0
2286,45898.01,48,4.65,68650.9,668,46,0
2287,33788.82,48,5.99,112935.22,576,61,0
2288,10812.51,36,5.05,21176.01,640,30,0
2289,69312.8,36,7.12,20000.0,498,56,1
2290,16114.23,24,5.08,67869.11,638,29,0
2291,24039.87,12,3.64,74808.77,737,30,0
2292,23486.63,12,5.69,41571.79,596,46,0
2293,13999.22,60,3.43,76440.74,752,35,0
2294,28167.86,12,4.02,68925.4,711,65,0
2295,32060.56,60,4.28,26917.53,693,45,1
2296,68172.21,48,5.74,50402.35,593,66,0
2297,72423.08,60,6.23,48418.58,559,55,0
2298,8631.79,60,3.45,67600.97,750,31,0
2299,44919.14,12,6.63,20000.0,532,48,0
2300,113263.4,36,5.49,57452.54,610,32,0
2301,5758.57,48,4.56,32750.82,674,62,0
2302,32019.58,24,2.0,105406.39,850,66,0
2303,69385.39,60,3.88,97931.18,721,19,1
2304,47271.99,60,5.88,239102.52,583,53,0
2305,5300.57,60,4.94,153106.78,648,63,0
2306,25259.26,36,5.26,51280.4,626,58,0
2307,35386.6,24,4.44,34677.58,682,43,1
2308,274179.38,12,3.47,69597.33,749,80,0
2309,9837.74,48,5.81,244863.27,588,48,0
2310,202060.38,36,4.63,100867.32,669,22,0
2311,23592.25,24,3.5,36430.21,747,55,0
2312,11177.21,48,6.65,84848.88,530,61,1
2313,26731.08,12,5.11,172555.95,636,53,0
2314,47595.26,48,5.45,43853.04,613,48,0
2315,12007.96,60,4.94,68621.1,648,24,0
2316,17225.96,60,8.14,300000.0,428,20,0
2317,96394.94,36,5.94,75477.16,579,30,0
2318,345863.1,48,7.99,31294.04,438,18,0
2319,19148.94,60,6.47,24799.85,543,67,0
2320,8058.74,36,4.72,49576.64,663,46,0
2321,78793.1,36,4.31,64644.09,691,39,0
2322,45871.53,36,5.49,82935.9,610,23,0
2323,5290.32,12,7.99,86843.35,438,25,0
2324,146658.05,60,5.77,37593.9,591,45,0
2325,5000.0,60,6.74,21961.01,524,40,0
2326,49089.01,24,5.29,152711.13,624,46,0
2327,27576.93,12,4.78,37196.27,659,25,0
2328,40666.85,60,7.27,135700.66,488,50,0
2329,11989.96,60,5.48,97111.8,611,64,0
2330,58255.3,24,8.12,154675.96,429,40,0
2331,160594.62,48,5.2,96713.67,630,56,0
2332,30663.77,48,5.2,20000.0,630,42,0
2333,37007.57,12,7.11,107540.2,499,39,0
2334,13709.45,36,7.02,85433.58,505,51,0
2335,111220.12,24,2.35,186844.0,826,37,0
2336,177324.58,24,4.41,200522.77,684,35,1
2337,77158.38,60,5.93,72379.72,580,61,0
2338,39128.82,60,5.4,37225.32,616,18,1
2339,157092.06,24,6.65,21222.7,530,46,1
2340,8352.93,36,4.59,21784.97,672,29,1
2341,32551.42,48,5.08,174909.69,638,72,0
2342,38566.87,12,3.86,80474.75,722,58,0
2343,33855.47,48,3.43,123950.59,752,64,0
2344,81080.15,12,2.96,42033.45,784,47,0
2345,55494.21,36,3.67,84033.95,735,54,0
2346,6771.43,24,5.23,73965.55,628,48,1
2347,21266.91,36,6.89,20000.0,514,36,0
2348,20705.89,24,5.35,91354.71,620,71,0
2349,41693.18,60,4.98,88100.72,645,55,0
2350,17227.33,12,4.34,74608.03,689,32,0
2351,6236.9,60,5.74,111722.43,593,21,0
2352,53019.99,24,6.67,88562.41,529,29,0
2353,95202.85,12,4.55,139739.88,675,45,1
2354,134125.04,12,2.0,39558.49,850,35,0
2355,179821.24,60,2.84,61711.17,792,59,0
2356,75960.86,12,3.18,236496.65,769,49,0
2357,7523.85,24,5.45,169392.18,613,41,0
2358,95904.18,24,6.01,58797.47,574,45,0
2359,25537.95,60,3.8,44048.15,726,43,0
2360,65450.25,36,3.08,55980.98,776,41,0
2361,37886.21,24,5.3,109274.61,623,50,0
2362,88189.55,24,5.77,70427.24,591,37,0
2363,27713.26,12,5.69,146840.08,596,27,0
2364,5000.0,12,4.6,20000.0,671,56,0
2365,40689.38,24,5.01,44124.57,643,33,0
2366,9394.28,60,4.89,144451.21,651,63,0
2367,168365.36,36,3.11,20000.0,774,42,0
2368,37429.09,12,3.66,20851.17,736,38,0
2369,40322.38,12,5.17,59773.5,632,30,0
2370,118900.85,36,4.92,40199.14,649,40,0
2371,48986.19,12,3.44,42712.54,751,50,0
2372,18029.08,60,4.15,92466.36,702,33,0
2373,17555.57,12,2.52,73089.72,814,56,0
2374,34815.47,12,3.93,61146.24,717,28,0
2375,100723.24,24,4.55,44089.0,675,58,0
2376,79171.29,60,5.64,30660.34,600,46,0
2377,164492.53,60,7.19,25233.33,493,38,0
2378,5000.0,24,3.37,69192.06,756,50,0
2379,15621.02,48,3.35,233314.32,757,69,0
2380,5000.0,36,2.93,40275.44,786,62,0
2381,69531.02,60,6.68,139474.58,528,50,1
2382,7589.64,48,4.36,76303.6,688,59,0
2383,5261.71,36,5.9,86673.66,582,38,0
2384,41239.41,60,5.07,143055.43,639,35,0
2385,26507.62,12,7.19,33885.16,493,55,0
2386,62781.09,60,5.9,187145.64,582,48,0
2387,33375.47,36,5.07,78978.91,639,40,0
2388,27698.37,48,4.34,98367.56,689,57,0
2389,27712.8,12,3.83,96930.13,724,45,0
2390,102737.99,36,2.6,120678.38,809,64,0
2391,25144.99,36,5.08,74969.01,638,18,0
2392,20278.04,60,5.61,144693.78,602,37,0
2393,20664.92,24,4.41,67729.23,684,58,1
2394,10945.18,24,4.47,101560.34,680,69,0
2395,98552.27,12,6.54,93182.41,538,64,0
2396,7928.15,36,6.68,117601.52,528,35,1
2397,119631.36,48,2.0,31485.91,850,64,0
2398,16666.6,12,4.52,87478.29,677,18,0
2399,114843.48,12,3.76,108004.69,729,31,0
2400,78228.16,60,4.09,20000.0,706,41,0
2401,43612.2,48,4.23,35793.94,697,51,1
2402,55352.89,36,3.08,34212.32,776,30,0
2403,19714.69,36,2.0,55570.87,850,42,0
2404,42692.64,36,4.11,69834.46,705,65,0
2405,17294.02,12,4.73,59969.59,662,27,1
2406,25731.04,60,3.44,96407.72,751,26,0
2407,72336.74,12,5.24,65862.57,627,33,1
2408,13981.24,24,6.67,98088.7,529,80,0
2409,91269.75,24,3.96,201664.22,715,51,1
2410,23570.86,36,6.23,60515.12,559,32,0
2411,37982.51,60,6.06,84819.09,571,58,0
2412,142331.56,36,6.76,38546.64,523,18,1
2413,57168.29,36,8.57,105559.72,398,43,1
2414,51867.03,12,6.84,66901.51,517,47,0
2415,62171.68,36,4.76,27370.9,660,61,0
2416,125119.74,36,3.16,20000.0,770,23,0
2417,14285.12,60,5.69,66348.4,596,64,0
2418,47497.7,60,5.93,49821.42,580,60,0
2419,25574.11,60,5.01,21849.88,643,65,0
2420,5000.0,36,5.03,107815.76,642,26,1
2421,6693.77,60,5.0,69879.93,644,71,0
2422,19651.53,60,3.37,50606.73,756,18,0
2423,41620.46,48,5.36,112161.82,619,26,0
2424,106631.47,48,5.62,28567.9,601,47,0
2425,78298.36,24,4.89,44777.03,651,39,0
2426,40297.17,12,3.96,146587.68,715,24,0
2427,5000.0,12,2.0,67030.14,850,80,0
2428,16837.05,60,2.38,101101.05,824,19,0
2429,22841.23,24,4.56,99295.94,674,18,0
2430,48605.66,24,5.67,162650.61,598,49,0
2431,5000.0,48,5.04,91555.9,641,44,0
2432,37771.72,24,5.9,20691.63,582,23,0
2433,115866.96,36,4.6,87711.27,671,77,0
2434,61112.39,60,4.44,94136.9,682,46,0
2435,79746.39,36,4.02,94369.88,711,36,0
2436,57234.22,12,7.77,107790.96,453,44,1
2437,11570.7,48,6.19,65362.67,562,21,0
2438,5853.88,36,2.8,23524.13,795,61,1
2439,88448.26,60,6.52,137726.27,539,48,0
2440,59454.94,36,6.03,88043.55,573,41,0
2441,42790.55,36,5.39,63343.46,617,44,0
2442,10491.8,24,2.84,226198.54,792,31,0
2443,46234.42,48,3.95,26257.28,716,62,0
2444,5000.0,12,5.32,61003.87,622,35,0
2445,6325.75,60,5.59,102838.94,603,36,1
2446,18690.34,60,5.91,55415.86,581,47,1
2447,29325.82,12,6.74,58548.59,524,18,1
2448,6423.75,60,6.1,50150.22,568,53,0
2449,6388.27,24,2.35,20000.0,826,44,0
2450,64711.96,36,2.76,167807.07,798,52,0
2451,42165.89,24,5.42,22273.19,615,41,0
2452,38150.81,24,5.64,44935.49,600,32,0
2453,30113.66,24,3.25,29291.08,764,46,0
2454,187629.54,12,5.8,29490.0,589,59,0
2455,5000.0,48,3.95,74059.71,716,36,0
2456,9960.8,12,6.52,80092.29,539,57,0
2457,52136.33,12,4.68,132940.78,666,40,0
2458,7330.29,24,5.61,38812.98,602,38,1
2459,44504.47,48,4.25,34141.91,695,58,0
2460,41938.86,12,3.03,25490.73,779,50,0
2461,177031.91,48,5.8,61071.38,589,24,0
2462,107444.51,24,6.47,37409.36,543,41,1
2463,145526.69,12,5.35,96685.63,620,27,1
2464,6029.48,48,2.97,38744.84,783,52,0
2465,101303.93,60,4.72,71477.4,663,31,0
2466,6910.87,12,5.03,59645.0,642,47,0
2467,50110.43,12,3.24,20000.0,765,52,0
2468,63662.24,12,4.17,129344.98,701,52,0
2469,8768.5,48,2.0,159853.77,850,36,0
2470,50073.29,36,6.51,37549.72,540,45,1
2471,5000.0,12,4.92,47944.21,649,34,1
2472,17355.05,60,6.93,53980.83,511,38,0
2473,127015.78,60,6.51,97607.4,540,30,0
2474,9420.87,24,3.0,141961.04,781,45,0
2475,5000.0,36,6.23,84132.81,559,52,0
2476,29320.42,36,2.64,117409.89,806,32,0
2477,95062.49,48,6.52,25470.42,539,32,0
2478,5000.0,24,5.05,63104.87,640,68,0
2479,21966.77,48,6.65,54728.2,530,32,0
2480,115016.8,24,3.96,29563.81,715,55,1
2481,6286.98,36,4.62,117435.77,670,60,0
2482,18601.65,48,3.09,216840.47,775,49,0
2483,75348.72,24,3.69,103224.2,734,50,0
2484,39176.68,36,4.73,87001.11,662,46,0
2485,89288.81,36,4.75,46713.79,661,24,1
2486,5916.4,12,6.76,20000.0,523,61,0
2487,126633.99,48,4.36,51573.3,688,38,0
2488,136600.6,12,5.05,20000.0,640,57,0
2489,8439.46,36,3.96,175017.22,715,44,0
2490,5000.0,48,3.83,39144.99,724,52,0
2491,229471.64,48,5.85,20000.0,585,49,0
2492,32913.29,60,5.97,20000.0,577,37,1
2493,42440.41,24,4.81,66782.72,657,56,0
2494,47843.23,60,5.3,77938.77,623,24,0
2495,77953.51,60,7.05,39594.13,503,63,0
2496,83562.47,36,6.38,57536.23,549,61,0
2497,10778.94,24,3.35,115610.19,757,41,0
2498,13501.06,60,4.27,47251.19,694,48,1
2499,104710.72,60,4.95,32630.86,647,41,1
2500,85606.1,48,3.09,20936.65,775,32,0
2501,48066.94,36,5.01,20000.0,643,43,0
2502,261994.49,60,3.89,66238.24,720,49,0
2503,66435.99,24,4.97,48575.85,646,64,0
2504,12156.9,12,4.82,68238.83,656,42,0
2505,93749.68,12,2.0,24072.46,850,45,0
2506,26784.33,36,5.93,83198.74,580,64,0
2507,5000.0,12,4.11,65027.12,705,52,0
2508,19387.74,48,4.15,66076.87,702,24,0
2509,72101.19,48,3.25,49424.49,764,44,1
2510,161202.22,24,5.03,20000.0,642,57,0
2511,16157.62,36,2.0,99737.15,850,80,0
2512,14152.4,36,5.45,145133.03,613,47,0
2513,41461.7,12,5.56,82577.85,605,18,0
2514,83481.67,60,3.69,49781.65,734,18,0
2515,68624.64,60,3.12,38132.06,773,34,0
2516,41044.36,60,6.73,135350.64,525,30,0
2517,49900.76,24,6.04,39579.35,572,57,1
2518,13860.12,36,4.66,68024.11,667,73,0
2519,28332.27,12,4.05,138162.22,709,56,0
2520,14743.1,24,2.96,147876.36,784,58,0
2521,107888.74,48,4.75,58738.3,661,54,0
2522,5970.41,48,3.24,67732.4,765,50,0
2523,56931.19,48,7.54,67913.07,469,33,0
2524,15074.39,36,6.67,41804.69,529,56,0
2525,32272.87,48,4.92,79408.86,649,39,0
2526,17791.82,60,3.4,49489.14,754,57,1
2527,19522.32,48,5.39,70659.66,617,51,0
2528,15081.82,24,5.35,20000.0,620,45,0
2529,69876.45,48,4.36,64025.4,688,33,0
2530,22762.91,60,5.24,251107.83,627,43,0
2531,64796.55,48,2.87,42996.55,790,36,0
2532,30446.73,12,4.78,45724.87,659,19,0
2533,39620.32,60,2.0,204497.92,850,28,0
2534,39185.06,36,4.69,114162.65,665,49,0
2535,186177.85,48,5.46,55050.93,612,18,0
2536,22869.18,24,4.79,20000.0,658,80,1
2537,11639.75,48,3.32,20000.0,759,37,0
2538,121402.85,24,5.16,74908.24,633,57,0
2539,9608.86,12,9.01,139962.31,368,18,0
2540,89915.9,36,5.61,21833.99,602,30,0
2541,8138.59,60,8.28,208050.65,418,60,0
2542,53753.24,60,4.17,37137.18,701,51,1
2543,8157.77,36,6.55,38975.85,537,39,0
2544,128253.25,12,4.85,61884.16,654,74,0
2545,41621.41,12,7.06,20000.0,502,23,0
2546,19969.72,48,5.04,173446.68,641,61,0
2547,7559.91,12,4.68,104484.12,666,38,0
2548,23196.48,48,5.64,35467.39,600,32,0
2549,61042.39,24,4.98,52742.2,645,18,0
2550,24302.66,36,7.37,99141.39,481,18,0
2551,14124.39,24,4.85,98639.76,654,47,0
2552,43067.58,24,5.84,49628.07,586,46,0
2553,27048.94,24,4.79,101747.49,658,33,0
2554,9064.48,24,5.1,23768.6,637,41,0
2555,8361.09,60,5.26,80331.22,626,42,0
2556,61458.03,12,5.56,142364.09,605,37,0
2557,183792.03,36,4.52,21261.41,677,29,0
2558,13269.56,36,2.49,27858.56,816,52,0
2559,74173.01,24,5.11,21307.67,636,63,0
2560,5000.0,36,4.12,56603.38,704,50,0
2561,24029.04,48,2.64,46973.55,806,51,0
2562,35330.69,36,4.33,20000.0,690,56,0
2563,15649.79,24,3.82,54542.73,725,41,0
2564,37706.3,36,6.16,28660.55,564,35,0
2565,107114.56,12,4.39,24863.64,686,18,0
2566,144512.75,24,4.4,43291.8,685,36,0
2567,5298.98,60,2.33,89084.3,827,35,0
2568,15862.13,12,6.73,23071.58,525,29,0
2569,193481.51,36,2.0,79800.11,850,48,0
2570,15764.2,60,3.25,24186.14,764,42,0
2571,58997.74,12,3.51,20000.0,746,51,0
2572,14614.88,48,6.58,20000.0,535,28,0
2573,22031.22,12,6.23,37735.47,559,22,0
2574,10615.06,60,4.01,26810.65,712,55,1
2575,97001.44,48,7.95,160490.16,441,57,0
2576,107129.19,36,7.11,119380.97,499,32,0
2577,17613.7,24,3.76,123457.79,729,39,1
2578,86747.17,36,3.18,300000.0,769,49,0
2579,22177.17,24,2.0,50879.21,850,53,0
2580,5213.58,24,5.4,248880.79,616,18,0
2581,70956.66,60,6.17,157873.2,563,59,0
2582,45372.28,48,6.03,245460.84,573,25,0
2583,16036.61,48,4.25,25964.38,695,23,0
2584,14584.49,12,5.21,53915.19,629,38,0
2585,185706.52,36,6.89,72275.55,514,38,0
2586,99206.95,60,4.15,34097.91,702,45,0
2587,82983.52,36,6.41,146779.01,547,47,0
2588,6849.31,12,3.83,145542.26,724,70,0
2589,70363.09,12,3.89,67189.83,720,31,0
2590,12074.3,60,5.35,143195.73,620,60,0
2591,189465.81,12,4.5,84373.47,678,22,0
2592,5000.0,60,5.35,106749.05,620,26,0
2593,21703.92,12,5.03,111017.5,642,30,0
2594,27987.48,48,6.79,47396.76,521,18,1
2595,86921.24,60,9.85,228283.16,310,51,1
2596,72669.34,48,5.1,80744.25,637,63,0
2597,23499.55,48,6.36,64229.15,550,58,0
2598,41684.91,60,6.16,61074.9,564,21,0
2599,90271.17,36,6.25,89616.97,558,79,0
2600,5000.0,24,3.53,52601.6,745,46,0
2601,81019.41,12,3.35,39479.67,757,68,0
2602,146775.18,12,4.41,23648.15,684,42,0
2603,5000.0,36,5.39,20000.0,617,43,1
2604,5000.0,24,4.43,43633.56,683,39,0
2605,21118.92,36,3.32,63962.05,759,75,0
2606,5000.0,24,2.49,86100.67,816,65,1
2607,32626.76,60,6.01,50021.03,574,44,0
2608,65228.47,60,7.12,37838.2,498,40,1
2609,41839.24,48,4.47,113923.27,680,56,0
2610,10934.67,48,7.53,74328.44,470,18,0
2611,53183.2,60,4.52,73962.97,677,18,0
2612,57736.04,48,4.59,76240.24,672,29,0
2613,134741.37,60,5.11,207006.44,636,50,0
2614,7937.88,36,2.31,107798.96,829,60,0
2615,58937.38,12,4.81,70849.32,657,26,1
2616,121196.53,60,4.11,97731.46,705,68,0
2617,34814.02,60,3.24,94461.49,765,36,0
2618,22455.15,60,5.01,110513.36,643,51,1
2619,9361.65,48,5.49,157175.11,610,36,0
2620,100790.25,48,5.45,20000.0,613,43,0
2621,25064.1,48,4.3,92985.42,692,72,0
2622,129435.05,48,4.44,55255.16,682,36,1
2623,94114.29,36,2.42,30183.26,821,30,0
2624,23631.54,60,5.84,64372.8,586,55,1
2625,42655.74,36,5.26,20000.0,626,59,0
2626,5000.0,48,3.53,143874.28,745,22,0
2627,15273.39,36,3.96,75333.53,715,50,1
2628,61940.78,60,5.0,64765.36,644,53,0
2629,56646.36,60,5.2,20864.48,630,71,0
2630,21799.01,48,5.65,27655.28,599,38,0
2631,82671.59,60,6.23,163383.42,559,65,0
2632,13448.65,36,4.95,36472.75,647,47,0
2633,30927.09,24,4.07,153158.86,708,40,0
2634,31983.22,60,4.39,108426.52,686,33,0
2635,20837.69,36,5.04,20851.13,641,52,0
2636,154685.01,36,4.46,28951.2,681,27,0
2637,59649.01,36,6.31,118391.57,554,28,0
2638,38739.49,60,4.09,75305.97,706,54,0
2639,35720.08,24,7.0,87597.03,506,72,0
2640,8675.79,48,4.55,132474.18,675,23,0
2641,23275.64,48,4.05,34763.65,709,34,0
2642,55855.11,60,4.76,37017.8,660,49,0
2643,129227.66,60,4.91,75796.69,650,36,0
2644,84767.24,12,6.45,36884.03,544,18,1
2645,17861.6,24,4.98,52295.44,645,32,0
2646,28454.23,36,2.03,31327.1,848,52,1
2647,5000.0,36,5.01,50650.78,643,40,0
2648,5388.86,48,5.32,53382.69,622,50,0
2649,31765.65,60,7.27,83205.06,488,24,0
2650,37774.48,24,4.39,216499.74,686,50,0
2651,15328.1,48,4.28,60876.29,693,18,1
2652,51470.55,24,5.61,94358.4,602,56,1
2653,60765.29,60,5.27,35005.72,625,65,0
2654,17770.65,36,6.84,52148.96,517,24,0
2655,71028.71,12,4.73,66838.64,662,36,0
2656,11508.72,24,4.2,199077.9,699,22,0
2657,39290.69,36,8.2,126909.66,424,46,0
2658,81553.79,24,4.97,142688.43,646,47,0
2659,38502.39,24,2.39,57100.23,823,24,0
2660,119278.08,24,4.69,160087.79,665,36,0
2661,5000.0,60,4.2,53024.68,699,61,0
2662,44374.7,48,3.38,216489.3,755,53,0
2663,41248.91,24,4.09,55671.36,706,47,1
2664,53992.47,60,5.43,53267.03,614,61,0
2665,89610.03,12,7.27,32295.82,488,72,1
2666,64704.56,48,2.0,79770.04,850,47,0
2667,78099.75,60,3.83,99027.54,724,49,0
2668,17041.26,12,3.69,40835.47,734,40,0
2669,24510.1,48,3.4,75424.7,754,47,0
2670,49278.96,60,3.29,72390.03,761,34,0
2671,40311.48,12,3.76,143643.68,729,19,0
2672,162343.03,60,4.88,105970.33,652,56,0
2673,10341.03,12,5.37,39264.03,618,55,0
2674,21637.58,24,3.85,32904.67,723,46,0
2675,42519.91,24,4.71,99358.79,664,46,0
2676,101233.95,48,4.75,43443.87,661,34,0
2677,132499.81,12,3.48,113043.23,748,63,0
2678,20476.39,24,2.0,214574.42,850,26,0
2679,5000.0,48,6.29,132460.52,555,66,0
2680,27376.18,36,4.21,37351.56,698,53,0
2681,25072.17,24,6.38,45630.71,549,49,0
2682,215205.41,24,4.63,106728.54,669,50,0
2683,28199.12,60,7.37,181478.13,481,60,0
2684,18244.21,36,5.93,69559.73,580,36,0
2685,22736.24,12,4.88,36567.75,652,56,0
2686,25285.79,48,3.37,199038.83,756,39,0
2687,86169.65,36,7.08,52455.85,501,51,0
2688,5000.0,12,4.28,64504.77,693,21,0
2689,19026.95,24,4.97,90520.69,646,34,1
2690,169540.32,48,2.79,43189.65,796,71,1
2691,8308.78,48,5.51,37464.53,609,64,0
2692,67856.46,36,4.28,20607.53,693,69,0
2693,22033.39,60,5.14,22187.43,634,62,0
2694,43588.04,12,6.33,24332.74,552,35,0
2695,5242.92,36,5.75,53728.94,592,37,0
2696,18293.83,60,6.01,55980.27,574,59,0
2697,34743.93,60,7.45,184526.19,475,61,0
2698,13178.79,60,2.67,41077.48,804,65,0
2699,39030.11,48,5.43,22789.31,614,47,0
2700,12407.64,12,4.23,132534.42,697,44,0
2701,52505.47,12,6.52,95227.79,539,62,0
2702,117355.25,36,4.85,36484.95,654,22,0
2703,5000.0,24,4.18,55665.52,700,42,0
2704,12206.62,36,4.79,20000.0,658,41,0
2705,93030.73,12,6.13,203527.92,566,41,1
2706,49922.99,48,3.75,300000.0,730,64,0
2707,5000.0,36,7.89,162473.45,445,54,1
2708,33310.67,24,7.21,53934.39,492,46,0
2709,11770.84,36,5.08,220434.47,638,22,0
2710,11100.73,60,8.4,61375.05,410,27,0
2711,141211.24,24,6.06,67548.48,571,57,1
2712,71678.01,60,5.61,20000.0,602,48,0
2713,59574.32,48,2.7,62242.38,802,63,0
2714,13651.42,12,5.88,65972.17,583,34,1
2715,6310.68,36,5.68,61473.87,597,45,0
2716,102332.31,36,7.6,282873.68,465,42,0
2717,5000.0,60,4.81,158486.85,657,58,0
2718,24559.03,60,4.91,107170.65,650,75,1
2719,16259.68,12,6.51,53911.5,540,36,0
2720,42242.27,36,3.59,42315.46,741,18,0
2721,14418.01,12,3.69,77370.58,734,52,0
2722,18640.61,60,5.72,148095.51,594,51,0
2723,94869.29,60,7.72,108459.5,457,18,0
2724,46214.74,24,6.48,40306.35,542,30,0
2725,7872.62,60,2.68,115030.82,803,38,0
2726,64817.48,60,4.72,20000.0,663,62,0
2727,11625.56,12,6.03,135712.17,573,29,0
2728,28370.23,24,2.93,46243.41,786,40,1
2729,52008.76,24,5.19,20000.0,631,18,0
2730,15867.87,36,4.89,29784.3,651,52,1
2731,24234.09,48,2.0,111199.79,850,26,0
2732,66241.08,36,3.57,53098.72,742,77,0
2733,138959.28,36,5.33,110975.63,621,32,0
2734,37670.88,36,4.39,26074.35,686,59,0
2735,5000.0,24,4.11,70232.29,705,53,0
2736,20659.52,12,3.72,66024.77,732,32,1
2737,25427.61,60,6.42,42047.26,546,61,1
2738,20713.21,24,2.55,71420.05,812,18,0
2739,28658.89,60,2.84,44597.03,792,44,1
2740,50074.22,60,6.26,123522.42,557,55,0
2741,6455.8,48,4.94,66631.63,648,41,1
2742,15916.03,36,4.81,24310.97,657,27,0
2743,35428.08,48,4.68,126323.13,666,68,0
2744,18958.69,36,3.79,67128.35,727,43,0
2745,236002.9,24,5.4,30737.68,616,36,1
2746,28231.67,60,4.28,144878.32,693,28,1
2747,101933.85,48,3.99,48625.11,713,46,1
2748,113413.94,24,4.2,31125.68,699,41,0
2749,90396.58,24,4.23,35492.51,697,40,0
2750,5000.0,36,4.11,34383.83,705,69,0
2751,147582.64,60,4.6,45878.73,671,69,0
2752,6890.89,36,7.7,118650.94,458,48,1
2753,5000.0,36,6.39,82371.19,548,55,0
2754,26753.32,24,6.8,135595.91,520,22,0
2755,10822.92,36,6.48,69312.23,542,46,0
2756,10179.09,12,6.35,32004.64,551,49,0
2757,16971.2,60,3.41,20000.0,753,41,0
2758,14277.92,36,2.97,86230.79,783,38,0
2759,57726.67,36,3.98,96315.12,714,33,0
2760,10337.51,48,6.36,48570.5,550,45,0
2761,39166.54,60,6.26,20000.0,557,62,0
2762,214981.97,60,5.85,42317.56,585,64,1
2763,28315.37,36,5.99,111355.2,576,44,0
2764,51343.4,12,2.99,20000.0,782,60,0
2765,174291.51,48,6.89,180258.89,514,31,0
2766,7404.07,12,4.46,168704.88,681,53,0
2767,27116.42,36,6.77,22711.93,522,43,1
2768,94920.17,60,4.2,108950.25,699,34,0
2769,134637.65,60,5.48,67538.51,611,77,0
2770,45969.28,12,6.55,113100.58,537,37,0
2771,7740.41,24,5.72,20000.0,594,39,0
2772,115870.51,36,4.18,35647.9,700,38,0
2773,9585.06,60,7.28,36322.97,487,50,1
2774,21761.01,24,5.83,40704.73,587,65,0
2775,23540.84,60,5.19,59463.39,631,27,0
2776,29646.23,60,6.92,90600.45,512,52,0
2777,78071.88,24,6.31,51808.63,554,50,0
2778,81010.88,12,2.8,103068.96,795,20,0
2779,63586.73,36,6.84,185052.54,517,65,0
2780,5000.0,24,5.69,24464.28,596,49,0
2781,41602.66,24,4.21,84764.94,698,55,0
2782,68815.81,60,5.03,105911.13,642,18,0
2783,29405.61,24,5.75,54018.32,592,66,0
2784,144963.0,36,3.77,66640.63,728,75,0
2785,86809.76,12,7.93,56104.71,442,42,1
2786,50826.98,12,3.91,81276.94,719,34,0
2787,5000.0,12,6.29,63359.84,555,18,0
2788,52827.41,36,8.63,98781.59,394,25,0
2789,121282.63,60,2.0,42956.58,850,57,1
2790,23857.08,36,4.87,80362.85,653,44,0
2791,91048.87,24,3.8,33086.99,726,22,0
2792,18782.78,48,3.35,134906.77,757,67,0
2793,42210.52,48,6.26,180845.23,557,34,1
2794,52266.53,48,5.3,41048.34,623,22,0
2795,56659.42,12,4.97,300000.0,646,45,1
2796,107086.84,36,5.94,229379.9,579,52,0
2797,13369.29,36,3.19,83597.87,768,24,1
2798,15215.62,12,2.97,39509.6,783,40,0
2799,60876.72,24,5.1,110485.26,637,68,1
2800,9751.73,48,4.2,149682.43,699,24,0
2801,31206.29,48,3.67,124660.44,735,50,0
2802,5000.0,12,4.5,135266.51,678,40,0
2803,7598.12,48,5.75,126101.97,592,53,0
2804,56791.79,60,8.53,47548.99,401,29,0
2805,68809.6,36,4.78,110977.88,659,48,0
2806,6126.41,48,3.76,139250.88,729,30,0
2807,12919.73,48,6.29,56722.6,555,18,0
2808,5207.2,60,4.66,45745.81,667,23,1
2809,28406.22,24,4.27,20000.0,694,41,0
2810,6740.39,24,4.25,35202.22,695,48,1
2811,28750.08,60,4.73,78241.22,662,63,0
2812,65856.75,24,6.36,124138.44,550,50,0
2813,57504.01,12,3.16,122192.34,770,68,0
2814,16457.19,60,4.98,26726.41,645,41,1
2815,56006.49,36,5.69,31426.47,596,53,0
2816,131354.95,36,7.31,47522.44,485,30,0
2817,21349.08,36,4.33,120052.64,690,49,0
2818,19958.19,48,2.0,116921.28,850,39,0
2819,42366.07,60,5.26,20000.0,626,37,0
2820,14085.12,60,5.62,20000.0,601,46,0
2821,52717.18,24,4.94,92907.26,648,23,0
2822,89267.53,60,5.03,85615.03,642,49,0
2823,30746.25,60,5.45,111672.12,613,55,0
2824,56894.79,24,2.0,29018.77,850,34,0
2825,52761.18,60,4.85,32000.61,654,47,0
2826,5000.0,60,6.81,42997.65,519,63,0
2827,10131.29,12,6.63,20000.0,532,56,1
2828,111994.6,24,3.27,58153.13,763,43,0
2829,139755.75,12,4.5,21129.07,678,50,0
2830,75806.4,48,5.43,33887.16,614,67,1
2831,127072.67,24,5.55,96562.96,606,48,0
2832,18274.88,60,3.91,68348.65,719,59,1
2833,14231.73,60,6.06,72406.25,571,56,0
2834,24249.79,12,5.13,46266.09,635,46,0
2835,5000.0,12,3.86,142185.31,722,64,0
2836,83002.79,48,6.0,49662.6,575,29,0
2837,207309.75,48,3.06,274699.13,777,51,0
2838,86871.89,60,7.29,26587.18,486,36,0
2839,40481.28,36,4.87,21467.52,653,58,0
2840,17497.88,48,4.81,54798.24,657,44,0
2841,11013.5,60,8.01,77391.14,437,59,0
2842,22632.78,48,6.0,23957.52,575,56,0
2843,54976.06,24,4.05,33332.19,709,38,1
2844,29625.43,12,5.97,84913.41,577,53,0
2845,135950.37,60,5.3,83970.22,623,51,0
2846,96282.95,48,5.51,59630.15,609,41,0
2847,5401.57,12,3.5,72651.3,747,58,0
2848,7050.84,36,4.41,34019.37,684,43,1
2849,56387.51,48,5.58,21199.27,604,33,0
2850,13118.16,60,5.96,64682.91,578,49,0
2851,78278.2,24,3.66,43345.79,736,51,0
2852,44745.81,12,4.71,206551.13,664,18,0
2853,13057.23,12,3.45,62881.24,750,80,0
2854,32570.21,24,4.02,20000.0,711,80,0
2855,26050.22,60,9.67,102311.95,323,32,0
2856,103241.19,36,3.35,59823.58,757,54,0
2857,5000.0,24,4.73,54075.47,662,28,1
2858,113093.22,36,4.56,52776.72,674,20,0
2859,52789.52,60,7.83,80134.27,449,38,1
2860,66882.48,48,5.62,40683.34,601,24,1
2861,5000.0,48,4.84,109200.9,655,53,0
2862,49475.26,60,6.79,109741.91,521,58,0
2863,44395.63,36,2.99,79823.44,782,71,0
2864,38523.61,24,3.83,102326.41,724,45,0
2865,77057.86,60,5.51,201002.56,609,57,0
2866,40582.02,60,2.28,21708.18,831,50,0
2867,97279.53,48,4.39,109635.74,686,49,0
2868,13239.41,24,2.92,172963.49,787,30,0
2869,81990.37,48,6.1,39049.61,568,41,0
2870,9880.66,36,4.23,20000.0,697,39,0
2871,83863.84,36,2.96,104012.0,784,53,0
2872,141058.3,12,3.19,29415.4,768,18,0
2873,20450.63,60,3.45,84997.17,750,60,0
2874,37739.04,24,3.11,72332.77,774,41,0
2875,53695.35,24,2.7,175051.73,802,35,0
2876,5000.0,48,8.27,200161.34,419,50,0
2877,34068.91,48,5.53,208661.28,607,44,0
2878,22360.08,24,7.45,57981.63,475,47,0
2879,102964.55,48,7.43,38357.76,477,64,1
2880,104648.44,12,5.68,46845.64,597,18,0
2881,60328.73,60,5.53,52943.57,607,24,0
2882,53315.65,12,2.93,29102.4,786,36,0
2883,66154.42,36,6.65,75071.18,530,65,0
2884,22784.28,24,4.66,66304.53,667,56,0
2885,25919.31,12,2.6,54333.61,809,43,0
2886,40338.72,12,5.14,47452.01,634,54,0
2887,139053.73,48,2.07,33161.93,845,57,0
2888,64367.7,48,7.64,97985.46,462,52,0
2889,40035.42,48,6.15,60668.07,565,61,0
2890,73573.67,36,2.67,20000.0,804,47,0
2891,23172.48,12,5.9,243930.28,582,52,0
2892,65553.17,60,5.26,101816.11,626,52,0
2893,26438.98,48,2.48,105319.37,817,38,0
2894,16401.7,36,3.95,123164.57,716,42,0
2895,47045.06,36,7.31,94466.51,485,52,1
2896,58058.05,48,4.02,170471.94,711,30,0
2897,30743.94,24,5.94,70592.39,579,34,0
2898,41678.05,12,5.64,68231.37,600,41,0
2899,59219.31,48,5.05,21606.03,640,45,0
2900,72988.45,60,5.75,178832.44,592,44,0
2901,112962.62,12,4.21,33495.92,698,44,0
2902,21889.93,36,6.19,152076.9,562,47,1
2903,151286.13,60,4.47,96655.11,680,41,0
2904,50706.18,12,3.82,116797.74,725,34,0
2905,77488.19,60,5.01,92130.84,643,45,1
2906,60160.16,36,4.82,104303.21,656,54,0
2907,11506.63,48,4.78,153050.23,659,57,0
2908,5000.0,60,4.73,81043.52,662,18,0
2909,64783.66,48,5.07,276779.62,639,30,0
2910,35775.03,36,5.14,74016.88,634,59,0
2911,60568.9,36,5.1,243032.57,637,40,0
2912,32393.66,60,4.65,28113.41,668,18,0
2913,18715.37,60,5.55,37641.28,606,63,1
2914,16774.89,36,5.13,35722.13,635,60,1
2915,65565.31,60,3.47,127972.43,749,27,0
2916,16202.1,60,2.0,78674.17,850,27,0
2917,62706.65,60,2.0,86144.35,850,80,0
2918,24222.18,60,4.72,128873.05,663,31,0
2919,73679.49,12,6.42,108299.39,546,63,0
2920,7704.78,36,5.27,118996.28,625,68,0
2921,11469.4,36,4.71,39638.15,664,23,0
2922,57904.04,24,3.34,130443.16,758,31,0
2923,41075.3,48,5.96,31978.19,578,60,0
2924,11400.16,24,5.1,37015.75,637,24,1
2925,116563.13,60,6.39,87560.94,548,28,0
2926,16144.34,60,2.49,25080.62,816,42,1
2927,27328.81,12,4.12,141936.61,704,43,0
2928,11300.38,12,5.43,95968.84,614,61,1
2929,24553.41,12,4.82,34741.89,656,53,0
2930,33828.93,12,6.87,75131.33,515,48,0
2931,17495.4,12,4.25,190340.28,695,42,0
2932,73287.16,12,4.36,62411.13,688,29,0
2933,25038.24,12,7.5,40142.19,472,63,0
2934,65376.01,12,5.97,32007.93,577,47,0
2935,11601.15,12,5.35,185182.46,620,54,0
2936,23663.29,36,5.33,67182.03,621,48,0
2937,5000.0,12,5.65,94432.79,599,46,0
2938,71072.78,48,4.73,65961.99,662,46,0
2939,49159.82,12,2.89,106480.36,789,45,1
2940,85138.92,60,4.23,57756.48,697,42,0
2941,30404.54,60,3.21,87412.12,767,36,0
2942,80407.1,12,4.39,183157.96,686,52,0
2943,52146.94,12,5.37,50477.75,618,61,0
2944,5000.0,60,5.17,68819.35,632,48,0
2945,14631.0,48,3.75,88542.2,730,69,0
2946,34050.2,24,4.12,141213.67,704,38,0
2947,48206.78,36,2.97,20038.63,783,77,0
2948,5000.0,60,4.91,151495.02,650,51,0
2949,61052.55,12,6.95,68434.84,510,18,0
2950,39212.28,36,5.2,155507.98,630,73,1
2951,37304.12,12,7.09,150952.43,500,30,0
2952,17268.78,24,5.11,171393.65,636,48,0
2953,45171.58,24,6.63,113321.36,532,52,0
2954,5000.0,60,5.05,198304.67,640,46,1
2955,5000.0,36,4.71,106152.64,664,43,0
2956,66188.53,36,5.1,164853.75,637,35,0
2957,19422.39,24,5.32,32107.36,622,37,0
2958,21306.39,12,5.48,35215.6,611,62,0
2959,11684.02,60,3.27,72510.52,763,29,0
2960,29495.31,48,4.5,34292.82,678,45,0
2961,5000.0,24,7.13,143127.09,497,55,1
2962,17859.7,24,4.72,81474.43,663,29,0
2963,37446.1,60,2.71,26235.23,801,52,1
2964,31333.52,12,5.59,103647.15,603,60,0
2965,400766.85,36,5.48,47230.18,611,50,0
2966,24613.66,24,3.99,72050.85,713,61,0
2967,24469.44,60,6.16,126082.73,564,44,0
2968,35016.83,60,6.64,69266.11,531,32,0
2969,10554.77,60,7.19,27935.06,493,42,1
2970,104496.59,36,3.93,51529.96,717,24,0
2971,42462.9,24,3.66,43023.35,736,80,0
2972,10666.32,60,5.77,77637.48,591,44,0
2973,78858.6,36,6.6,64348.29,534,18,0
2974,5000.0,12,3.64,60213.65,737,35,0
2975,202461.49,48,5.1,168328.75,637,41,0
2976,100179.36,24,7.83,34630.96,449,25,0
2977,43332.12,36,4.37,20000.0,687,25,0
2978,5899.53,48,4.49,83740.4,679,39,0
2979,12120.96,48,2.9,103409.27,788,53,0
2980,16385.99,36,3.7,49598.25,733,59,0
2981,13789.77,36,3.61,92565.05,739,61,0
2982,34409.97,36,6.19,20000.0,562,36,0
2983,144623.03,60,6.89,77590.06,514,18,0
2984,29364.87,12,4.17,59894.36,701,71,0
2985,54171.1,60,4.89,50240.25,651,41,0
2986,58331.15,48,3.98,49194.97,714,38,0
2987,102622.74,48,4.73,65551.07,662,63,0
2988,5000.0,48,2.81,103338.78,794,40,1
2989,25903.43,36,5.55,28404.88,606,52,1
2990,76794.3,24,4.85,60030.81,654,48,0
2991,84334.04,60,5.84,24605.32,586,26,0
2992,131093.13,24,6.19,67015.25,562,28,0
2993,60666.55,12,2.99,26303.71,782,41,0
2994,14062.07,12,5.08,65872.16,638,44,0
2995,35227.17,60,2.0,154655.93,850,35,0
2996,5000.0,48,6.87,83095.19,515,35,0
2997,52054.21,12,4.78,115104.04,659,43,0
2998,40404.92,24,4.68,20000.0,666,34,0
2999,54956.06,24,3.11,43142.29,774,58,1
3000,133063.5,36,6.2,75744.56,561,49,1
3001,58121.81,48,5.78,66335.98,590,37,0
3002,19316.22,36,6.97,48727.82,508,53,1
3003,11078.28,60,2.79,97340.1,796,64,0
3004,96425.79,12,7.43,282456.51,477,47,0
3005,10804.19,36,4.73,65654.05,662,23,0
3006,8813.57,36,2.0,38556.96,850,68,0
3007,11572.15,60,3.27,41466.86,763,70,0
3008,35549.35,24,3.12,49494.18,773,63,0
3009,6630.16,24,2.42,83664.54,821,54,0
3010,139126.56,60,4.66,51135.38,667,52,0
3011,169444.24,24,4.68,31840.06,666,47,0
3012,182103.33,60,4.92,42408.42,649,46,0
3013,5000.0,24,5.03,20000.0,642,27,0
3014,146121.79,60,5.81,106322.22,588,27,0
3015,297900.19,24,2.9,237356.15,788,31,0
3016,142736.91,36,5.68,132688.39,597,18,0
3017,55575.59,36,5.33,183967.5,621,26,0
3018,60404.09,24,6.84,152962.51,517,44,0
3019,6519.84,60,3.7,29413.89,733,18,0
3020,103691.7,36,2.6,179725.85,809,30,0
3021,5000.0,12,8.17,122480.84,426,41,0
3022,19116.53,24,2.67,56697.21,804,33,0
3023,236376.19,12,3.85,114144.48,723,39,0
3024,27437.44,12,3.06,75863.59,777,49,0
3025,7029.6,48,4.37,89388.46,687,59,1
3026,174165.94,12,4.04,127170.4,710,33,0
3027,207196.64,12,4.43,67828.96,683,40,0
3028,10353.83,48,6.36,90336.33,550,18,0
3029,100051.41,48,5.1,27041.62,637,53,0
3030,24749.53,48,5.62,106699.05,601,32,0
3031,24012.27,60,3.34,20000.0,758,50,0
3032,15237.86,48,5.3,124592.11,623,40,1
3033,5000.0,60,4.21,20000.0,698,78,0
3034,15599.35,24,6.49,128015.18,541,72,0
3035,5000.0,60,2.23,92936.5,834,54,0
3036,129096.47,24,4.53,66168.91,676,51,0
3037,54194.17,48,6.89,300000.0,514,48,0
3038,108851.68,48,3.44,111442.16,751,38,0
3039,63166.8,24,4.55,184269.1,675,33,0
3040,7037.12,36,3.76,43828.52,729,30,1
3041,141157.51,60,2.0,92074.1,850,35,0
3042,115075.81,12,3.25,45548.79,764,51,0
3043,21391.37,48,3.32,77863.96,759,41,0
3044,5912.91,60,5.43,99989.85,614,18,1
3045,60895.94,60,4.76,105644.07,660,80,1
3046,65164.12,48,5.43,20000.0,614,42,1
3047,113568.4,24,6.83,47072.22,518,77,0
3048,5000.0,48,5.53,77688.31,607,38,0
3049,7640.3,60,3.27,60212.72,763,41,0
3050,45596.11,36,4.36,110312.94,688,58,0
3051,48265.06,24,6.61,21909.83,533,40,0
3052,5000.0,48,5.07,101176.4,639,51,0
3053,25286.27,12,6.06,37669.82,571,40,0
3054,43872.94,48,4.24,46807.07,696,37,0
3055,66953.62,60,5.91,130622.59,581,68,0
3056,19000.88,60,5.72,204837.76,594,26,0
3057,33073.08,12,6.79,77176.22,521,37,0
3058,84115.18,24,2.49,160483.25,816,72,0
3059,153841.76,60,5.0,46961.93,644,40,0
3060,13088.68,24,5.08,162513.5,638,22,0
3061,14587.33,24,4.43,75064.05,683,54,0
3062,140519.25,48,4.33,28829.66,690,44,0
3063,25201.7,24,5.91,21123.17,581,51,0
3064,63354.21,60,4.57,253423.72,673,45,0
3065,47371.69,60,4.78,149702.79,659,28,0
3066,16814.75,36,3.43,43179.03,752,48,0
3067,53002.6,24,3.82,159495.32,725,64,0
3068,53292.63,36,4.92,22505.19,649,37,0
3069,44878.75,48,4.88,42334.0,652,31,0
3070,5249.19,36,5.23,35400.1,628,42,0
3071,266664.31,24,4.76,45258.96,660,41,0
3072,25576.0,60,4.97,171539.78,646,40,1
3073,50840.23,48,4.69,114487.64,665,63,1
3074,108473.43,24,7.05,61863.53,503,48,0
3075,27520.66,48,5.85,131875.86,585,69,0
3076,74344.44,12,2.83,20000.0,793,48,0
3077,178464.99,24,5.87,65778.99,584,50,1
3078,22231.2,12,5.11,173972.78,636,77,0
3079,25982.35,36,4.6,38628.3,671,50,0
3080,117998.03,24,5.17,114815.9,632,41,0
3081,8696.42,12,5.74,57963.95,593,30,0
3082,5000.0,60,3.57,99240.04,742,32,0
3083,119783.84,36,6.42,78395.39,546,38,0
3084,86183.99,24,7.91,83000.5,444,41,0
3085,179829.66,24,3.05,24773.24,778,18,0
3086,5000.0,60,6.79,70650.74,521,44,0
3087,8490.65,60,3.86,61550.75,722,18,0
3088,5564.04,12,5.48,20000.0,611,64,0
3089,57508.35,12,2.73,39569.19,800,18,0
3090,46571.5,12,5.27,33681.0,625,47,0
3091,22262.44,48,5.71,106840.22,595,47,1
3092,5000.0,36,3.63,110015.63,738,65,0
3093,51035.64,24,3.12,32294.86,773,47,0
3094,42212.52,36,2.57,55260.95,811,43,0
3095,5990.06,60,8.57,20000.0,398,49,0
3096,119795.2,36,7.79,32152.79,452,37,0
3097,11091.58,36,6.49,72569.62,541,37,0
3098,68033.11,12,6.54,218536.01,538,48,0
3099,108174.15,60,5.64,142032.32,600,40,1
3100,43312.57,36,4.84,150634.17,655,54,0
3101,14174.47,24,4.63,30263.67,669,31,0
3102,18498.76,12,4.11,42781.02,705,59,0
3103,108467.23,36,5.93,43782.75,580,52,1
3104,17709.41,60,5.05,116570.23,640,45,0
3105,68558.56,24,5.01,48719.16,643,21,0
3106,231091.47,60,4.89,113236.53,651,57,0
3107,430224.6,60,5.65,67581.21,599,74,0
3108,38122.69,60,4.6,121439.12,671,38,1
3109,87594.97,48,6.42,159534.54,546,57,0
3110,231523.72,24,2.41,45032.04,822,43,0
3111,23474.02,60,6.19,97477.11,562,28,0
3112,14545.0,48,4.34,20000.0,689,33,0
3113,6065.09,12,5.39,47422.31,617,43,0
3114,7593.48,48,5.64,87646.58,600,51,0
3115,96055.73,12,7.12,219095.64,498,23,0
3116,44424.43,48,5.71,62473.1,595,34,0
3117,103458.39,60,5.27,176692.37,625,45,0
3118,77902.81,48,5.75,144116.82,592,26,0
3119,56003.74,48,3.93,39188.55,717,50,0
3120,46992.32,60,2.48,75751.16,817,70,0
3121,5000.0,12,5.03,21540.2,642,43,0
3122,102893.86,60,4.17,300000.0,701,56,0
3123,27050.67,24,3.12,55264.95,773,25,0
3124,41024.81,48,6.47,116545.66,543,35,1
3125,5000.0,24,2.33,115483.04,827,59,0
3126,137501.07,60,6.83,47969.36,518,24,0
3127,116518.61,60,4.92,32957.23,649,34,1
3128,39184.02,36,3.93,71086.93,717,62,0
3129,43056.0,24,2.67,155768.31,804,35,0
3130,61041.91,36,4.94,43722.31,648,18,0
3131,15373.49,24,4.76,175228.93,660,36,0
3132,12546.02,36,2.54,91273.91,813,71,0
3133,56046.41,36,7.11,26971.46,499,66,0
3134,5514.32,24,6.38,20000.0,549,43,0
3135,30262.49,60,6.7,92849.37,527,41,1
3136,33938.59,12,6.49,44893.13,541,80,1
3137,24009.73,60,6.26,174070.39,557,30,0
3138,10244.81,12,3.12,106860.64,773,35,0
3139,21949.77,24,2.7,74513.45,802,60,0
3140,20591.06,48,4.36,38172.92,688,32,0
3141,34583.98,60,3.48,218158.49,748,50,0
3142,56147.43,36,3.73,24543.18,731,26,0
3143,172469.71,60,4.91,68283.62,650,67,0
3144,7783.78,24,3.57,60464.1,742,38,0
3145,103185.15,48,3.82,78295.06,725,35,0
3146,16716.19,48,3.98,20000.0,714,32,0
3147,44747.6,60,4.79,20000.0,658,27,0
3148,39564.13,60,4.65,35663.45,668,39,1
3149,40703.45,60,5.16,43642.14,633,18,0
3150,64251.66,24,7.47,49749.53,474,28,0
3151,24038.13,12,5.01,37331.7,643,45,0
3152,19216.99,12,4.84,89197.37,655,46,0
3153,95809.9,36,6.22,20000.0,560,43,0
3154,12429.16,24,5.61,76411.33,602,33,0
3155,9937.55,48,3.89,27635.01,720,67,0
3156,5000.0,36,3.64,21773.83,737,58,0
3157,11822.7,48,7.34,50107.5,483,43,1
3158,36545.72,48,5.93,62195.38,580,43,0
3159,38664.62,60,3.76,94851.93,729,37,0
3160,14679.67,48,6.76,20000.0,523,35,0
3161,5000.0,48,5.11,139839.04,636,42,0
3162,68254.2,24,6.73,42921.38,525,59,0
3163,70935.78,60,6.2,75445.72,561,38,0
3164,306799.0,60,4.4,148523.12,685,64,0
3165,115144.04,36,4.01,60295.74,712,35,0
3166,130226.46,60,3.4,67457.64,754,67,0
3167,80024.86,12,2.0,20000.0,850,40,0
3168,47790.95,24,5.19,67116.66,631,55,0
3169,6879.61,36,5.11,225951.24,636,79,0
3170,48684.51,12,3.05,25075.01,778,80,0
3171,5000.0,48,3.28,173274.54,762,24,0
3172,108271.38,12,4.12,86883.15,704,60,0
3173,32871.76,36,5.48,20000.0,611,30,1
3174,59779.21,60,3.83,20000.0,724,50,0
3175,5000.0,24,5.77,36103.65,591,52,0
3176,38205.14,36,5.87,88313.68,584,57,0
3177,17924.07,12,4.52,133422.01,677,25,1
3178,16771.42,12,2.0,125455.55,850,27,0
3179,24686.62,36,5.33,123168.68,621,32,0
3180,5000.0,36,4.84,28422.12,655,53,0
3181,31429.89,36,7.21,88577.14,492,48,1
3182,33331.76,60,6.23,35499.8,559,51,0
3183,99436.52,36,4.39,123601.51,686,27,0
3184,29757.99,48,4.23,280061.42,697,47,0
3185,22592.97,24,2.09,20000.0,844,35,0
3186,262448.29,24,6.44,30251.54,545,35,0
3187,42339.79,48,4.72,138326.47,663,43,0
3188,31991.05,12,5.58,94946.45,604,22,0
3189,34252.59,12,4.5,111141.83,678,52,0
3190,82821.58,12,5.69,20000.0,596,23,0
3191,20827.04,12,7.44,131667.11,476,38,0
3192,24646.05,60,3.98,88864.34,714,56,0
3193,70503.41,48,6.0,20000.0,575,22,0
3194,5000.0,24,5.26,85532.21,626,23,1
3195,100186.72,48,4.82,73053.35,656,60,0
3196,28123.73,24,4.95,26952.45,647,28,1
3197,43529.19,12,9.23,41220.25,353,59,0
3198,70832.76,60,7.24,115771.26,490,51,0
3199,15465.85,36,5.32,61833.84,622,24,1
3200,110506.77,36,2.0,147451.29,850,47,0
3201,193700.18,12,6.28,33692.34,556,51,0
3202,34088.05,12,5.46,73423.54,612,24,0
3203,138181.34,48,2.96,22810.24,784,45,0
3204,5000.0,60,3.89,36055.66,720,57,0
3205,112328.12,60,4.3,156163.66,692,43,0
3206,18628.99,48,4.73,87755.34,662,47,0
3207,18661.67,60,7.69,104331.83,459,42,1
3208,12944.29,60,7.22,54332.93,491,60,0
3209,19064.04,36,6.25,20000.0,558,43,0
3210,12007.15,60,5.49,135705.43,610,34,0
3211,118153.45,12,3.16,66731.86,770,41,0
3212,114643.49,36,4.87,45375.62,653,21,1
3213,5391.03,12,5.84,23224.19,586,18,0
3214,7707.61,12,5.33,20000.0,621,32,1
3215,99031.83,48,2.92,97151.27,787,67,0
3216,25452.84,60,4.73,59535.83,662,60,1
3217,9272.62,60,3.95,102292.41,716,20,0
3218,35735.85,60,5.62,154967.35,601,29,0
3219,26949.94,60,7.72,80806.03,457,35,0
3220,12369.35,36,3.96,52970.14,715,42,0
3221,63782.79,24,4.44,28805.45,682,29,1
3222,49887.15,12,3.51,20000.0,746,35,0
3223,5249.23,24,4.79,60360.28,658,60,0
3224,129771.83,24,2.0,78673.96,850,30,0
3225,40875.46,24,6.29,58469.01,555,53,0
3226,14397.74,36,6.49,206331.19,541,56,0
3227,11551.97,24,5.19,68302.19,631,80,0
3228,7306.12,36,5.35,50128.16,620,34,0
3229,27637.74,48,5.2,67461.63,630,28,0
3230,7282.57,48,5.05,40899.84,640,19,0
3231,26877.0,48,5.39,20000.0,617,54,1
3232,8053.67,36,5.71,100052.49,595,51,0
3233,53473.19,36,6.36,64959.11,550,43,0
3234,76912.18,12,4.11,20000.0,705,49,0
3235,39872.38,24,3.18,84740.39,769,46,0
3236,56980.6,60,2.0,70664.57,850,38,0
3237,139337.41,60,4.39,95806.87,686,39,0
3238,50856.9,24,3.28,21991.99,762,43,0
3239,22640.27,60,4.6,27792.62,671,80,0
3240,29844.61,60,3.89,58156.23,720,58,1
3241,98493.58,60,5.03,61712.53,642,27,0
3242,7004.52,36,5.33,60116.27,621,50,0
3243,19706.75,36,5.26,66650.57,626,44,0
3244,43052.27,36,2.16,39554.06,839,72,0
3245,56410.74,24,2.32,138237.51,828,63,0
3246,72090.16,48,6.13,90518.16,566,43,0
3247,19151.44,60,4.18,73339.17,700,44,0
3248,7882.96,12,5.3,48192.22,623,27,0
3249,154876.3,36,2.31,97696.44,829,54,0
3250,5000.0,12,6.64,112712.38,531,62,1
3251,5035.53,60,3.27,115957.14,763,46,0
3252,34154.15,48,4.76,23379.36,660,48,1
3253,85537.84,12,7.61,90685.19,464,40,0
3254,74472.67,60,2.12,20000.0,842,58,0
3255,138789.1,60,7.44,94838.26,476,24,1
3256,7634.4,36,6.41,87826.86,547,28,0
3257,23558.4,48,6.73,88615.58,525,58,0
3258,16574.18,60,3.02,69155.13,780,23,0
3259,98617.37,48,5.8,60179.0,589,35,0
3260,33506.18,36,6.61,60058.37,533,40,1
3261,5000.0,12,4.02,64244.59,711,52,0
3262,61543.98,24,6.52,75822.84,539,47,0
3263,24608.22,24,4.24,40928.27,696,18,1
3264,37873.27,24,4.39,63206.82,686,53,0
3265,112115.64,48,4.55,73677.66,675,41,0
3266,14835.32,24,7.75,165107.11,455,60,0
3267,13739.26,12,3.22,149749.83,766,30,0
3268,15271.43,60,2.79,35796.05,796,68,1
3269,20632.64,48,3.54,64985.55,744,27,0
3270,5678.26,12,3.82,98088.39,725,38,0
3271,59737.38,48,5.17,20000.0,632,63,0
3272,11621.75,48,2.41,106594.44,822,78,0
3273,130283.08,48,6.93,29848.2,511,27,1
3274,12147.31,36,8.21,115170.96,423,80,0
3275,14761.66,60,3.11,125117.12,774,18,0
3276,17621.36,24,7.47,44417.23,474,56,0
3277,73167.0,36,3.32,57547.24,759,71,0
3278,27896.43,60,6.97,144674.19,508,29,0
3279,85555.44,24,3.98,20764.35,714,63,0
3280,76821.85,36,5.99,171624.71,576,37,0
3281,132600.34,36,4.34,125623.43,689,33,0
3282,70653.31,12,2.86,83123.61,791,24,0
3283,5000.0,36,6.13,22526.0,566,43,0
3284,90786.61,48,2.51,25354.24,815,47,0
3285,139089.62,36,4.89,95180.07,651,27,0
3286,253274.58,48,4.75,62334.85,661,66,0
3287,6691.86,60,3.19,76717.99,768,35,0
3288,47501.85,60,3.0,67562.12,781,44,0
3289,11123.36,48,5.01,75120.22,643,48,0
3290,15225.11,12,7.15,228409.89,496,80,0
3291,68439.29,12,4.84,20000.0,655,64,0
3292,190086.1,60,7.11,71561.64,499,57,0
3293,45175.57,36,5.04,20000.0,641,38,0
3294,95051.2,60,5.43,78925.76,614,50,0
3295,5000.0,60,7.02,94124.71,505,52,1
3296,5000.0,48,6.2,83185.59,561,44,0
3297,45406.75,12,3.06,63459.26,777,59,0
3298,24631.53,48,5.39,20000.0,617,80,0
3299,110253.78,60,5.58,161040.42,604,28,0
3300,17975.51,24,4.14,20000.0,703,51,0
3301,28286.19,36,2.54,149955.85,813,50,0
3302,37529.2,60,5.77,102829.18,591,41,1
3303,15944.11,48,3.21,60801.67,767,34,0
3304,119568.01,24,4.92,88828.68,649,34,0
3305,31230.86,24,2.1,83117.11,843,78,0
3306,27595.89,60,3.37,20000.0,756,47,0
3307,94773.75,12,5.45,20000.0,613,60,1
3308,18696.75,24,4.52,210673.59,677,40,0
3309,85040.76,36,6.09,65620.21,569,51,0
3310,6520.97,48,4.68,20000.0,666,52,0
3311,10092.87,48,6.12,26643.56,567,41,1
3312,150635.44,48,5.91,126701.69,581,48,0
3313,92399.82,60,3.21,20000.0,767,64,0
3314,24542.89,48,4.59,92557.13,672,28,0
3315,50868.64,48,4.39,67890.39,686,48,1
3316,143209.06,36,5.64,69669.07,600,53,0
3317,11903.91,12,5.36,63796.79,619,56,0
3318,5000.0,60,5.43,73530.99,614,59,0
3319,38551.98,60,5.77,29752.69,591,55,0
3320,7692.35,48,5.83,215735.53,587,62,0
3321,10370.84,36,6.17,20000.0,563,38,0
3322,111068.32,24,6.93,34779.38,511,66,0
3323,5000.0,48,5.03,42707.91,642,46,0
3324,84864.31,48,6.31,79796.99,554,58,1
3325,36381.84,60,2.49,108769.58,816,25,0
3326,40968.91,60,6.86,125509.36,516,54,0
3327,55701.72,48,5.51,143370.54,609,47,0
3328,28232.86,60,3.85,59414.47,723,40,0
3329,6142.96,36,8.04,87370.43,435,64,1
3330,5424.95,24,3.79,42948.88,727,48,0
3331,70194.86,24,6.12,180577.08,567,48,1
3332,12489.47,24,6.49,81025.04,541,23,0
3333,5000.0,48,4.07,40678.96,708,34,0
3334,194645.07,48,3.91,44471.89,719,47,0
3335,196589.66,48,6.52,121622.61,539,34,1
3336,23752.12,36,5.4,111298.52,616,66,0
3337,5000.0,24,3.16,70914.46,770,40,0
3338,64962.67,60,5.56,43019.7,605,30,0
3339,88896.4,60,6.38,41109.14,549,28,0
3340,6677.35,12,5.1,62510.36,637,42,1
3341,7277.81,12,5.05,46253.19,640,57,0
3342,86361.55,60,5.29,119260.99,624,30,1
3343,127492.99,24,4.27,38457.26,694,29,0
3344,78212.43,48,5.85,81202.12,585,36,0
3345,11203.76,60,3.99,71379.38,713,43,0
3346,26510.72,60,5.45,20000.0,613,29,0
3347,45919.95,12,7.0,85576.89,506,46,0
3348,8735.14,24,2.61,109893.73,808,68,0
3349,11824.26,60,7.16,20000.0,495,44,1
3350,16626.03,48,3.72,61623.98,732,38,1
3351,35617.85,48,5.16,119221.38,633,61,1
3352,35749.69,36,4.88,20000.0,652,27,0
3353,84179.66,48,6.19,73833.47,562,52,0
3354,69920.41,60,5.62,127462.59,601,45,0
3355,122516.96,60,3.76,222845.17,729,70,0
3356,89458.66,48,6.52,79679.67,539,63,0
3357,14643.28,12,5.65,98917.9,599,18,0
3358,20120.75,24,3.38,91890.82,755,48,0
3359,34699.7,60,5.77,20000.0,591,23,1
3360,5000.0,48,4.88,280883.9,652,62,0
3361,117119.34,48,4.75,84743.25,661,30,0
3362,5000.0,60,6.19,54767.41,562,56,0
3363,19462.95,36,4.3,155498.32,692,62,0
3364,42102.64,24,5.03,34970.91,642,18,1
3365,36474.11,60,6.09,93355.77,569,67,0
3366,53132.33,48,3.99,50759.8,713,61,0
3367,37488.01,36,4.71,33827.3,664,29,0
3368,13003.44,60,5.01,66513.4,643,62,0
3369,11224.61,24,5.37,73912.86,618,27,0
3370,118890.8,36,7.05,60288.51,503,58,0
3371,15324.0,48,5.14,299687.49,634,43,0
3372,16493.11,12,8.15,73427.92,427,23,0
3373,26632.51,24,3.85,48944.58,723,67,0
3374,7508.5,36,6.6,72026.65,534,67,0
3375,35389.98,60,4.14,108645.67,703,47,0
3376,54685.98,60,6.96,89281.04,509,45,0
3377,77089.08,36,6.8,188012.88,520,38,0
3378,62145.08,60,6.0,80023.49,575,53,0
3379,7987.08,36,2.2,20000.0,836,51,0
3380,30446.47,24,5.55,74016.59,606,67,0
3381,5000.0,60,2.48,74701.62,817,48,0
3382,5000.0,24,4.24,131599.95,696,65,0
3383,29002.57,48,5.29,20000.0,624,18,1
3384,14581.86,48,4.66,96288.32,667,57,1
3385,57499.62,48,4.43,118694.45,683,47,0
3386,64411.36,48,4.27,75165.77,694,50,0
3387,112882.37,60,2.99,111648.42,782,72,0
3388,71498.21,36,4.79,29276.98,658,61,0
3389,5000.0,60,4.02,123941.58,711,39,1
3390,23230.75,60,2.07,24997.64,845,32,0
3391,15943.05,24,7.19,39822.33,493,18,1
3392,24398.8,36,5.08,104462.31,638,51,0
3393,8722.17,12,3.75,239209.65,730,63,0
3394,5140.64,12,6.93,211104.76,511,64,1
3395,36801.12,36,6.33,85188.03,552,38,0
3396,63716.42,12,6.29,20000.0,555,63,0
3397,60518.14,36,4.36,41126.1,688,64,0
3398,29977.77,24,4.15,51933.93,702,59,0
3399,36936.42,24,6.2,20000.0,561,45,1
3400,36317.49,60,4.3,24541.12,692,44,0
3401,58813.08,12,5.85,126498.67,585,53,0
3402,5000.0,36,3.09,201979.89,775,55,0
3403,61875.81,24,4.17,140993.46,701,37,1
3404,43637.73,60,3.85,43249.64,723,39,0
3405,11039.11,12,2.61,108040.35,808,49,0
3406,5000.0,12,3.91,64936.95,719,35,1
3407,5744.05,12,5.74,24347.9,593,37,0
3408,37189.54,24,4.73,82168.97,662,18,0
3409,71025.36,24,6.83,101042.86,518,29,0
3410,20372.65,12,6.52,29231.27,539,56,0
3411,23831.19,24,4.05,20000.0,709,60,0
3412,136016.07,12,2.48,44032.43,817,44,0
3413,11977.18,48,3.35,156018.26,757,56,0
3414,5476.76,24,4.41,114889.49,684,18,0
3415,21034.78,36,7.11,46664.94,499,51,0
3416,68505.72,24,4.72,31577.49,663,23,0
3417,49185.31,12,6.38,64474.66,549,32,1
3418,26875.2,36,4.36,23041.98,688,54,0
3419,167268.08,60,6.84,75809.38,517,57,0
3420,66400.6,36,4.68,57121.57,666,18,0
3421,5000.0,36,5.67,20000.0,598,19,0
3422,68252.37,24,4.79,48749.43,658,34,0
3423,5000.0,36,5.69,20000.0,596,18,1
3424,52537.32,36,7.19,79760.4,493,38,0
3425,11816.69,12,3.43,21353.69,752,58,1
3426,59609.16,24,5.35,20000.0,620,21,0
3427,18537.21,12,5.55,53287.48,606,75,0
3428,103180.89,24,5.11,49412.89,636,41,0
3429,20542.52,60,5.87,81742.38,584,50,0
3430,48339.2,36,5.87,22295.37,584,29,0
3431,16838.54,24,2.83,168812.63,793,60,0
3432,124579.37,36,4.79,110551.15,658,48,1
3433,75933.26,36,5.55,173275.55,606,48,1
3434,13939.61,48,7.34,55448.42,483,50,1
3435,148597.58,12,5.67,28577.62,598,25,0
3436,22092.78,24,6.33,202280.36,552,51,0
3437,52758.24,60,5.53,109062.03,607,55,1
3438,67905.41,48,2.71,52130.18,801,22,0
3439,5000.0,12,2.83,62635.52,793,40,0
3440,159669.35,60,5.3,44467.33,623,40,0
3441,21113.37,60,5.91,129591.84,581,45,1
3442,10522.4,36,4.08,86642.23,707,55,0
3443,95092.49,12,3.29,95009.4,761,57,0
3444,60684.2,48,5.32,26216.55,622,43,0
3445,5000.0,24,2.0,58228.05,850,59,0
3446,6224.03,24,5.71,74723.08,595,24,0
3447,62796.98,48,5.43,20000.0,614,48,0
3448,5000.0,36,5.14,85642.18,634,18,0
3449,124551.53,36,5.4,69308.89,616,37,0
3450,67650.74,60,6.58,121844.47,535,52,0
3451,20435.43,12,3.79,136715.75,727,55,0
3452,22544.48,60,5.33,233761.54,621,49,0
3453,35311.23,24,2.0,73008.06,850,68,0
3454,22390.15,48,3.79,48752.09,727,46,0
3455,76500.97,12,4.44,22500.14,682,19,0
3456,183920.61,48,2.1,20000.0,843,18,0
3457,43916.22,12,3.88,61965.06,721,30,0
3458,29532.9,24,3.92,20000.0,718,30,0
3459,12601.21,24,5.88,20333.25,583,45,1
3460,52984.02,12,5.26,63694.66,626,36,0
3461,57850.78,36,3.47,45704.14,749,30,0
3462,57789.4,12,3.73,28388.93,731,36,0
3463,5000.0,24,5.8,48408.48,589,39,0
3464,114692.22,48,2.0,113199.35,850,32,0
3465,20632.54,60,5.21,86834.88,629,45,1
3466,68161.28,48,3.21,132940.16,767,59,0
3467,71315.61,24,4.53,55558.01,676,35,0
3468,52570.45,48,4.25,44472.17,695,46,0
3469,25115.31,36,5.4,71582.8,616,76,1
3470,46873.7,36,4.62,20754.57,670,48,0
3471,5000.0,12,7.16,52072.39,495,61,0
3472,71752.34,48,3.31,47649.9,760,37,0
3473,5245.18,48,3.82,300000.0,725,62,0
3474,25271.26,24,2.2,150995.88,836,32,0
3475,5469.47,12,4.81,103190.11,657,54,0
3476,90723.1,12,6.36,89111.79,550,61,0
3477,39959.0,48,2.74,190091.78,799,68,0
3478,58713.44,60,5.3,88562.31,623,46,0
3479,57376.81,48,10.0,33006.39,300,40,1
3480,92133.56,48,4.18,30738.95,700,24,0
3481,7110.99,48,3.56,115321.94,743,43,0
3482,53900.52,36,3.15,100893.69,771,57,0
3483,42799.08,12,6.23,88223.42,559,55,0
3484,5000.0,36,4.17,137125.76,701,44,1
3485,11246.19,60,4.08,131915.46,707,50,0
3486,15569.48,24,4.02,20000.0,711,70,0
3487,5000.0,60,5.78,56729.0,590,55,0
3488,21903.53,12,4.4,95111.77,685,41,0
3489,5000.0,24,3.29,161324.87,761,44,0
3490,40280.36,60,7.64,105970.14,462,55,0
3491,11881.2,12,4.94,116380.67,648,53,0
3492,16913.91,60,3.45,23873.85,750,78,1
3493,120659.98,24,2.57,20000.0,811,69,0
3494,34939.84,24,2.67,85348.58,804,29,0
3495,15668.04,60,3.54,43857.03,744,35,0
3496,45622.63,36,2.2,96858.52,836,64,0
3497,11261.75,60,3.5,37103.0,747,33,0
3498,5000.0,60,8.3,42848.35,417,47,1
3499,5000.0,60,5.56,114055.47,605,69,0
3500,151339.53,36,2.84,66611.74,792,49,0
3501,64478.5,48,5.65,35335.36,599,59,0
3502,80458.93,24,3.03,59214.23,779,48,0
3503,197949.78,12,3.79,102940.33,727,43,0
3504,134140.11,24,2.17,62422.81,838,18,0
3505,66763.56,24,5.55,94442.62,606,48,0
3506,59206.4,48,7.59,53135.52,466,37,1
3507,20537.7,24,5.23,152258.43,628,65,0
3508,5491.71,24,6.99,58227.77,507,18,0
3509,42633.24,36,5.59,41476.46,603,37,0
3510,42930.97,36,8.98,179109.28,370,65,0
3511,152075.5,36,4.89,66957.68,651,74,0
3512,29220.99,36,4.28,93370.54,693,62,0
3513,58689.58,36,4.2,41080.84,699,55,0
3514,42779.85,12,3.48,91281.65,748,19,0
3515,9725.39,48,4.44,102559.82,682,29,0
3516,44832.29,60,5.85,33094.02,585,58,0
3517,38839.13,36,3.09,120894.16,775,25,1
3518,34051.64,48,3.88,61054.49,721,41,0
3519,36018.0,60,5.01,120866.44,643,40,0
3520,8955.61,24,5.07,36335.43,639,51,0
3521,31132.36,24,5.83,43150.32,587,55,0
3522,46526.24,48,3.03,75128.42,779,18,0
3523,33613.26,12,4.87,30673.48,653,49,0
3524,33538.59,12,3.63,77014.91,738,34,0
3525,5000.0,48,7.82,86085.76,450,53,0
3526,10583.86,12,4.71,75027.3,664,18,0
3527,19354.7,12,4.5,71312.31,678,60,1
3528,27180.1,24,6.61,25308.77,533,34,0
3529,45062.4,12,6.0,20000.0,575,39,0
3530,99514.83,12,3.82,64029.69,725,69,0
3531,8667.98,48,4.04,20000.0,710,42,0
3532,5000.0,12,4.49,20000.0,679,59,1
3533,29822.55,36,3.02,42664.41,780,44,0
3534,28290.75,36,4.08,30124.13,707,69,0
3535,40137.08,48,2.87,88334.69,790,50,0
3536,89554.52,36,6.23,63912.91,559,52,0
3537,81065.54,24,4.56,85718.26,674,47,0
3538,5270.43,48,4.78,119732.17,659,40,1
3539,135901.52,12,6.68,153682.41,528,58,0
3540,5849.98,36,2.33,110149.13,827,33,1
3541,50334.1,24,5.58,73675.46,604,55,0
3542,55799.06,48,4.34,27955.48,689,59,0
3543,56952.58,48,5.62,144705.07,601,53,0
3544,15418.13,12,3.27,23056.23,763,30,0
3545,20049.64,60,5.29,121866.15,624,51,0
3546,39778.59,36,5.3,164806.51,623,60,0
3547,11131.4,24,4.88,89676.84,652,25,0
3548,5000.0,48,4.79,28691.91,658,22,0
3549,41293.31,36,5.71,45281.36,595,57,0
3550,31300.47,24,6.04,78754.91,572,35,0
3551,53462.07,24,5.69,34950.2,596,56,0
3552,7932.24,48,5.14,72864.32,634,70,1
3553,91918.94,36,4.52,88632.82,677,22,0
3554,7904.17,24,5.51,94936.83,609,21,0
3555,110978.24,48,6.57,44748.97,536,57,0
3556,29848.34,36,6.67,66752.0,529,64,1
3557,39903.75,36,6.25,76099.47,558,70,0
3558,113448.49,48,4.43,20000.0,683,57,0
3559,17827.54,36,3.64,43407.34,737,42,0
3560,10034.07,60,6.52,70000.68,539,46,1
3561,29507.12,24,4.3,87885.38,692,50,0
3562,14009.99,24,4.37,174886.34,687,70,0
3563,37522.28,36,2.25,82781.98,833,49,0
3564,16096.97,48,2.0,22113.41,850,34,0
3565,99935.32,12,3.37,32686.8,756,48,1
3566,46738.6,36,3.89,126618.27,720,21,0
3567,5000.0,12,4.14,218146.77,703,36,0
3568,81859.4,36,5.99,27193.07,576,40,1
3569,20039.73,12,6.58,42190.58,535,39,0
3570,19298.42,36,7.18,224628.5,494,21,0
3571,24149.4,48,4.69,189797.16,665,27,0
3572,49748.1,12,6.01,101100.25,574,44,0
3573,29175.26,60,3.76,42865.16,729,57,1
3574,49528.57,48,6.55,26099.58,537,38,1
3575,7936.93,36,4.55,40243.25,675,46,0
3576,175602.76,12,6.03,49570.83,573,58,1
3577,65393.81,24,6.92,51448.37,512,80,0
3578,14397.91,48,6.1,20000.0,568,40,0
3579,64398.51,12,5.85,30908.48,585,32,0
3580,42786.3,48,4.95,71584.43,647,56,0
3581,5781.15,12,5.8,41602.83,589,57,0
3582,9812.69,24,6.26,21387.22,557,25,1
3583,5000.0,60,6.09,28087.46,569,28,1
3584,82836.45,24,10.0,56114.54,300,24,0
3585,40115.16,36,5.46,20000.0,612,34,0
3586,19044.62,48,4.87,157592.69,653,57,0
3587,6753.48,60,5.53,20000.0,607,50,0
3588,33086.87,48,4.63,106803.94,669,47,0
3589,37249.54,12,3.51,215769.45,746,30,0
3590,60524.45,36,3.38,20609.96,755,29,0
3591,175223.35,36,3.5,25079.26,747,46,0
3592,28541.66,48,5.81,56850.61,588,44,0
3593,26046.68,36,6.26,45499.77,557,52,0
3594,23096.22,48,5.74,129344.13,593,65,0
3595,87701.2,12,4.04,53826.84,710,27,0
3596,8498.94,12,4.46,30402.7,681,42,1
3597,21065.47,48,6.03,111639.25,573,46,0
3598,64543.9,24,3.35,49738.0,757,47,0
3599,5000.0,24,6.52,29702.99,539,46,0
3600,17080.92,12,5.68,34290.58,597,44,0
3601,51283.96,60,4.62,20000.0,670,47,0
3602,10286.8,24,3.7,20000.0,733,52,0
3603,18027.74,48,3.24,21835.66,765,34,0
3604,33280.99,12,4.47,54864.46,680,52,0
3605,27411.11,36,6.71,48790.24,526,52,0
3606,5604.0,36,3.38,20000.0,755,48,0
3607,139221.18,24,6.44,30935.4,545,68,0
3608,5000.0,60,5.61,101187.22,602,48,0
3609,69263.3,24,6.35,95273.91,551,50,0
3610,5000.0,60,5.05,68381.58,640,30,0
3611,31489.45,24,6.41,23936.25,547,60,1
3612,9643.53,36,4.23,128481.62,697,73,0
3613,7605.01,60,4.31,57149.01,691,47,0
3614,6727.91,36,3.82,34061.04,725,18,1
3615,30145.82,48,4.5,24821.86,678,61,0
3616,36230.34,48,4.59,108026.04,672,65,0
3617,7157.99,12,6.35,20000.0,551,48,0
3618,194112.85,36,5.9,80116.48,582,37,1
3619,14904.53,36,5.07,43577.11,639,64,0
3620,30702.14,12,4.94,140435.31,648,62,0
3621,12184.51,48,5.4,265527.6,616,48,0
3622,34053.29,48,4.11,34301.97,705,62,0
3623,70532.75,60,2.0,129796.18,850,34,0
3624,36813.38,60,4.33,83011.35,690,64,0
3625,16819.03,48,5.9,76576.04,582,49,0
3626,14277.32,24,3.77,20000.0,728,40,0
3627,71134.31,36,5.83,40669.91,587,46,0
3628,6291.66,60,4.4,126128.02,685,57,0
3629,23099.11,24,4.23,152585.89,697,49,0
3630,8213.24,60,4.57,186899.49,673,72,0
3631,14918.67,12,5.78,40843.13,590,63,0
3632,8284.03,36,4.81,93207.61,657,27,0
3633,108917.81,60,5.65,42390.05,599,58,0
3634,65820.54,48,5.65,71977.37,599,60,0
3635,41154.51,12,7.31,92205.65,485,54,0
3636,12707.54,12,5.1,43813.21,637,30,0
3637,35690.65,48,2.0,97701.53,850,61,0
3638,36785.33,12,8.56,54758.3,399,48,1
3639,44629.17,36,8.15,61737.76,427,29,1
3640,5000.0,60,4.84,20000.0,655,50,0
3641,180414.71,12,3.82,38898.05,725,61,0
3642,31315.47,36,6.87,39504.63,515,32,0
3643,130545.11,48,4.6,281190.82,671,32,0
3644,5000.0,60,5.16,32216.47,633,55,0
3645,14221.59,48,5.8,60811.81,589,50,0
3646,5490.5,60,4.36,32817.99,688,57,0
3647,73400.43,12,6.38,54878.03,549,46,0
3648,19292.32,12,3.44,70971.87,751,80,0
3649,91783.22,60,7.7,27128.29,458,39,1
3650,89304.39,36,5.04,120193.16,641,55,1
3651,55100.12,36,4.76,28415.87,660,38,0
3652,54798.06,36,5.16,20000.0,633,23,0
3653,60225.26,24,5.67,66509.68,598,43,0
3654,56006.69,36,4.01,221621.16,712,40,0
3655,24462.04,12,5.51,20000.0,609,71,1
3656,57415.5,24,7.12,20000.0,498,51,0
3657,113849.26,36,5.91,113566.55,581,33,1
3658,20216.3,12,4.78,32096.68,659,45,0
3659,144920.32,24,5.71,74269.56,595,31,0
3660,5000.0,12,5.39,134739.24,617,41,0
3661,21468.62,60,3.79,108286.95,727,60,0
3662,7083.85,12,5.78,70497.48,590,52,0
3663,6769.22,24,5.05,71482.25,640,20,0
3664,84486.19,36,5.2,70352.47,630,33,0
3665,125276.89,24,3.35,79928.69,757,32,0
3666,75199.48,36,4.85,158014.73,654,34,0
3667,187784.56,36,3.75,23034.2,730,49,0
3668,12188.3,48,5.96,20000.0,578,60,0
3669,7587.67,60,2.36,97828.21,825,39,0
3670,36771.82,48,3.7,36284.29,733,35,0
3671,88315.59,24,2.51,181384.27,815,57,0
3672,5000.0,48,4.63,76475.4,669,49,0
3673,270918.84,36,5.8,195985.9,589,37,0
3674,46096.07,24,5.24,106646.2,627,39,0
3675,193023.29,48,4.62,50803.68,670,40,0
3676,22712.94,12,4.63,65005.4,669,61,1
3677,30626.66,60,5.51,128110.18,609,51,0
3678,69789.25,12,4.94,20000.0,648,72,0
3679,78679.52,24,4.55,133557.98,675,53,0
3680,13265.58,48,6.1,61655.06,568,31,0
3681,132821.12,36,5.45,54448.8,613,19,0
3682,101029.63,48,2.97,258051.24,783,35,0
3683,5000.0,24,3.16,159065.48,770,20,0
3684,6880.88,24,6.07,31045.26,570,33,1
3685,34268.59,24,2.16,81467.42,839,45,0
3686,30897.86,24,6.07,27133.82,570,25,1
3687,61617.05,48,4.33,92445.48,690,56,0
3688,5000.0,12,2.99,227220.65,782,37,0
3689,51761.5,36,6.07,180195.09,570,57,1
3690,47903.83,36,6.55,89617.93,537,30,0
3691,13303.83,60,4.2,82313.83,699,55,1
3692,39087.33,24,5.03,57986.04,642,37,1
3693,12564.76,24,5.42,238185.44,615,41,0
3694,7945.27,24,6.89,119360.94,514,35,0
3695,42564.37,12,3.0,45833.51,781,42,0
3696,189654.87,24,4.55,71110.84,675,53,0
3697,13520.49,60,3.92,73823.48,718,24,0
3698,21951.31,60,3.22,32744.47,766,78,0
3699,14824.25,12,7.44,74162.26,476,78,0
3700,15493.65,24,4.66,97759.81,667,37,0
3701,25891.85,48,7.12,28209.94,498,59,0
3702,60508.85,48,3.82,137387.46,725,27,0
3703,5000.0,36,2.96,37828.02,784,20,0
3704,157472.38,12,5.04,46344.36,641,73,0
3705,5000.0,48,5.01,36894.36,643,56,0
3706,106538.08,36,4.08,31041.53,707,47,0
3707,112394.48,60,4.23,154094.22,697,56,1
3708,37168.28,36,5.24,173011.73,627,35,0
3709,7366.85,24,3.89,40746.8,720,46,0
3710,41637.24,24,5.26,142567.14,626,48,0
3711,49528.11,60,4.47,20000.0,680,23,0
3712,97511.61,12,6.74,52226.28,524,62,0
3713,40024.97,24,3.24,21850.89,765,38,0
3714,26441.79,24,6.19,251062.54,562,27,0
3715,91097.9,36,4.46,157477.66,681,70,0
3716,198039.13,36,6.55,20000.0,537,63,1
3717,51796.41,36,5.56,32952.75,605,41,1
3718,103727.49,48,5.67,53449.6,598,26,0
3719,45656.68,60,4.15,62732.2,702,53,0
3720,58524.97,12,2.77,20066.61,797,46,1
3721,58264.39,36,6.03,111875.63,573,78,0
3722,61002.91,12,6.25,142242.1,558,65,0
3723,19357.7,36,3.41,84999.2,753,38,0
3724,42861.18,24,5.96,80622.95,578,67,0
3725,45086.81,12,2.0,37020.29,850,65,1
3726,18922.05,48,6.47,51208.08,543,18,0
3727,21527.79,36,3.86,77645.42,722,53,0
3728,71826.1,60,7.15,83949.77,496,63,0
3729,43700.35,24,6.39,66224.94,548,39,0
3730,8079.56,36,6.33,133472.7,552,26,0
3731,90896.03,12,5.78,97059.36,590,80,0
3732,107327.93,36,3.72,143669.17,732,69,1
3733,31381.19,24,4.97,72170.09,646,49,0
3734,11717.01,60,3.25,71818.93,764,18,0
3735,147448.63,60,3.75,124945.15,730,39,0
3736,106967.89,60,6.36,28258.12,550,75,0
3737,14010.95,24,5.07,300000.0,639,65,0
3738,5023.83,36,3.13,36897.68,772,41,0
3739,29049.32,24,6.16,33525.97,564,38,0
3740,56411.89,24,4.08,138071.53,707,67,0
3741,9642.15,36,5.97,101759.0,577,42,0
3742,35996.4,48,6.31,113010.26,554,43,0
3743,27705.4,60,5.35,73547.02,620,52,0
3744,110614.9,12,6.52,29618.22,539,54,1
3745,28067.95,12,3.11,200496.58,774,29,0
3746,38154.5,36,9.03,134051.93,367,55,0
3747,155373.65,12,4.15,41200.59,702,30,1
3748,17811.74,48,4.17,125944.2,701,65,0
3749,17053.5,24,5.58,44190.63,604,40,0
3750,80370.77,60,7.83,49608.44,449,50,0
3751,16254.59,12,4.25,52857.55,695,18,0
3752,89149.66,12,5.56,38156.56,605,58,0
3753,5020.62,36,5.83,72507.09,587,60,0
3754,5897.6,36,3.18,134805.9,769,38,0
3755,115795.36,24,2.79,94297.91,796,25,0
3756,38914.81,60,5.65,112319.78,599,24,0
3757,63436.99,12,6.04,82161.16,572,45,0
3758,12763.25,24,8.92,20000.0,374,29,1
3759,9092.55,60,7.24,286867.22,490,44,0
3760,90076.63,24,6.06,151409.99,571,47,0
3761,22206.92,12,3.35,85352.61,757,49,0
3762,30351.47,36,4.25,26272.2,695,67,1
3763,5000.0,36,3.38,109219.06,755,65,0
3764,24378.31,36,3.91,68263.89,719,48,0
3765,73579.06,48,4.91,78951.99,650,55,0
3766,86095.4,24,4.78,132793.59,659,51,0
3767,59991.53,12,4.14,91164.99,703,67,0
3768,58911.96,24,5.24,172158.33,627,48,0
3769,35285.21,36,4.46,47951.41,681,59,0
3770,38645.17,24,4.39,20000.0,686,79,0
3771,67862.37,60,4.56,66003.15,674,52,0
3772,14204.55,24,5.74,49163.68,593,38,0
3773,13166.85,48,2.97,98962.21,783,39,1
3774,149711.49,48,2.99,33461.75,782,35,0
3775,5000.0,36,6.76,47996.18,523,57,0
3776,7510.08,12,7.85,101795.25,448,51,0
3777,42237.17,60,5.56,56401.12,605,40,0
3778,66939.03,12,6.09,139947.34,569,69,0
3779,38597.73,12,7.31,34060.19,485,40,0
3780,21930.21,60,5.46,24548.8,612,47,0
3781,190781.4,48,2.84,110225.21,792,34,0
3782,60844.91,36,4.25,20917.82,695,44,0
3783,89008.6,24,3.73,20000.0,731,34,0
3784,5000.0,48,2.99,24144.87,782,44,0
3785,13454.15,36,3.79,147425.99,727,30,0
3786,23433.91,48,5.16,42194.05,633,38,1
3787,10081.42,60,3.22,50235.33,766,35,0
3788,5000.0,12,6.07,116016.33,570,36,0
3789,12750.53,60,7.12,132930.72,498,32,1
3790,38139.4,24,2.89,118018.65,789,40,1
3791,59494.5,60,2.68,110001.79,803,18,0
3792,74365.64,12,5.51,39847.67,609,55,0
3793,5000.0,48,5.69,74387.86,596,50,1
3794,27929.61,36,4.11,20714.24,705,50,1
3795,6517.48,24,6.51,52602.2,540,43,0
3796,28211.35,48,5.27,20000.0,625,64,0
3797,28455.93,36,4.57,140062.01,673,34,1
3798,34478.85,12,5.93,50270.72,580,20,0
3799,111667.24,60,3.32,72683.03,759,49,0
3800,81762.28,48,4.55,44639.6,675,74,0
3801,50629.19,36,5.11,152263.35,636,67,0
3802,108318.57,36,3.48,20000.0,748,59,0
3803,56733.01,60,4.69,26283.32,665,79,0
3804,85422.86,48,5.96,71500.96,578,39,0
3805,41480.23,48,3.08,74376.13,776,38,0
3806,37245.0,12,4.95,141105.61,647,41,0
3807,64385.34,48,9.75,82888.35,317,18,1
3808,5000.0,60,4.5,73913.8,678,67,0
3809,58620.08,48,7.7,36685.84,458,45,0
3810,136299.17,12,2.0,152860.39,850,35,0
3811,62578.05,36,4.39,59378.88,686,42,0
3812,5000.0,48,4.39,38773.66,686,31,1
3813,23731.57,60,3.82,34229.6,725,45,1
3814,82926.5,48,7.51,73180.91,471,37,0
3815,159234.05,24,4.34,20000.0,689,38,0
3816,23114.74,12,6.39,20000.0,548,31,0
3817,92003.61,36,5.51,20000.0,609,45,0
3818,99685.17,24,4.28,210679.17,693,37,0
3819,6578.75,60,5.72,177277.03,594,65,0
3820,93471.5,48,7.72,31629.18,457,53,0
3821,19596.6,12,4.23,84407.87,697,25,0
3822,44976.32,48,3.88,112747.13,721,54,1
3823,38713.75,48,6.52,92818.81,539,50,0
3824,54391.61,48,6.06,24036.24,571,46,0
3825,67443.12,48,5.2,35832.92,630,42,0
3826,29069.66,12,2.12,83386.97,842,62,0
3827,109601.77,24,2.39,20000.0,823,28,0
3828,82904.74,60,3.34,145948.36,758,43,0
3829,76953.89,24,2.0,23385.36,850,19,0
3830,30647.24,12,3.35,76948.76,757,53,0
3831,5000.0,60,4.52,124602.42,677,44,0
3832,33888.93,36,6.52,135102.9,539,30,0
3833,114358.0,24,7.43,136490.02,477,47,0
3834,10563.85,12,5.62,37209.72,601,65,0
3835,202542.63,12,4.63,41081.6,669,46,0
3836,82432.49,12,2.0,88816.03,850,21,0
3837,61864.38,60,5.24,110037.51,627,44,0
3838,56529.92,48,4.69,106472.72,665,49,0
3839,44218.52,36,4.41,115596.46,684,34,0
3840,63768.13,60,4.62,97286.19,670,78,0
3841,27400.9,60,2.33,85065.74,827,23,0
3842,93309.53,24,2.99,39978.71,782,18,0
3843,59593.31,36,4.91,86872.55,650,30,0
3844,73756.96,12,5.83,195437.43,587,18,0
3845,78628.17,60,5.74,54070.39,593,59,0
3846,5000.0,36,4.87,50026.58,653,60,0
3847,5000.0,24,5.96,103633.59,578,20,0
3848,80718.97,48,3.6,23363.98,740,28,0
3849,15013.65,36,5.9,76288.07,582,26,0
3850,43610.08,12,2.65,141799.71,805,44,0
3851,29323.35,60,3.91,76781.04,719,52,0
3852,5000.0,48,6.81,76435.91,519,67,1
3853,5000.0,24,2.77,20000.0,797,51,0
3854,87759.39,12,6.84,55094.2,517,39,1
3855,46783.56,48,2.58,29470.1,810,39,0
3856,37100.39,24,3.83,21719.03,724,46,0
3857,144435.53,12,2.0,63002.42,850,47,0
3858,9504.48,60,8.6,109872.68,396,43,0
3859,14918.34,24,4.71,59433.17,664,46,0
3860,70681.03,48,4.95,127138.48,647,44,1
3861,74635.04,12,5.81,108531.35,588,23,0
3862,25951.06,36,3.48,42001.99,748,47,0
3863,150774.75,12,5.39,46859.68,617,31,0
3864,139236.77,48,2.81,20000.0,794,48,0
3865,5000.0,48,6.28,240515.36,556,52,0
3866,9456.91,36,7.7,31540.7,458,62,0
3867,85800.91,48,6.0,78466.1,575,44,0
3868,20414.71,12,4.08,61634.18,707,35,1
3869,5016.59,24,3.45,188533.18,750,57,0
3870,76855.67,12,6.31,86500.05,554,45,0
3871,30310.28,48,4.15,68141.3,702,74,0
3872,33904.14,36,4.4,159972.34,685,23,0
3873,10312.44,36,4.62,78469.23,670,36,1
3874,54072.28,60,2.38,34349.66,824,34,0
3875,40063.5,36,5.33,99796.81,621,72,0
3876,11575.99,36,6.28,20771.49,556,51,0
3877,20800.89,48,4.81,30126.04,657,18,0
3878,45425.96,24,5.16,48717.5,633,18,1
3879,129428.27,24,3.6,24482.44,740,57,0
3880,126522.21,48,4.91,53231.4,650,29,0
3881,16977.26,36,4.55,20000.0,675,45,0
3882,66518.58,12,5.33,77018.18,621,41,1
3883,74698.23,24,8.24,95883.82,421,74,0
3884,82727.81,48,4.65,43539.93,668,41,0
3885,42287.22,12,3.19,20000.0,768,38,1
3886,5000.0,36,4.07,66754.04,708,53,0
3887,71706.27,48,7.12,108334.88,498,61,0
3888,5635.9,24,5.4,20000.0,616,46,0
3889,6214.22,12,5.27,300000.0,625,18,0
3890,46522.63,12,4.11,78879.56,705,57,0
3891,205281.97,24,4.71,111951.84,664,24,0
3892,13889.19,12,9.3,294941.96,348,21,0
3893,51896.21,24,6.41,91477.7,547,37,0
3894,18095.41,48,5.45,33356.05,613,46,0
3895,114496.33,60,5.87,39750.74,584,66,0
3896,45010.65,36,5.21,136926.7,629,18,0
3897,11626.71,48,5.61,121269.99,602,47,0
3898,15199.45,36,5.26,138621.88,626,67,0
3899,28324.03,36,3.77,104061.74,728,43,0
3900,6507.92,24,3.22,93623.75,766,56,0
3901,5000.0,60,5.14,114599.56,634,55,0
3902,56981.31,36,4.07,89762.79,708,36,0
3903,26141.96,36,4.31,27143.77,691,54,0
3904,64772.58,48,2.93,39895.73,786,46,1
3905,5829.96,60,3.93,125981.83,717,40,0
3906,47063.19,60,2.0,298534.64,850,68,0
3907,29287.05,36,3.91,142515.2,719,42,0
3908,5000.0,60,7.27,200008.32,488,67,1
3909,39351.14,48,2.96,20000.0,784,39,0
3910,5000.0,24,3.57,148767.21,742,43,0
3911,87931.64,36,3.61,118101.11,739,41,0
3912,49977.84,12,6.83,85786.1,518,60,0
3913,40705.61,36,3.32,46659.29,759,32,0
3914,7162.87,36,3.48,96357.43,748,51,0
3915,16945.76,24,6.95,130543.48,510,50,0
3916,33949.98,12,3.89,71334.83,720,51,0
3917,50158.31,12,4.49,38059.81,679,75,0
3918,10119.93,12,4.91,179796.26,650,41,0
3919,5000.0,24,5.04,55782.19,641,80,1
3920,21137.7,60,7.69,88018.49,459,61,0
3921,32973.19,12,5.01,20000.0,643,23,0
3922,10193.62,60,3.79,35212.98,727,27,0
3923,33879.98,48,6.12,150952.13,567,60,1
3924,20661.2,24,5.0,143045.99,644,33,0
3925,30356.7,60,5.65,95657.38,599,48,1
3926,21343.97,12,5.53,20000.0,607,34,0
3927,49505.99,12,7.59,39624.97,466,38,0
3928,5000.0,60,3.95,235987.1,716,41,1
3929,9371.04,60,4.89,72667.24,651,59,0
3930,28347.83,48,6.1,126950.45,568,41,0
3931,22025.87,24,3.18,38495.51,769,66,0
3932,24848.76,36,3.67,70357.77,735,30,0
3933,81421.02,48,5.01,38925.95,643,56,0
3934,108723.52,48,3.11,51670.08,774,48,0
3935,14295.43,48,2.61,33421.69,808,26,0
3936,90513.81,12,6.29,59529.58,555,36,0
3937,30697.38,60,6.54,61873.25,538,43,1
3938,15997.91,24,8.17,116400.18,426,63,1
3939,211529.08,12,5.94,20000.0,579,43,0
3940,87091.87,48,5.48,22638.79,611,76,0
3941,257956.64,24,7.29,71099.9,486,40,0
3942,9207.61,12,6.13,25400.02,566,46,0
3943,7765.06,36,3.85,28222.09,723,64,1
3944,34996.3,48,4.53,196578.17,676,26,0
3945,50894.55,12,6.03,111134.67,573,63,0
3946,9380.38,12,3.12,59729.43,773,35,0
3947,98459.69,48,6.87,36950.58,515,41,0
3948,37965.79,36,4.18,206894.39,700,48,0
3949,26461.52,60,5.26,20000.0,626,32,0
3950,46071.91,36,4.78,137470.22,659,80,1
3951,50386.56,48,4.47,215526.88,680,48,0
3952,5000.0,60,3.18,71494.53,769,47,0
3953,456978.58,12,3.89,91905.91,720,36,0
3954,22621.51,36,3.32,95886.61,759,24,0
3955,5000.0,36,6.39,115260.82,548,62,0
3956,95636.45,60,5.33,83702.25,621,40,0
3957,248225.86,12,6.29,90548.23,555,49,0
3958,84738.49,36,6.81,35972.91,519,30,1
3959,95487.47,60,3.6,20000.0,740,57,0
3960,49166.3,36,7.76,131413.57,454,40,0
3961,127761.46,12,5.77,23570.2,591,20,0
3962,5000.0,12,5.71,186787.59,595,40,0
3963,72776.62,24,5.23,62637.83,628,56,0
3964,55540.86,60,6.58,251539.72,535,53,0
3965,5000.0,48,5.99,89887.46,576,50,1
3966,39260.23,36,2.2,49014.39,836,44,0
3967,36186.54,12,5.3,109496.43,623,45,0
3968,58807.22,36,6.2,231743.21,561,36,0
3969,5000.0,36,4.57,75149.0,673,62,0
3970,81809.32,48,4.81,72388.6,657,44,0
3971,7506.47,12,2.12,67738.02,842,37,0
3972,27121.37,24,5.32,48258.73,622,71,0
3973,106552.75,60,4.21,84261.31,698,63,0
3974,41109.47,36,6.65,93717.55,530,46,1
3975,23868.81,48,5.96,248628.88,578,39,1
3976,5000.0,48,5.83,49063.12,587,40,0
3977,55778.8,60,7.08,203349.15,501,30,0
3978,215426.79,60,4.85,97910.12,654,59,0
3979,121405.37,12,4.55,110235.42,675,72,0
3980,63167.76,36,4.73,43335.39,662,53,0
3981,5562.94,36,7.27,63429.23,488,68,0
3982,13685.02,60,6.32,54397.65,553,57,0
3983,10341.92,24,5.49,117982.53,610,22,0
3984,21961.05,36,6.61,30836.56,533,66,0
3985,13427.79,48,7.89,29332.01,445,41,0
3986,14014.77,60,3.53,20000.0,745,48,0
3987,47950.77,36,2.71,110630.15,801,31,0
3988,19187.82,12,3.25,23079.66,764,18,0
3989,56530.37,60,4.49,69769.33,679,35,1
3990,147719.59,48,5.78,20000.0,590,49,0
3991,50871.61,12,2.0,71275.49,850,46,0
3992,69647.16,60,3.35,68012.15,757,56,0
3993,69631.8,60,6.12,45164.21,567,49,1
3994,20076.35,36,2.73,94181.72,800,47,0
3995,5000.0,12,4.68,42923.09,666,36,0
3996,5000.0,60,2.99,129220.06,782,75,0
3997,16568.48,48,2.6,151005.85,809,74,0
3998,58485.52,12,5.88,157265.73,583,49,1
3999,118587.72,36,5.11,70660.16,636,24,0
4000,159463.74,24,4.56,106854.2,674,50,0
4001,5000.0,60,4.78,70468.83,659,26,0
4002,230696.65,24,6.41,98103.0,547,24,1
4003,19467.08,60,4.75,73276.69,661,59,0
4004,92561.54,36,5.35,79025.62,620,32,0
4005,9940.57,36,5.32,192965.32,622,37,0
4006,5000.0,36,7.21,20000.0,492,58,0
4007,23769.34,36,5.26,81591.25,626,52,0
4008,97923.32,12,2.0,81176.31,850,55,0
4009,12475.98,12,4.25,41755.31,695,71,0
4010,8359.27,60,5.37,104695.56,618,36,0
4011,120288.69,12,4.14,67751.1,703,50,0
4012,139303.72,60,2.87,46121.99,790,67,0
4013,5000.0,12,5.96,78383.52,578,31,0
4014,64994.04,12,2.47,200461.59,818,43,0
4015,18495.81,12,6.47,300000.0,543,57,0
4016,23476.54,48,5.49,59385.74,610,26,1
4017,31659.36,36,5.61,54453.17,602,48,0
4018,27825.24,48,3.15,67284.51,771,40,0
4019,36177.62,12,6.52,20000.0,539,31,0
4020,43656.98,12,3.37,61809.59,756,63,1
4021,31330.11,48,5.19,20000.0,631,58,0
4022,60459.91,60,4.72,35081.38,663,53,0
4023,63399.2,36,3.19,98557.19,768,55,1
4024,29023.01,60,4.21,30625.68,698,39,0
4025,7684.56,36,3.06,85879.83,777,45,0
4026,51171.38,24,3.4,54885.81,754,32,0
4027,74130.73,36,2.0,42257.48,850,56,0
4028,50820.68,60,3.24,133866.98,765,31,0
4029,44343.24,36,4.73,75162.22,662,37,0
4030,13030.07,24,4.82,95095.13,656,29,0
4031,51801.18,24,2.39,54469.29,823,48,0
4032,20387.6,12,4.44,121237.28,682,41,0
4033,126011.48,24,4.15,25066.12,702,51,0
4034,53025.39,48,3.13,155506.52,772,35,0
4035,16298.95,60,5.36,20000.0,619,33,0
4036,32020.8,48,6.15,20000.0,565,51,0
4037,93729.22,48,4.01,45460.36,712,42,1
4038,20433.31,60,5.55,54017.62,606,80,0
4039,37268.42,48,2.63,52513.35,807,54,0
4040,56920.17,48,8.4,30785.58,410,47,1
4041,70228.89,48,5.56,208499.32,605,64,0
4042,9551.5,24,4.39,64962.11,686,60,0
4043,41637.97,60,5.74,157606.07,593,47,0
4044,121634.63,60,2.68,20000.0,803,80,0
4045,172666.31,60,4.41,32190.65,684,62,0
4046,53376.77,48,5.71,25185.74,595,28,0
4047,205709.42,24,4.37,20000.0,687,39,0
4048,42284.07,60,6.8,80037.62,520,18,0
4049,29224.06,36,3.96,44197.2,715,23,0
4050,40102.08,60,2.8,20000.0,795,80,1
4051,6148.65,12,4.94,34899.55,648,65,0
4052,25684.48,36,4.73,108131.54,662,19,0
4053,30661.84,60,6.36,177423.1,550,44,0
4054,94400.68,48,5.83,45478.88,587,39,1
4055,71075.06,60,3.19,38566.23,768,80,1
4056,45993.18,24,4.89,47977.67,651,18,1
4057,21330.14,24,2.0,36726.72,850,35,0
4058,10353.34,60,3.89,38937.8,720,35,0
4059,21367.52,48,6.39,189476.12,548,34,1
4060,56941.11,48,2.0,111959.43,850,48,0
4061,15260.93,48,6.81,124487.39,519,58,1
4062,27833.59,60,5.3,30285.19,623,37,0
4063,24450.78,60,4.49,107330.17,679,43,0
4064,72534.19,12,4.28,56658.63,693,30,0
4065,107616.56,24,5.64,26592.76,600,31,0
4066,60093.91,36,4.72,272971.41,663,51,0
4067,20897.3,36,2.8,91772.62,795,53,0
4068,28385.41,24,2.79,186040.23,796,18,0
4069,7736.3,12,2.09,143811.68,844,34,0
4070,9202.0,24,6.0,20000.0,575,40,0
4071,8973.83,12,4.31,31047.11,691,39,0
4072,6996.81,12,4.08,107081.73,707,41,0
4073,9897.02,48,7.4,52250.18,479,18,0
4074,11325.47,24,5.2,92935.46,630,61,0
4075,5930.5,36,3.93,140831.8,717,43,0
4076,51118.79,60,4.97,20000.0,646,80,1
4077,232307.6,60,5.74,87753.81,593,54,0
4078,105675.46,24,4.21,43899.76,698,50,0
4079,5000.0,60,2.99,115597.07,782,32,0
4080,27500.75,12,4.47,157482.12,680,36,0
4081,98060.03,60,7.91,64831.87,444,57,0
4082,7232.5,12,3.02,58522.88,780,40,0
4083,94077.15,12,6.63,91665.43,532,34,0
4084,44910.34,36,6.48,114182.55,542,73,1
4085,133899.25,60,4.4,238756.85,685,50,0
4086,104389.46,36,4.39,229689.67,686,56,0
4087,56510.46,60,5.72,146396.66,594,40,0
4088,53621.31,12,3.72,184486.63,732,63,0
4089,11986.78,60,4.81,63937.1,657,37,0
4090,6207.52,36,7.03,49859.91,504,62,0
4091,26840.81,48,6.26,20000.0,557,38,1
4092,10325.39,36,5.24,39029.65,627,69,0
4093,5402.47,48,4.75,107777.05,661,64,0
4094,18000.22,24,5.61,38259.13,602,38,0
4095,98480.93,36,7.5,74201.89,472,79,0
4096,5000.0,60,5.84,97026.02,586,47,0
4097,17310.61,48,3.86,117645.65,722,70,0
4098,27586.91,60,4.73,264140.19,662,28,0
4099,35725.67,48,3.48,73249.48,748,55,0
4100,10018.83,36,3.69,112338.54,734,51,0
4101,166518.59,36,7.34,53654.71,483,39,0
4102,43241.05,60,5.8,26723.61,589,59,0
4103,36918.79,36,3.83,42641.93,724,64,1
4104,5000.0,60,4.11,61268.79,705,53,0
4105,33248.92,12,4.11,96773.74,705,50,1
4106,90906.39,48,3.38,232581.43,755,49,0
4107,12400.29,60,2.97,68625.15,783,52,0
4108,21632.12,48,7.37,46639.04,481,57,0
4109,5000.0,12,5.45,46366.48,613,56,0
4110,188455.72,48,3.89,87008.85,720,54,0
4111,5000.0,60,3.69,85391.04,734,38,0
4112,114247.64,36,2.31,80627.23,829,60,0
4113,18770.16,48,2.67,63632.31,804,53,0
4114,44282.79,48,3.16,121725.38,770,50,0
4115,56864.88,12,5.52,20000.0,608,41,1
4116,7589.38,24,3.6,106661.41,740,59,0
4117,29327.72,36,2.0,49953.7,850,18,0
4118,19686.67,60,2.64,93664.0,806,44,0
4119,5000.0,12,4.28,104656.28,693,39,0
4120,89546.09,60,2.73,45716.26,800,37,0
4121,5000.0,60,4.5,289446.92,678,41,1
4122,52958.71,48,4.49,30578.01,679,29,1
4123,18849.52,12,5.14,171128.8,634,39,0
4124,10667.66,12,6.83,63157.43,518,27,0
4125,54993.56,36,3.43,135182.57,752,51,0
4126,42728.95,24,4.97,20000.0,646,59,0
4127,18935.53,60,4.6,101125.32,671,60,1
4128,35970.53,36,4.07,67235.04,708,53,0
4129,14133.87,36,5.65,107783.84,599,36,0
4130,99643.55,60,3.53,107402.08,745,28,0
4131,18830.68,48,5.03,128317.62,642,35,0
4132,14062.01,48,4.97,168826.19,646,40,0
4133,69682.81,60,9.43,200550.7,339,35,0
4134,5000.0,12,4.59,20000.0,672,80,0
4135,15599.54,24,6.16,20000.0,564,55,0
4136,23531.81,48,5.33,48839.3,621,53,0
4137,106954.47,24,5.93,82186.91,580,49,0
4138,150230.38,36,5.84,50453.48,586,37,1
4139,63023.27,36,5.14,136441.15,634,47,0
4140,33916.06,60,4.09,188429.86,706,55,0
4141,51168.96,60,2.64,122961.09,806,59,0
4142,26721.86,60,4.57,21138.04,673,49,0
4143,17749.95,48,5.48,172550.31,611,56,1
4144,150479.46,24,5.27,43983.14,625,37,0
4145,6130.43,36,3.43,20000.0,752,21,0
4146,21262.49,24,4.2,25679.93,699,64,1
4147,114675.8,48,6.64,134772.39,531,36,0
4148,64212.42,24,5.84,109319.82,586,36,0
4149,5000.0,24,4.79,70688.97,658,31,0
4150,5000.0,60,5.14,54022.36,634,49,0
4151,36336.49,24,5.69,23099.25,596,36,0
4152,33106.95,24,5.17,47948.67,632,67,0
4153,29258.74,24,4.49,20000.0,679,66,0
4154,18001.44,12,4.33,108796.61,690,50,0
4155,215769.71,36,4.84,132832.16,655,34,0
4156,15871.84,36,3.56,112880.85,743,72,0
4157,33671.17,24,4.24,140895.68,696,62,0
4158,25950.71,60,6.38,79379.88,549,35,0
4159,9331.51,60,5.39,136474.9,617,51,0
4160,11321.12,60,5.1,20000.0,637,49,1
4161,125236.74,36,5.13,65343.8,635,53,1
4162,97695.0,48,6.04,110739.43,572,47,1
4163,11097.48,24,5.69,43037.54,596,45,0
4164,104237.83,36,3.59,61854.06,741,80,0
4165,11734.63,60,6.33,63112.11,552,53,1
4166,49248.07,36,5.32,73164.9,622,35,0
4167,5000.0,36,3.08,32733.69,776,39,1
4168,106167.43,36,5.0,63464.98,644,73,0
4169,5000.0,60,2.0,132537.15,850,40,0
4170,40477.63,48,2.54,22537.21,813,31,0
4171,75640.87,12,8.05,34358.47,434,46,0
4172,6212.15,24,6.48,68319.46,542,43,0
4173,25916.04,24,4.81,109012.3,657,67,1
4174,5000.0,36,5.36,22670.53,619,69,0
4175,57403.66,48,3.88,42032.85,721,41,0
4176,18368.71,60,3.95,197980.21,716,58,0
4177,40980.35,12,7.09,74768.97,500,44,0
4178,134953.73,12,3.21,104083.1,767,34,0
4179,18253.94,36,2.1,141741.27,843,73,0
4180,5000.0,36,6.89,75079.56,514,75,1
4181,56293.18,60,5.46,23436.99,612,51,0
4182,77285.88,60,5.37,57958.96,618,37,0
4183,158348.05,60,3.09,108799.14,775,31,1
4184,8586.94,36,2.71,116875.24,801,56,0
4185,24890.53,48,5.55,44161.44,606,66,0
4186,92940.0,36,5.58,40386.16,604,48,0
4187,82219.95,36,3.44,40267.3,751,63,0
4188,49014.23,12,5.21,117745.3,629,43,0
4189,15692.31,60,4.59,47082.61,672,38,0
4190,16706.22,24,3.53,20000.0,745,50,0
4191,6619.63,60,3.85,53710.47,723,18,0
4192,127458.61,48,4.49,107183.74,679,39,0
4193,9493.39,48,6.81,135584.23,519,59,0
4194,42535.29,60,4.04,42926.09,710,18,0
4195,43895.76,60,3.47,67656.37,749,27,0
4196,23070.47,36,3.82,64999.57,725,44,1
4197,21733.25,24,6.92,58395.78,512,29,1
4198,55219.71,36,3.72,58130.98,732,39,0
4199,24575.48,12,5.94,97192.84,579,18,1
4200,14726.3,12,8.41,138328.88,409,56,1
4201,25468.98,48,5.14,59557.08,634,63,0
4202,82425.07,48,6.58,28783.87,535,24,0
4203,169778.35,24,4.92,91350.1,649,50,1
4204,50523.23,48,6.73,231627.63,525,44,0
4205,76186.23,12,5.23,89121.09,628,53,0
4206,38052.55,24,7.28,78234.23,487,69,0
4207,49017.89,12,5.9,31100.6,582,29,0
4208,221504.81,60,4.43,20000.0,683,65,0
4209,28849.95,60,2.35,62990.11,826,72,0
4210,5000.0,24,5.32,89621.31,622,21,0
4211,157335.8,36,4.94,170793.67,648,61,0
4212,78766.73,48,3.76,75842.39,729,34,0
4213,25400.68,24,4.33,20000.0,690,56,0
4214,201978.77,48,4.25,31628.15,695,35,0
4215,21196.92,12,3.91,80337.39,719,38,0
4216,23270.33,36,5.48,80070.25,611,37,0
4217,47046.0,48,6.06,115560.09,571,32,0
4218,16034.19,60,4.52,35676.03,677,58,0
4219,59961.12,60,8.31,174454.11,416,54,0
4220,8293.89,12,7.91,95673.28,444,54,0
4221,5715.88,24,2.74,34756.34,799,41,0
4222,38272.78,48,3.27,56455.75,763,43,0
4223,40539.55,12,5.9,23573.27,582,52,0
4224,5639.13,60,6.71,114674.12,526,34,0
4225,166457.23,60,4.12,150291.42,704,39,0
4226,42582.14,60,3.89,213783.52,720,60,0
4227,8186.87,36,6.22,66048.48,560,52,0
4228,18657.82,36,5.1,82782.77,637,64,0
4229,80530.48,60,7.54,77551.42,469,18,0
4230,37036.21,24,5.55,144462.64,606,69,0
4231,10421.88,36,5.26,38480.51,626,60,0
4232,5426.55,48,4.68,56493.88,666,61,1
4233,28173.92,36,2.0,85376.86,850,22,1
4234,20580.3,48,6.63,138520.44,532,38,0
4235,53343.67,36,2.73,163576.11,800,40,0
4236,129678.29,60,5.77,128810.63,591,49,1
4237,14233.02,48,5.91,60482.15,581,73,0
4238,96631.81,24,3.4,103808.28,754,50,0
4239,126576.01,36,5.93,70203.05,580,64,1
4240,116140.72,36,6.22,46746.18,560,67,1
4241,151908.33,60,4.04,76975.17,710,57,0
4242,92292.4,48,4.23,300000.0,697,50,0
4243,45006.85,60,5.68,37774.91,597,65,0
4244,26368.6,48,2.31,41606.78,829,23,0
4245,33832.97,36,5.65,66364.33,599,56,0
4246,103025.96,36,7.24,134948.67,490,69,0
4247,17933.73,36,6.63,20000.0,532,49,0
4248,8673.74,36,6.67,119352.65,529,55,0
4249,7588.8,12,5.46,45379.9,612,62,1
4250,87721.63,36,2.83,112987.37,793,41,0
4251,71666.3,36,7.56,86330.83,468,80,0
4252,34422.45,48,2.44,55169.51,820,28,0
4253,16070.31,36,5.96,21295.8,578,18,0
4254,56600.16,36,5.77,138418.24,591,57,0
4255,5000.0,48,6.09,64728.9,569,37,0
4256,41992.86,36,5.69,54970.58,596,49,0
4257,25410.22,36,5.3,39556.67,623,50,0
4258,190517.64,60,5.14,91864.06,634,53,0
4259,35419.16,12,4.53,135909.02,676,26,0
4260,40177.99,48,7.99,70603.99,438,35,0
4261,62302.74,60,5.16,39428.96,633,63,0
4262,33134.63,24,4.24,158702.76,696,38,1
4263,12716.79,24,5.04,29216.08,641,44,0
4264,38531.43,12,5.33,61892.37,621,37,0
4265,144360.82,24,5.68,145098.65,597,53,0
4266,26374.09,12,3.4,57985.84,754,39,1
4267,56915.64,24,4.24,20000.0,696,70,0
4268,190913.4,24,5.24,82140.68,627,34,0
4269,88575.0,60,4.18,161662.17,700,24,0
4270,53798.65,24,3.59,45865.39,741,27,0
4271,66589.64,12,6.93,50722.39,511,62,1
4272,137822.58,36,4.2,137253.86,699,27,0
4273,160634.88,36,6.16,20000.0,564,25,0
4274,173637.03,36,3.05,164502.34,778,57,0
4275,49127.09,12,6.32,42939.58,553,72,0
4276,24283.21,12,4.97,20000.0,646,77,0
4277,7144.65,36,4.53,59725.5,676,43,1
4278,24351.22,24,7.63,107957.27,463,18,0
4279,143196.14,36,7.96,55334.72,440,42,0
4280,110271.59,48,5.53,25887.64,607,64,0
4281,37081.13,12,2.48,135930.26,817,29,0
4282,38502.2,48,5.2,63233.76,630,37,0
4283,18475.01,48,4.23,20000.0,697,50,0
4284,30303.35,12,9.46,91915.78,337,63,1
4285,62666.64,36,3.7,20103.73,733,31,0
4286,25744.25,60,4.21,216189.09,698,61,0
4287,10411.75,48,3.96,75225.35,715,56,0
4288,38919.96,36,4.87,35649.71,653,42,0
4289,12766.35,60,6.77,34844.04,522,57,0
4290,183039.01,48,6.01,72867.58,574,61,0
4291,24742.69,36,6.25,184219.4,558,70,0
4292,120211.5,48,4.12,42252.47,704,68,0
4293,12780.37,36,5.26,57086.83,626,28,0
4294,10487.25,24,3.72,90151.19,732,53,0
4295,47973.11,24,4.01,57913.87,712,45,0
4296,75565.47,12,2.36,20000.0,825,51,0
4297,41823.7,60,4.76,73208.9,660,46,0
4298,13054.97,48,5.24,41466.14,627,48,1
4299,5000.0,48,4.78,55453.48,659,45,0
4300,48154.55,36,8.81,201232.75,382,36,0
4301,7022.75,60,5.46,57915.17,612,49,0
4302,21016.99,48,4.04,20000.0,710,59,1
4303,56317.38,60,5.36,53450.89,619,43,0
4304,5158.34,60,5.29,64958.79,624,38,0
4305,6805.39,24,5.36,106609.42,619,49,0
4306,5000.0,48,2.63,81790.01,807,51,0
4307,277072.07,48,4.53,80847.79,676,35,0
4308,24475.78,12,5.16,86045.74,633,39,0
4309,118114.19,60,2.0,117383.34,850,29,0
4310,17377.66,36,6.84,20000.0,517,50,0
4311,69959.37,24,5.93,250922.82,580,40,0
4312,12363.27,12,6.51,51045.32,540,66,0
4313,34490.11,24,6.06,27713.45,571,53,0
4314,87038.8,36,3.12,91960.06,773,56,0
4315,84731.93,12,6.39,55927.04,548,48,0
4316,79062.14,24,4.89,128653.92,651,59,1
4317,86788.17,36,4.25,43174.81,695,21,1
4318,11879.39,12,3.93,140611.98,717,45,0
4319,32909.88,36,5.9,28233.76,582,41,0
4320,33166.94,12,4.12,217750.45,704,63,0
4321,110592.67,48,5.61,67301.1,602,26,1
4322,17612.23,48,4.92,178842.76,649,49,0
4323,134043.08,24,6.49,24378.83,541,65,0
4324,29964.24,60,6.84,113599.1,517,44,0
4325,55400.87,60,4.43,111608.6,683,44,1
4326,15659.1,36,2.0,59524.78,850,50,0
4327,26406.91,12,5.42,20000.0,615,42,0
4328,61859.41,48,4.98,114354.87,645,52,0
4329,35948.6,60,4.04,52890.06,710,62,0
4330,133471.3,48,3.38,159724.1,755,50,0
4331,66803.83,36,3.31,131853.97,760,45,0
4332,41551.88,36,4.14,159181.4,703,57,0
4333,108872.46,12,5.17,101088.91,632,68,0
4334,54764.35,60,3.93,74629.73,717,36,0
4335,52109.77,36,4.34,183095.86,689,74,0
4336,14142.78,36,5.01,300000.0,643,37,1
4337,25114.52,48,3.59,69613.46,741,51,0
4338,57490.59,24,4.3,157388.33,692,50,0
4339,111184.87,60,5.93,39768.31,580,51,0
4340,18956.8,12,6.47,26949.35,543,21,0
4341,12134.52,12,7.24,40394.23,490,27,0
4342,45032.68,48,6.29,37512.46,555,40,0
4343,5000.0,12,4.87,116957.17,653,36,0
4344,62682.97,36,3.43,47017.19,752,53,0
4345,60724.49,60,5.08,29064.36,638,63,0
4346,21922.61,12,4.49,29355.3,679,18,0
4347,111595.92,60,4.04,99518.7,710,28,0
4348,34875.95,12,6.68,116425.81,528,37,0
4349,51889.73,24,5.55,104795.16,606,28,1
4350,11759.45,24,6.61,113321.69,533,40,0
4351,27007.6,60,5.4,52936.72,616,32,0
4352,99176.59,24,4.53,245594.27,676,53,0
4353,11972.51,24,4.81,53942.63,657,80,0
4354,24761.92,36,6.12,44839.15,567,32,0
4355,19141.89,12,4.12,114742.6,704,64,0
4356,8191.29,24,4.53,52295.58,676,80,0
4357,17104.65,60,4.3,44126.94,692,35,0
4358,13248.58,36,4.69,55845.25,665,78,0
4359,128584.46,24,6.01,79669.68,574,32,1
4360,67561.58,60,6.68,140682.34,528,64,0
4361,18997.29,12,4.36,20000.0,688,33,0
4362,72056.34,24,4.3,141212.98,692,18,0
4363,5000.0,60,4.81,20000.0,657,61,0
4364,37382.78,60,2.0,21560.58,850,53,0
4365,14406.41,48,5.58,82811.67,604,44,0
4366,6070.1,60,4.41,20000.0,684,20,0
4367,107604.28,48,4.75,43172.4,661,65,1
4368,11115.98,12,4.97,130490.31,646,61,0
4369,86408.56,12,6.47,114525.19,543,18,0
4370,26655.49,36,5.3,140544.49,623,48,0
4371,5000.0,48,3.51,40748.38,746,53,1
4372,65937.92,60,4.07,54230.95,708,28,1
4373,45361.56,36,3.67,20000.0,735,60,1
4374,21092.83,36,5.8,55709.42,589,80,1
4375,16532.68,12,3.57,20740.05,742,61,0
4376,5000.0,60,6.51,300000.0,540,71,1
4377,141872.87,48,5.2,93667.95,630,58,0
4378,34059.44,12,6.39,79126.38,548,28,0
4379,5000.0,36,2.33,38761.53,827,57,0
4380,101505.8,24,4.68,35807.21,666,25,0
4381,16344.24,36,3.54,48198.05,744,37,0
4382,11382.86,24,4.33,86613.07,690,41,0
4383,16490.35,12,4.14,27293.65,703,39,0
4384,41571.23,48,6.44,20236.88,545,33,0
4385,5000.0,60,5.01,20000.0,643,41,0
4386,32865.54,24,6.49,95337.3,541,43,0
4387,113045.03,60,5.59,61104.74,603,64,0
4388,10423.31,12,4.88,47963.47,652,51,0
4389,20112.67,12,6.28,26862.4,556,59,0
4390,25219.15,12,6.81,48117.26,519,41,1
4391,44121.13,48,6.7,161721.31,527,59,0
4392,125822.5,24,4.02,34244.4,711,18,0
4393,25088.27,60,5.4,103449.72,616,25,1
4394,5000.0,36,6.81,114371.17,519,60,0
4395,21381.77,12,5.04,25012.83,641,36,0
4396,10541.32,60,3.91,29377.12,719,46,0
4397,52745.25,60,5.13,63741.96,635,18,0
4398,5000.0,48,7.03,237240.19,504,39,0
4399,17260.61,24,5.23,131145.45,628,26,0
4400,39391.96,48,6.15,63820.36,565,34,0
4401,16240.42,48,4.62,134283.35,670,46,0
4402,40036.09,60,5.52,20000.0,608,46,0
4403,6092.13,24,4.68,59730.5,666,41,0
4404,143064.87,24,7.5,20000.0,472,58,0
4405,17188.42,24,4.89,75350.97,651,38,0
4406,128198.04,12,5.39,110595.15,617,41,0
4407,19714.05,24,6.29,43022.77,555,27,0
4408,76126.37,60,4.91,41255.38,650,63,1
4409,14130.57,12,5.46,65008.88,612,32,0
4410,55398.13,36,5.11,46118.07,636,23,1
4411,19557.12,48,6.44,52017.78,545,26,1
4412,35581.76,24,4.79,143879.05,658,47,0
4413,56014.4,36,7.7,114719.48,458,43,1
4414,44443.81,24,5.3,87363.97,623,41,0
4415,42934.19,48,5.07,20000.0,639,60,0
4416,5000.0,60,2.58,98987.15,810,30,0
4417,14322.6,60,5.42,63074.05,615,52,0
4418,42412.83,48,2.73,46676.97,800,46,0
4419,5000.0,36,3.4,52312.62,754,51,0
4420,14427.07,12,5.23,164051.76,628,46,0
4421,13015.36,12,5.03,127828.64,642,33,0
4422,14374.51,24,6.61,51547.83,533,18,0
4423,38351.47,48,5.9,189464.79,582,57,0
4424,43608.95,48,4.71,121171.52,664,44,0
4425,119843.69,12,5.51,35546.65,609,46,0
4426,24390.55,36,3.76,34794.54,729,44,1
4427,130577.21,48,4.08,74469.92,707,22,0
4428,52771.08,60,4.62,28903.57,670,48,1
4429,121897.56,60,4.05,204517.9,709,45,0
4430,89629.62,48,4.41,76031.59,684,43,0
4431,58170.73,36,4.94,30685.88,648,70,0
4432,22011.05,60,6.04,172253.74,572,46,0
4433,13794.95,36,2.28,20000.0,831,43,1
4434,12576.6,12,4.01,76413.89,712,42,0
4435,152009.12,24,4.44,60984.94,682,28,0
4436,159192.14,12,6.09,20000.0,569,47,1
4437,64518.56,24,2.0,182236.21,850,49,0
4438,107620.39,60,5.99,44495.99,576,35,0
4439,125662.94,24,4.88,39887.77,652,56,0
4440,35826.54,24,4.82,115626.39,656,52,0
4441,49585.71,48,6.9,74044.47,513,43,0
4442,27129.1,24,4.28,31600.07,693,57,1
4443,27106.42,48,4.43,44054.09,683,39,0
4444,5000.0,24,6.48,166228.98,542,56,0
4445,28442.29,48,3.86,55519.83,722,37,1
4446,55964.71,60,6.33,233827.13,552,68,0
4447,27407.53,60,5.39,28429.33,617,36,0
4448,102946.54,24,6.06,49750.18,571,42,1
4449,20215.51,36,4.04,36633.44,710,32,0
4450,7117.48,60,4.2,109365.66,699,53,0
4451,83448.43,12,6.57,241322.8,536,27,0
4452,56034.91,12,5.78,70167.49,590,43,0
4453,13841.69,48,5.77,79934.78,591,24,0
4454,38442.19,36,3.98,47695.1,714,53,0
4455,25695.88,48,5.96,20000.0,578,53,0
4456,139729.27,24,5.1,55820.09,637,46,0
4457,46739.55,60,5.26,92834.97,626,37,0
4458,8621.88,36,5.39,42189.64,617,55,0
4459,34872.67,48,2.41,20000.0,822,30,0
4460,99227.24,48,5.9,20000.0,582,33,0
4461,55660.42,12,5.24,189160.07,627,55,0
4462,92401.28,24,4.39,47163.84,686,53,0
4463,14410.73,48,5.53,89862.54,607,53,1
4464,109619.93,12,5.77,138423.62,591,79,0
4465,70449.77,36,4.43,158417.64,683,47,0
4466,65265.91,48,3.77,41223.1,728,39,0
4467,21273.78,12,3.02,87111.47,780,42,0
4468,109310.4,24,5.2,94341.82,630,18,0
4469,50802.71,60,6.04,124845.11,572,50,0
4470,95472.95,36,6.04,93557.94,572,66,1
4471,22390.31,48,2.87,80004.79,790,39,0
4472,7870.84,12,4.44,28858.48,682,64,0
4473,20198.6,48,6.1,107359.7,568,30,1
4474,30372.73,60,5.9,65039.93,582,33,0
4475,38114.94,48,6.54,173587.8,538,33,0
4476,35750.14,48,5.03,107966.74,642,23,0
4477,39488.92,12,4.21,20000.0,698,66,1
4478,92164.99,60,2.67,27009.21,804,52,0
4479,9322.58,36,3.34,47970.3,758,54,0
4480,18993.62,12,4.87,63654.49,653,34,0
4481,109735.21,60,5.93,260487.87,580,56,0
4482,41101.12,60,4.25,116893.69,695,37,0
4483,43780.22,48,7.48,36744.79,473,38,0
4484,32510.38,24,6.06,119242.62,571,61,0
4485,39811.58,24,3.99,77226.36,713,32,1
4486,11037.3,36,3.64,120089.67,737,30,0
4487,39578.47,48,3.02,51680.32,780,28,0
4488,293429.22,24,5.08,276151.27,638,42,0
4489,41741.02,12,3.03,188523.34,779,75,0
4490,5000.0,36,5.48,104946.3,611,41,0
4491,79588.65,48,5.59,46801.12,603,25,0
4492,25248.43,12,4.47,119968.42,680,35,1
4493,8342.66,24,3.25,20000.0,764,38,0
4494,99213.77,24,3.56,197892.69,743,45,0
4495,11030.67,24,3.41,169695.32,753,50,0
4496,126768.37,24,4.15,96430.41,702,18,0
4497,29151.58,60,3.53,29754.22,745,26,0
4498,67893.28,36,4.88,51405.11,652,25,0
4499,39592.7,36,4.46,20000.0,681,60,0
4500,14827.85,24,2.0,57334.94,850,29,0
4501,55598.58,36,3.64,27258.99,737,49,0
4502,158400.29,12,4.88,20000.0,652,51,0
4503,73404.94,12,3.75,46677.79,730,37,0
4504,46319.33,36,6.45,50134.41,544,18,0
4505,233502.02,24,5.39,21254.6,617,62,0
4506,15416.47,48,5.21,84358.8,629,64,0
4507,5000.0,24,5.96,133674.45,578,44,0
4508,5000.0,60,2.33,88041.98,827,34,0
4509,62012.46,48,4.23,63633.35,697,71,0
4510,88666.23,60,4.07,67781.02,708,34,0
4511,50406.67,36,5.07,53927.54,639,56,0
4512,117707.92,60,6.6,46290.36,534,22,0
4513,59862.45,36,5.01,86733.45,643,51,0
4514,23177.6,60,5.53,90208.06,607,25,0
4515,9999.33,48,6.39,68198.35,548,50,0
4516,129278.89,60,3.82,47685.43,725,45,0
4517,5468.27,24,5.3,29340.53,623,39,0
4518,39152.33,36,7.51,20000.0,471,39,0
4519,18844.46,12,4.91,29380.02,650,61,1
4520,15832.55,60,4.89,47346.06,651,43,0
4521,51899.6,36,3.82,51116.41,725,50,0
4522,13148.62,12,4.73,300000.0,662,80,0
4523,124064.72,36,5.81,124303.52,588,26,0
4524,26047.49,36,4.2,87102.54,699,33,0
4525,56563.28,12,5.85,105105.64,585,20,0
4526,65052.78,12,3.89,272248.39,720,19,0
4527,57433.48,48,3.24,37488.58,765,73,0
4528,116858.95,60,8.52,204267.3,402,38,0
4529,13141.72,60,6.0,20000.0,575,18,0
4530,5000.0,36,4.24,56591.83,696,40,0
4531,5000.0,24,4.78,25695.69,659,37,0
4532,105122.88,24,3.03,20000.0,779,29,0
4533,181130.34,36,3.09,169460.05,775,38,0
4534,18014.54,48,3.57,55876.07,742,47,0
4535,59129.15,12,7.37,48442.96,481,38,0
4536,5000.0,36,5.16,56533.7,633,57,0
4537,10451.65,60,3.98,74433.04,714,44,0
4538,58442.25,24,4.95,32905.17,647,45,0
4539,5000.0,24,5.1,20000.0,637,42,0
4540,31603.55,24,3.12,64054.01,773,26,0
4541,54321.83,48,4.4,74937.49,685,27,0
4542,72612.77,60,5.29,178547.21,624,46,0
4543,30239.96,48,6.64,62137.83,531,33,0
4544,49751.01,12,2.41,71212.12,822,53,0
4545,38780.33,36,4.47,27401.94,680,39,0
4546,5000.0,36,5.59,27518.93,603,33,1
4547,67895.98,24,3.56,87544.29,743,48,0
4548,9458.97,24,7.25,113960.83,489,45,1
4549,5000.0,12,2.36,140562.21,825,20,0
4550,29998.14,48,4.02,83831.82,711,18,0
4551,100360.73,60,2.0,32737.85,850,53,0
4552,8174.76,12,3.99,20000.0,713,33,0
4553,5000.0,36,4.57,25217.95,673,47,0
4554,5825.52,36,5.8,83651.39,589,48,0
4555,22601.04,48,5.55,20000.0,606,63,0
4556,43395.49,12,6.73,25987.96,525,69,0
4557,10722.33,60,2.04,36305.41,847,27,0
4558,80965.32,12,4.72,98629.98,663,42,0
4559,69978.53,12,3.64,160930.87,737,43,0
4560,59513.95,48,3.43,69144.66,752,67,1
4561,33419.78,60,5.24,79619.38,627,23,0
4562,22723.6,36,6.09,63425.8,569,66,0
4563,23547.13,24,5.96,56987.72,578,53,0
4564,34965.36,60,7.16,92022.44,495,36,0
4565,5000.0,36,6.54,57361.24,538,58,0
4566,57333.25,48,4.14,195358.44,703,39,0
4567,21655.25,60,3.43,76241.64,752,20,1
4568,12729.05,60,4.91,82594.43,650,46,0
4569,16309.16,36,3.57,64928.28,742,41,0
4570,9940.49,36,3.54,118370.28,744,37,0
4571,115919.51,12,5.37,35402.24,618,33,0
4572,9258.53,12,3.34,27259.15,758,54,0
4573,107247.5,60,5.16,107177.52,633,44,0
4574,42460.05,24,5.53,75972.12,607,37,0
4575,101040.13,48,4.79,108242.66,658,35,0
4576,32128.81,36,6.96,50786.47,509,38,0
4577,131300.74,12,4.97,72197.82,646,36,1
4578,11880.56,48,8.27,45586.97,419,38,0
4579,40449.43,60,3.93,62419.13,717,55,0
4580,6724.52,36,6.8,20000.0,520,39,0
4581,29639.79,36,4.92,20000.0,649,47,1
4582,42187.31,12,2.76,20000.0,798,39,0
4583,46529.02,24,4.81,116201.06,657,18,0
4584,22748.17,36,7.67,113658.15,460,48,0
4585,5000.0,24,4.73,201012.17,662,34,0
4586,53257.82,48,5.29,109732.19,624,55,1
4587,33513.72,36,3.56,48110.73,743,69,0
4588,7360.01,36,5.08,63754.1,638,35,0
4589,137346.8,24,3.29,20000.0,761,58,0
4590,155803.17,12,4.28,48623.04,693,38,0
4591,97108.06,60,3.64,72331.99,737,40,0
4592,92852.77,48,5.05,132673.25,640,50,0
4593,5194.26,36,3.05,67895.81,778,18,0
4594,251186.86,12,5.67,23548.32,598,19,0
4595,25573.01,36,7.59,127011.31,466,45,0
4596,8903.8,48,6.51,43636.79,540,18,0
4597,83592.73,60,4.73,32503.95,662,61,1
4598,12791.78,36,4.52,61008.15,677,65,0
4599,37345.9,24,4.69,43208.96,665,50,0
4600,6849.21,12,3.15,72246.01,771,43,1
4601,32184.12,60,4.65,103746.38,668,61,0
4602,40838.28,36,4.44,48756.3,682,38,0
4603,29522.67,60,3.48,49585.48,748,39,0
4604,5000.0,24,7.35,104138.96,482,42,0
4605,33173.5,36,3.86,104351.11,722,32,0
4606,31644.28,60,3.0,77421.38,781,64,0
4607,15164.85,36,3.88,58453.97,721,63,0
4608,127297.59,36,4.46,148920.28,681,30,0
4609,27046.4,60,3.75,36592.8,730,33,1
4610,99797.61,36,8.04,105102.22,435,39,0
4611,5807.81,24,5.1,35207.0,637,63,1
4612,19200.64,60,6.8,70809.16,520,39,0
4613,9699.32,60,4.36,20380.52,688,47,0
4614,26247.14,24,6.38,72487.14,549,28,1
4615,5918.72,24,3.69,155030.1,734,67,0
4616,29083.4,24,5.52,122119.75,608,27,0
4617,21837.79,36,6.79,20000.0,521,38,0
4618,12636.02,36,6.29,150725.25,555,19,0
4619,51386.18,48,6.83,42112.76,518,63,0
4620,150706.51,36,4.97,93140.71,646,44,0
4621,11603.76,24,4.02,63990.9,711,71,0
4622,62203.44,48,5.85,39265.04,585,30,0
4623,67813.65,24,7.03,85519.71,504,60,0
4624,34469.76,12,4.94,40608.96,648,50,0
4625,113976.81,60,4.97,108371.13,646,33,0
4626,169646.68,12,5.64,40052.22,600,35,0
4627,22490.17,24,6.06,36181.96,571,53,0
4628,52638.94,36,3.06,110227.59,777,44,1
4629,54266.93,60,5.78,256499.71,590,34,0
4630,25845.16,36,7.02,130802.58,505,71,0
4631,19047.73,36,5.04,117911.65,641,45,0
4632,135711.61,60,4.15,66053.99,702,39,0
4633,78027.99,60,4.24,103752.07,696,28,0
4634,6078.14,12,7.24,48639.78,490,37,0
4635,6385.08,24,3.15,172076.84,771,18,0
4636,127901.47,36,4.6,20000.0,671,45,0
4637,5000.0,24,4.08,63720.14,707,55,0
4638,58305.17,24,2.0,52554.27,850,66,0
4639,12858.18,48,3.82,66399.06,725,38,1
4640,5000.0,12,4.08,37789.54,707,52,0
4641,5000.0,36,5.24,74939.35,627,39,0
4642,23382.09,60,4.92,36794.35,649,18,0
4643,5000.0,60,6.67,46011.73,529,18,1
4644,45396.19,24,4.79,95582.3,658,43,0
4645,52100.42,12,2.55,300000.0,812,18,0
4646,23377.82,12,4.3,45453.05,692,41,0
4647,67910.24,36,2.0,85518.16,850,38,1
4648,33671.4,36,4.15,144207.52,702,18,0
4649,28125.99,24,4.5,89455.88,678,18,1
4650,26127.04,24,5.11,57125.31,636,33,0
4651,28203.1,24,2.04,56348.25,847,67,0
4652,171925.73,48,5.59,151551.77,603,48,0
4653,57192.05,12,5.97,20000.0,577,33,0
4654,18932.14,24,6.2,74443.95,561,32,0
4655,66186.62,12,2.0,50991.25,850,49,0
4656,20043.84,60,4.71,20000.0,664,46,0
4657,6717.44,60,4.79,69053.73,658,54,0
4658,32252.18,12,4.15,40154.43,702,71,0
4659,69519.91,60,5.29,26065.58,624,61,0
4660,23713.43,60,6.03,163718.09,573,60,0
4661,101694.41,60,6.1,30490.35,568,42,1
4662,24465.66,36,6.15,23870.09,565,18,1
4663,21526.76,36,7.83,20000.0,449,18,0
4664,317233.39,12,4.84,82639.79,655,51,0
4665,32934.58,12,7.18,89569.69,494,35,0
4666,81794.54,48,4.12,253674.45,704,69,0
4667,81734.72,36,3.7,51787.03,733,66,0
4668,130434.69,12,5.8,45033.32,589,46,0
4669,5000.0,36,4.43,23064.14,683,37,0
4670,15819.19,48,3.86,93365.36,722,30,0
4671,72996.63,12,2.73,20000.0,800,68,0
4672,41345.53,12,5.48,39672.1,611,46,0
4673,41005.29,12,6.97,79188.45,508,33,0
4674,9089.0,12,6.23,41007.93,559,43,0
4675,16505.34,24,7.34,40021.09,483,40,0
4676,36837.62,36,4.23,34122.23,697,71,0
4677,16229.85,36,9.61,170258.65,327,47,0
4678,11804.02,36,6.38,38194.38,549,45,0
4679,5000.0,48,4.89,94268.84,651,24,0
4680,8463.91,24,6.48,36041.04,542,51,0
4681,73238.26,36,6.17,44554.9,563,45,0
4682,63430.75,36,3.72,66898.78,732,52,0
4683,5000.0,12,6.54,159731.42,538,45,0
4684,11362.86,12,5.58,20000.0,604,39,0
4685,41100.8,12,3.57,146915.28,742,45,0
4686,19476.72,36,5.46,30143.75,612,33,1
4687,86650.84,12,2.0,73622.75,850,47,1
4688,76853.38,36,3.32,61303.21,759,64,1
4689,111087.39,48,3.25,20910.56,764,58,0
4690,41383.24,48,6.93,40331.72,511,40,0
4691,21699.13,60,5.05,61473.51,640,41,0
4692,46578.43,24,5.33,20000.0,621,53,0
4693,5000.0,12,5.51,126035.16,609,50,0
4694,5000.0,12,5.69,67194.41,596,44,0
4695,5000.0,24,5.11,41775.17,636,36,0
4696,26173.84,24,8.41,49673.85,409,31,0
4697,12943.56,60,6.26,125495.5,557,31,0
4698,8559.45,24,2.47,146125.26,818,42,0
4699,47767.95,36,5.69,32134.35,596,50,0
4700,265875.44,12,5.87,22813.71,584,19,1
4701,9785.73,24,5.01,103200.83,643,55,0
4702,39529.34,36,4.87,25780.92,653,29,0
4703,6376.19,24,8.2,89719.62,424,34,0
4704,136084.47,36,4.71,29089.89,664,41,0
4705,17248.27,48,4.12,28907.39,704,50,0
4706,105326.18,36,4.07,20000.0,708,67,0
4707,16639.3,60,6.28,212112.17,556,38,0
4708,82008.38,36,2.67,146732.29,804,61,0
4709,11746.98,24,2.84,51419.04,792,38,0
4710,17321.34,48,2.97,76455.08,783,64,0
4711,10689.09,48,3.77,74823.3,728,43,0
4712,15343.92,36,5.42,214446.21,615,22,0
4713,90049.83,24,4.91,86522.55,650,34,0
4714,50948.37,48,2.84,117424.0,792,45,0
4715,26033.67,36,8.24,163080.49,421,41,0
4716,177929.46,36,5.99,31466.94,576,29,0
4717,31261.49,36,4.25,35993.03,695,25,0
4718,174929.44,48,5.24,146342.56,627,56,0
4719,10944.31,12,5.51,49996.08,609,18,0
4720,117503.98,24,2.55,27727.12,812,52,0
4721,5000.0,60,3.7,71660.92,733,28,0
4722,39406.22,60,3.51,143234.44,746,73,0
4723,27500.19,24,6.04,229424.69,572,18,0
4724,37231.27,12,5.72,186416.38,594,18,0
4725,40309.62,24,4.33,20000.0,690,38,0
4726,24635.48,36,4.28,51265.03,693,60,0
4727,315938.66,24,2.23,21641.19,834,77,0
4728,187553.04,24,4.37,32837.31,687,59,0
4729,163174.54,48,2.51,73593.12,815,47,0
4730,193364.55,60,3.96,73259.41,715,30,0
4731,78754.82,60,5.24,20000.0,627,33,0
4732,223665.35,36,6.04,32990.98,572,35,1
4733,111448.25,36,3.75,195076.83,730,38,0
4734,26886.95,48,5.45,20000.0,613,41,0
4735,76804.05,36,5.08,143621.74,638,47,0
4736,121559.49,12,6.12,42254.84,567,36,0
4737,62345.07,48,4.91,63893.61,650,47,0
4738,27476.79,48,4.05,156480.43,709,50,0
4739,5000.0,24,5.51,53424.76,609,28,0
4740,82956.87,24,5.96,203306.53,578,26,1
4741,152607.59,12,4.82,20000.0,656,61,0
4742,22507.17,48,4.24,124007.74,696,46,0
4743,8238.19,48,4.92,113206.35,649,42,0
4744,19763.65,24,2.16,188061.34,839,23,0
4745,43688.19,60,4.76,99662.92,660,56,0
4746,19057.82,60,4.17,57906.76,701,44,1
4747,47159.81,24,3.63,30889.77,738,67,0
4748,170339.0,36,4.34,49780.61,689,47,0
4749,55544.54,48,6.32,20000.0,553,41,0
4750,22522.55,12,6.12,119409.58,567,35,0
4751,137250.99,60,6.52,63549.28,539,68,0
4752,41693.54,36,6.83,56671.66,518,59,0
4753,6869.65,48,4.52,46791.41,677,48,0
4754,34555.56,36,3.11,108715.6,774,59,0
4755,53013.32,48,3.88,56354.78,721,50,0
4756,91086.52,48,3.89,68639.09,720,18,0
4757,137817.49,24,6.41,67692.76,547,59,0
4758,19093.49,24,4.2,98698.61,699,55,0
4759,8451.26,12,4.15,93428.68,702,28,0
4760,5000.0,12,2.48,156239.47,817,53,0
4761,67038.26,36,4.43,142778.37,683,32,0
4762,79275.88,24,2.39,46190.67,823,38,0
4763,26328.54,48,4.73,223546.53,662,47,0
4764,25202.88,24,4.27,92512.1,694,46,0
4765,154214.0,48,3.22,256134.94,766,43,0
4766,124254.13,24,4.55,83580.5,675,20,0
4767,13280.76,48,7.12,49931.87,498,45,0
4768,75890.28,36,6.36,41302.86,550,70,0
4769,48735.79,24,2.0,20000.0,850,49,0
4770,8374.96,60,4.78,78282.2,659,42,0
4771,22062.73,60,3.91,81461.79,719,55,0
4772,9768.69,48,6.47,64414.71,543,47,0
4773,17488.94,36,4.41,87341.31,684,38,0
4774,47764.73,48,2.97,20000.0,783,58,1
4775,23521.42,36,7.63,60238.59,463,48,1
4776,25048.68,12,4.62,24616.51,670,51,0
4777,38788.12,24,4.62,89299.38,670,42,0
4778,5000.0,36,4.44,74072.37,682,43,0
4779,67122.93,48,2.0,141855.71,850,56,0
4780,25683.95,12,5.3,51161.06,623,37,0
4781,32734.52,48,5.61,141245.69,602,79,1
4782,183062.69,60,5.17,59876.88,632,36,0
4783,21107.7,60,2.0,107497.08,850,35,0
4784,52237.31,24,4.69,34298.18,665,60,0
4785,24920.51,24,4.08,67837.69,707,44,0
4786,112349.35,12,8.25,62477.31,420,53,0
4787,93786.28,60,4.75,147632.15,661,67,0
4788,13828.82,36,5.17,62345.47,632,51,0
4789,58841.51,60,4.78,62873.19,659,50,0
4790,5000.0,24,5.39,243604.22,617,36,0
4791,165093.02,48,6.8,120098.64,520,32,0
4792,21461.52,12,5.32,52895.1,622,21,0
4793,89142.79,60,2.73,99909.51,800,34,0
4794,19167.92,36,4.73,128381.43,662,37,0
4795,50088.45,36,7.53,72260.66,470,33,1
4796,205495.63,36,6.63,116913.04,532,41,0
4797,104676.97,12,4.5,67734.03,678,37,0
4798,8739.45,36,6.47,148375.13,543,57,0
4799,39647.1,36,4.57,20000.0,673,25,0
4800,21426.33,60,3.09,29870.11,775,59,0
4801,28488.0,12,4.23,47779.07,697,55,0
4802,20412.18,48,6.35,116712.77,551,31,0
4803,20470.59,48,4.66,86718.15,667,25,0
4804,39104.74,36,3.83,35601.9,724,53,0
4805,10657.43,24,5.97,74278.1,577,53,0
4806,38544.13,12,6.48,20000.0,542,33,1
4807,16353.41,24,5.04,20000.0,641,25,0
4808,17052.94,12,2.65,20000.0,805,38,0
4809,67113.5,12,6.35,25298.03,551,18,0
4810,5000.0,60,5.55,113142.75,606,53,0
4811,23978.12,36,6.65,89030.93,530,35,1
4812,26173.12,60,6.01,54233.83,574,47,0
4813,33190.11,24,5.11,115744.24,636,71,0
4814,55283.51,24,5.13,154899.47,635,39,0
4815,23076.92,48,8.92,26331.17,374,55,0
4816,11985.06,60,5.26,144725.44,626,41,1
4817,108085.9,60,2.35,35362.08,826,38,0
4818,198267.57,60,4.71,40925.16,664,67,1
4819,5000.0,48,5.27,212060.75,625,36,0
4820,39534.35,60,5.74,76312.44,593,53,0
4821,20904.91,60,6.26,45915.46,557,49,0
4822,16216.58,60,4.76,101606.44,660,51,1
4823,20451.55,60,4.25,125869.91,695,54,0
4824,50926.94,24,2.39,76996.36,823,52,0
4825,10580.27,36,6.0,45944.22,575,36,0
4826,122012.37,24,3.03,86269.03,779,38,0
4827,31378.7,60,3.09,106371.1,775,49,0
4828,19694.88,12,5.51,60738.48,609,18,0
4829,72521.67,12,5.99,203596.12,576,50,0
4830,5000.0,48,7.0,83608.1,506,36,0
4831,28268.74,24,4.87,121062.5,653,60,0
4832,21948.79,48,5.33,123609.68,621,18,0
4833,20640.34,48,3.35,20000.0,757,51,0
4834,20554.4,12,4.4,101977.4,685,49,0
4835,5000.0,24,7.8,109259.04,451,47,0
4836,8250.6,36,5.01,45314.2,643,64,0
4837,7650.87,24,4.47,39691.05,680,45,0
4838,223753.19,48,5.26,20000.0,626,48,0
4839,5000.0,60,3.61,164543.47,739,26,0
4840,9140.5,48,5.74,33889.5,593,46,0
4841,182819.66,24,3.41,20000.0,753,41,1
4842,49477.57,12,5.72,52305.85,594,40,0
4843,29952.53,24,5.4,28926.56,616,21,0
4844,5000.0,36,2.09,20000.0,844,70,0
4845,55381.82,60,6.83,271419.31,518,30,0
4846,7413.57,60,4.78,27362.59,659,40,0
4847,55613.17,48,4.41,35742.37,684,22,0
4848,193583.65,24,5.81,74097.85,588,23,0
4849,37961.43,12,4.24,20000.0,696,23,1
4850,12045.31,36,3.85,62922.47,723,68,1
4851,49079.31,48,4.52,104478.19,677,20,0
4852,35967.34,24,4.63,79906.99,669,36,0
4853,38086.32,12,4.15,92776.48,702,38,0
4854,32514.63,24,6.01,61193.26,574,33,0
4855,56003.12,12,5.84,46618.94,586,31,0
4856,42425.22,24,4.24,94009.54,696,38,0
4857,217121.37,24,5.45,89387.68,613,26,1
4858,87395.77,48,5.0,26279.69,644,58,0
4859,15373.72,24,8.59,73287.19,397,68,1
4860,64686.95,24,3.93,64394.02,717,63,0
4861,12059.03,48,2.99,106374.31,782,18,0
4862,76242.53,48,4.02,85760.63,711,18,0
4863,7982.48,60,3.8,153630.09,726,21,0
4864,32080.31,60,3.57,127089.78,742,53,0
4865,78176.93,48,5.19,137624.57,631,37,0
4866,16433.03,36,6.22,108497.3,560,80,0
4867,90736.81,12,4.15,133376.53,702,45,0
4868,51662.4,48,3.37,50039.93,756,61,0
4869,25335.23,60,6.49,123635.68,541,61,0
4870,27531.77,24,3.88,64657.92,721,30,0
4871,130178.79,48,4.5,20000.0,678,32,1
4872,12281.67,48,5.08,122437.78,638,68,0
4873,59104.47,60,5.3,80366.84,623,19,1
4874,61429.36,60,4.52,171729.47,677,42,0
4875,127841.42,36,5.85,72650.2,585,55,0
4876,62442.28,60,2.0,34887.56,850,52,1
4877,43909.71,60,6.84,42809.86,517,39,1
4878,116406.7,60,8.62,56699.43,395,38,0
4879,88343.21,24,4.49,82117.29,679,26,0
4880,63075.94,48,4.79,134677.26,658,31,1
4881,5000.0,48,4.14,80855.01,703,69,0
4882,23381.95,60,9.07,25751.44,364,48,0
4883,49968.63,36,7.59,82869.73,466,35,0
4884,36933.44,60,5.56,149379.22,605,54,0
4885,19233.03,36,3.64,73877.73,737,38,0
4886,7799.01,48,7.56,92318.31,468,28,0
4887,40259.45,36,4.27,63008.17,694,36,0
4888,16837.84,36,5.27,62593.31,625,23,0
4889,13263.46,12,4.69,138253.24,665,68,0
4890,25454.54,36,4.95,115376.08,647,54,0
4891,76970.28,36,4.94,285418.47,648,54,0
4892,33457.23,24,4.95,46657.48,647,36,0
4893,12198.71,48,3.31,38882.84,760,44,0
4894,6216.02,60,4.87,20000.0,653,37,0
4895,34556.19,12,3.44,56251.15,751,23,0
4896,79082.97,36,5.56,65281.22,605,58,0
4897,52895.31,24,3.29,37395.79,761,56,0
4898,13207.97,24,5.26,93981.35,626,50,0
4899,28697.73,60,5.24,116982.99,627,45,1
4900,96630.58,60,7.5,90989.42,472,31,0
4901,9779.82,48,6.23,28596.81,559,49,1
4902,37972.96,36,5.94,39834.73,579,30,0
4903,22020.81,24,7.54,71448.98,469,32,0
4904,6629.72,12,6.17,144373.69,563,30,0
4905,5000.0,48,3.92,60679.71,718,35,0
4906,40582.05,36,3.76,20000.0,729,33,0
4907,5000.0,60,7.37,55845.04,481,55,0
4908,5459.84,36,2.49,68201.21,816,29,0
4909,21352.13,60,3.7,183862.78,733,44,0
4910,5000.0,36,2.0,20000.0,850,54,0
4911,25578.4,12,3.31,117592.0,760,63,0
4912,6984.09,48,2.16,20000.0,839,50,1
4913,21529.38,60,4.31,47733.25,691,18,0
4914,78309.27,12,6.04,88893.83,572,41,0
4915,49223.71,24,4.53,128287.55,676,55,0
4916,29475.5,12,8.17,40154.61,426,30,0
4917,5000.0,12,5.16,49045.33,633,64,0
4918,48267.44,12,4.98,60068.68,645,64,0
4919,8938.97,60,3.51,38279.67,746,52,0
4920,5000.0,24,4.62,172016.68,670,59,0
4921,54531.61,48,5.56,80089.43,605,63,0
4922,121554.97,12,6.95,110853.79,510,45,0
4923,30864.29,60,6.01,60633.5,574,58,0
4924,5000.0,60,5.24,60242.12,627,27,1
4925,106137.38,48,5.94,136225.23,579,55,0
4926,5000.0,36,8.73,67714.78,387,50,0
4927,101063.63,24,4.94,98924.09,648,80,0
4928,24864.17,24,5.59,51813.21,603,39,0
4929,22737.59,12,5.62,41036.18,601,64,0
4930,39131.43,36,4.68,77793.96,666,59,0
4931,157426.48,24,5.58,34786.0,604,43,0
4932,114503.46,12,3.35,20000.0,757,18,0
4933,31775.06,36,5.99,52126.96,576,39,0
4934,59507.31,60,6.12,198841.7,567,43,0
4935,43426.16,12,6.01,96678.87,574,59,0
4936,59120.61,36,4.66,45776.54,667,49,1
4937,88400.43,48,4.68,99503.13,666,45,0
4938,5000.0,24,5.72,149663.24,594,57,0
4939,19708.45,12,4.94,37817.15,648,56,0
4940,160112.13,60,4.36,99385.04,688,59,0
4941,149127.29,12,4.05,51094.55,709,32,0
4942,5000.0,24,5.08,160979.37,638,59,0
4943,11247.27,24,6.06,45269.81,571,64,1
4944,253919.29,36,6.06,49809.69,571,80,1
4945,33944.97,60,4.53,92073.44,676,52,0
4946,42532.88,36,3.86,33610.94,722,61,0
4947,9101.29,60,4.69,31807.22,665,51,1
4948,112374.37,12,5.48,156545.69,611,54,1
4949,13150.4,12,5.74,136467.18,593,61,1
4950,10514.31,36,3.75,113380.73,730,20,0
4951,12946.46,48,6.7,40220.2,527,49,1
4952,126050.55,24,5.61,69678.42,602,49,0
4953,60675.36,36,2.83,76359.9,793,35,0
4954,73179.59,36,3.22,190892.95,766,21,0
4955,23663.36,12,4.62,65545.5,670,38,0
4956,119942.14,24,5.62,37240.94,601,49,0
4957,77891.62,36,5.29,106567.79,624,41,0
4958,69434.33,12,4.79,77623.16,658,49,1
4959,176920.12,12,2.0,116394.21,850,31,0
4960,22800.84,36,3.43,169845.75,752,47,0
4961,47205.41,36,3.61,176758.0,739,50,0
4962,120358.24,12,5.14,44258.33,634,26,0
4963,78244.49,36,5.64,52104.97,600,24,0
4964,41434.48,24,5.2,20000.0,630,57,0
4965,5000.0,12,3.47,36759.33,749,46,0
4966,52881.69,12,2.55,64311.17,812,29,0
4967,37386.04,36,6.16,158834.21,564,38,0
4968,10178.11,36,8.25,62571.5,420,52,0
4969,106960.9,36,5.29,128351.19,624,31,1
4970,21022.49,24,3.37,42083.07,756,68,0
4971,24508.68,12,5.75,26816.09,592,53,0
4972,55798.33,48,4.25,68244.88,695,57,0
4973,33549.6,24,6.55,84429.5,537,47,0
4974,5000.0,24,5.35,37320.7,620,54,0
4975,24505.55,12,6.06,23296.27,571,76,0
4976,5000.0,48,5.14,45923.31,634,38,0
4977,10582.39,12,4.62,105846.46,670,39,0
4978,5000.0,24,3.91,68088.64,719,76,0
4979,10002.68,36,5.52,30920.58,608,64,0
4980,20057.27,12,6.57,34943.14,536,42,0
4981,38633.16,12,7.13,114405.71,497,33,0
4982,125836.72,36,3.34,59049.63,758,38,0
4983,38861.98,48,6.1,20000.0,568,75,0
4984,61141.4,48,4.17,147032.06,701,46,0
4985,22133.21,12,7.24,20000.0,490,60,0
4986,69641.95,36,2.64,133264.38,806,48,0
4987,48440.92,12,2.0,43007.46,850,49,0
4988,30790.24,36,4.44,29348.63,682,53,0
4989,10769.24,24,5.33,75424.84,621,43,0
4990,18087.31,36,2.83,56216.7,793,41,0
4991,48503.84,12,5.64,45326.27,600,68,0
4992,27761.2,60,4.84,78482.44,655,41,0
4993,110085.68,48,8.94,21827.63,373,52,0
4994,13383.53,12,5.03,72192.84,642,61,1
4995,5000.0,36,3.24,76071.91,765,53,0
4996,44500.53,36,5.59,42738.12,603,56,1
4997,108600.14,48,5.56,20000.0,605,20,1
4998,22685.97,12,5.55,58263.65,606,48,0
4999,52165.22,60,2.06,56908.78,846,64,0
5000,13160.05,24,4.59,52432.64,672,78,0
5001,40875.68,60,4.87,20000.0,653,62,0
5002,77274.38,24,5.51,72768.8,609,48,0
5003,100882.19,24,3.43,123170.42,752,53,0
5004,5553.23,12,6.09,54321.02,569,55,0
5005,22031.91,24,3.09,22073.09,775,18,0
5006,51033.2,36,5.08,90952.36,638,27,0
5007,5000.0,24,3.21,172243.36,767,47,0
5008,58658.47,24,5.45,30769.42,613,43,1
5009,37542.4,48,3.73,31742.18,731,39,0
5010,17023.65,48,4.14,149720.77,703,50,0
5011,84276.67,12,5.0,58161.17,644,52,0
5012,17128.09,12,2.93,20000.0,786,21,0
5013,237887.21,36,3.03,208221.4,779,24,0
5014,84741.67,48,5.85,20000.0,585,38,0
5015,61546.74,60,5.96,20000.0,578,53,0
5016,5000.0,12,5.27,23789.22,625,41,0
5017,117332.27,12,5.35,108500.93,620,36,0
5018,78045.56,48,3.41,115085.27,753,66,1
5019,13004.97,48,4.4,20000.0,685,55,0
5020,24899.43,36,6.22,32754.05,560,42,0
5021,15641.9,48,6.16,82324.87,564,72,0
5022,208075.64,24,4.75,170630.8,661,46,0
5023,96274.75,60,3.66,20000.0,736,59,0
5024,133124.19,24,2.64,20000.0,806,30,0
5025,77741.39,24,4.66,42887.03,667,24,0
5026,30472.32,24,5.1,20000.0,637,32,0
5027,11497.98,12,5.24,143772.44,627,53,0
5028,11664.76,24,5.97,61713.72,577,43,1
5029,8225.04,12,5.03,135112.84,642,42,0
5030,39554.49,48,5.62,83061.99,601,48,0
5031,126265.51,60,5.51,105872.28,609,47,0
5032,240169.29,60,4.05,36916.8,709,63,0
5033,16934.72,24,7.0,20000.0,506,36,0
5034,59753.05,60,7.7,55729.72,458,23,0
5035,45453.1,12,6.31,123821.26,554,69,0
5036,33563.03,48,3.76,204284.25,729,37,0
5037,54796.09,24,4.4,52717.33,685,63,1
5038,23210.07,36,3.54,109028.34,744,51,1
5039,144554.9,60,7.32,36318.5,484,67,0
5040,61115.13,60,4.17,46194.11,701,35,1
5041,70162.08,24,7.0,60770.07,506,58,0
5042,13881.45,60,6.49,180015.65,541,40,1
5043,9231.13,60,6.8,106231.37,520,34,0
5044,25071.89,36,6.55,95609.2,537,70,0
5045,72765.61,12,2.0,173578.28,850,33,0
5046,139677.06,24,4.14,32625.74,703,33,0
5047,27872.27,24,7.6,52282.77,465,28,0
5048,74395.71,36,7.21,96147.73,492,38,1
5049,31782.38,36,4.79,40714.0,658,47,0
5050,17494.06,12,4.68,50302.43,666,42,0
5051,67212.56,48,5.84,77560.88,586,50,0
5052,80024.44,24,2.47,62615.6,818,21,0
5053,11335.04,60,6.22,25049.82,560,44,0
5054,18204.37,12,3.57,35903.09,742,23,0
5055,34137.75,24,3.73,24805.48,731,38,0
5056,10321.81,12,2.0,108811.73,850,41,0
5057,132137.22,48,2.0,34830.31,850,44,0
5058,44742.84,24,3.91,96487.21,719,50,1
5059,6460.08,60,4.87,72679.34,653,26,0
5060,10168.88,24,4.4,63728.59,685,38,0
5061,154343.44,12,4.02,20912.79,711,79,0
5062,67002.72,48,7.61,72059.09,464,43,0
5063,66289.15,12,7.09,89532.54,500,42,0
5064,5000.0,12,3.5,109352.84,747,18,0
5065,112832.25,36,2.93,24521.22,786,47,0
5066,29325.56,12,2.76,53745.11,798,21,0
5067,53898.93,48,5.23,129497.79,628,18,0
5068,160556.82,60,4.44,120088.57,682,51,1
5069,5268.71,36,5.58,60800.48,604,51,0
5070,32915.69,12,2.25,20277.03,833,20,0
5071,5000.0,24,5.48,113611.17,611,23,0
5072,34611.92,36,6.06,64832.92,571,33,0
5073,14534.96,48,5.14,29437.53,634,74,0
5074,120992.77,24,5.49,55217.92,610,49,0
5075,25415.81,48,5.03,20813.42,642,53,0
5076,50238.67,24,3.6,113123.1,740,63,0
5077,98408.34,60,4.73,20000.0,662,67,0
5078,205804.54,48,5.78,135713.85,590,47,0
5079,35040.76,24,5.87,79421.81,584,51,0
5080,30418.04,48,5.69,21162.31,596,45,0
5081,5000.0,36,7.75,51232.05,455,18,0
5082,5000.0,48,3.6,46811.68,740,49,1
5083,46927.08,48,4.02,31364.64,711,36,0
5084,5000.0,24,2.65,73969.68,805,18,0
5085,23932.36,48,4.36,175348.21,688,33,0
5086,5000.0,60,7.11,33939.66,499,37,1
5087,47755.15,12,4.69,68843.37,665,58,0
5088,27705.38,36,4.65,65546.28,668,42,0
5089,6792.18,24,3.83,73399.28,724,33,0
5090,17574.96,48,2.31,20000.0,829,25,0
5091,42159.07,48,6.71,142303.97,526,41,1
5092,53459.48,48,4.09,277297.37,706,47,0
5093,31026.06,36,5.16,64493.94,633,53,0
5094,81471.6,12,2.0,107401.39,850,57,1
5095,5963.98,60,3.63,87174.83,738,23,0
5096,5000.0,60,5.3,23984.04,623,48,0
5097,5000.0,24,2.95,60711.25,785,42,0
5098,38374.99,12,5.27,36316.0,625,41,0
5099,61248.2,12,3.92,56195.23,718,47,0
5100,6993.08,36,5.48,67120.72,611,70,0
5101,50936.34,48,4.81,70798.68,657,40,0
5102,32403.7,12,3.06,33735.09,777,46,0
5103,218483.17,48,5.45,70995.36,613,29,0
5104,63199.17,36,9.33,57850.46,346,28,0
5105,53570.29,24,6.01,134812.29,574,27,0
5106,42250.83,24,2.76,103884.53,798,21,0
5107,296966.03,48,2.61,118438.38,808,34,0
5108,196762.46,48,5.96,124462.05,578,71,0
5109,38621.98,12,7.24,28668.72,490,32,0
5110,30365.3,36,5.59,100676.99,603,39,0
5111,31005.52,24,3.51,27542.5,746,23,0
5112,27960.75,12,5.23,161050.48,628,41,0
5113,37900.11,60,7.8,99310.82,451,28,1
5114,15981.64,12,4.09,25876.9,706,39,0
5115,130720.33,48,3.41,72779.82,753,39,0
5116,33689.79,60,2.61,32026.04,808,43,0
5117,92260.48,12,7.92,44190.49,443,61,0
5118,32246.78,36,3.25,81689.87,764,71,0
5119,63343.9,24,4.65,39716.22,668,71,0
5120,20540.11,60,5.88,52455.28,583,46,0
5121,49015.72,36,7.31,126374.65,485,47,0
5122,34494.77,12,7.61,56293.3,464,46,0
5123,22873.27,48,6.03,29059.29,573,56,0
5124,106665.86,48,6.1,20000.0,568,34,0
5125,5979.27,36,5.07,104475.78,639,29,1
5126,33366.48,48,2.76,103259.93,798,18,0
5127,10806.48,24,5.03,73054.59,642,58,0
5128,98683.89,36,7.16,253220.34,495,48,0
5129,14615.93,36,6.39,50641.93,548,32,0
5130,50178.34,48,4.43,136274.88,683,69,0
5131,9049.93,36,6.01,36425.1,574,35,0
5132,25952.44,12,5.08,108642.4,638,67,0
5133,114808.88,60,3.24,25138.98,765,31,0
5134,9079.96,60,3.98,106994.06,714,47,0
5135,54412.68,48,5.71,52616.06,595,51,1
5136,11439.87,24,6.35,92124.99,551,37,0
5137,26871.23,24,2.06,75281.9,846,25,0
5138,38893.54,48,5.94,102072.31,579,45,0
5139,43055.39,48,2.0,20000.0,850,33,1
5140,46129.44,36,2.57,57499.02,811,21,0
5141,51100.82,24,5.04,130804.73,641,18,0
5142,15856.83,60,6.68,143425.35,528,47,0
5143,25655.37,48,4.87,89148.78,653,18,1
5144,5000.0,60,3.0,134201.79,781,40,0
5145,73214.3,60,5.46,55456.7,612,56,0
5146,90730.79,24,6.83,37871.46,518,22,0
5147,11109.5,60,5.72,68828.03,594,24,1
5148,11247.51,36,4.34,76101.73,689,49,1
5149,5000.0,36,4.23,85378.9,697,18,0
5150,175971.73,24,4.79,64780.37,658,43,0
5151,82301.61,36,5.59,65570.58,603,37,0
5152,22369.32,48,5.1,111536.64,637,66,0
5153,32880.15,24,5.59,31396.74,603,68,0
5154,17263.23,60,4.72,75307.38,663,49,0
5155,45471.21,48,4.53,89258.46,676,34,0
5156,63169.94,24,5.27,39906.29,625,46,0
5157,29653.19,60,6.15,51769.59,565,58,0
5158,103412.89,60,3.09,179127.33,775,55,0
5159,36389.61,60,4.49,72689.98,679,18,1
5160,7789.04,60,3.88,300000.0,721,22,0
5161,48681.61,60,6.0,68743.52,575,56,0
5162,31016.31,24,5.04,115658.62,641,25,0
5163,137187.91,36,6.03,20000.0,573,49,0
5164,24870.3,60,2.86,20000.0,791,57,0
5165,25780.66,48,6.49,27782.87,541,53,0
5166,52601.71,24,6.38,125827.36,549,52,0
5167,37431.54,12,4.82,52621.55,656,37,0
5168,23456.19,36,6.61,20000.0,533,24,0
5169,229143.12,48,2.86,67761.57,791,71,0
5170,17990.1,60,6.96,117541.97,509,18,0
5171,16253.89,24,5.26,30767.9,626,46,1
5172,99912.48,24,5.52,122593.06,608,36,0
5173,5000.0,60,4.47,20826.0,680,64,0
5174,11235.56,48,6.09,115392.86,569,45,0
5175,44634.41,24,4.55,37722.64,675,31,0
5176,8863.75,36,6.17,151518.53,563,37,0
5177,212739.48,48,6.38,171952.54,549,58,0
5178,31199.31,60,5.24,86166.45,627,60,0
5179,45486.13,48,5.07,40096.48,639,54,0
5180,8739.9,48,5.33,300000.0,621,46,0
5181,17080.74,12,5.48,35248.09,611,30,0
5182,47676.89,60,2.93,187795.07,786,33,0
5183,39875.78,36,4.47,233926.98,680,51,0
5184,76708.16,60,4.56,88651.66,674,60,0
5185,15683.04,12,3.35,25118.65,757,22,0
5186,52999.71,60,6.9,83264.63,513,19,0
5187,17193.26,60,2.0,258034.71,850,41,0
5188,44185.44,36,7.35,39861.91,482,48,0
5189,46447.4,12,3.12,61559.71,773,47,0
5190,6496.27,60,7.35,20000.0,482,52,0
5191,39773.74,60,5.01,61831.84,643,36,0
5192,5000.0,24,5.81,105212.25,588,63,0
5193,34778.58,60,2.7,28294.26,802,67,0
5194,59787.32,36,3.79,182844.72,727,52,0
5195,5000.0,24,5.33,20000.0,621,37,1
5196,139607.6,12,4.14,40408.24,703,18,0
5197,30694.21,48,4.5,160426.19,678,34,0
5198,139367.88,36,3.89,58093.42,720,46,0
5199,5680.75,12,5.2,209954.73,630,54,0
5200,149689.3,24,5.93,20000.0,580,39,0
5201,5781.6,48,8.08,49291.7,432,43,0
5202,30948.0,12,5.42,84971.77,615,70,0
5203,139024.65,36,4.72,251793.42,663,28,0
5204,13244.41,24,6.38,73468.85,549,19,0
5205,5000.0,36,5.03,99493.56,642,18,0
5206,78778.56,36,3.29,65024.85,761,59,0
5207,45302.62,24,4.79,59954.3,658,24,0
5208,36069.23,60,5.99,39915.93,576,39,0
5209,5000.0,36,3.57,90672.31,742,57,0
5210,52954.86,24,4.6,53003.66,671,68,0
5211,9414.37,36,4.63,103643.52,669,45,0
5212,133825.16,60,5.53,72551.83,607,29,1
5213,57874.65,24,6.76,48630.27,523,50,0
5214,61384.92,12,4.56,184520.59,674,28,0
5215,13236.07,12,4.39,36659.14,686,43,0
5216,106328.27,12,5.96,41464.28,578,23,1
5217,38580.59,48,4.69,20000.0,665,32,0
5218,97274.97,36,3.56,55167.92,743,78,1
5219,15800.47,36,6.39,174901.42,548,61,0
5220,70419.17,24,4.3,178024.86,692,34,0
5221,42732.38,48,5.07,45009.02,639,38,0
5222,5000.0,36,3.53,97496.98,745,55,0
5223,25988.47,24,3.35,113418.33,757,38,0
5224,10161.56,60,4.82,20000.0,656,63,1
5225,22249.83,36,4.92,147277.57,649,21,0
5226,24172.82,36,5.24,20406.27,627,43,1
5227,32211.03,60,6.45,47865.48,544,32,0
5228,45850.86,60,4.34,25731.98,689,48,0
5229,42312.31,36,4.82,84513.44,656,46,0
5230,5000.0,60,6.01,33051.93,574,45,0
5231,69452.75,24,7.77,40002.59,453,51,0
5232,148977.09,36,4.11,128088.05,705,49,0
5233,21437.81,36,5.43,44240.41,614,27,1
5234,9907.12,12,3.92,65816.52,718,43,0
5235,38826.61,36,6.9,20100.0,513,43,0
5236,61024.24,12,4.81,20000.0,657,44,0
5237,56800.9,60,4.97,75914.08,646,77,0
5238,47351.62,60,5.21,42695.94,629,45,0
5239,7904.8,24,2.61,205442.64,808,69,0
5240,90646.57,12,4.68,268880.3,666,18,0
5241,27723.34,36,7.44,21991.38,476,36,0
5242,12517.3,12,5.51,20000.0,609,41,0
5243,5000.0,60,7.27,208438.93,488,68,0
5244,26954.32,60,2.86,92566.83,791,18,0
5245,48113.21,24,4.56,74496.96,674,59,0
5246,54737.64,60,5.14,20000.0,634,53,0
5247,164487.6,12,6.97,255354.41,508,53,1
5248,8311.47,36,4.66,31866.61,667,41,0
5249,212633.02,36,3.4,116351.65,754,47,0
5250,53163.59,12,4.05,112062.44,709,44,0
5251,30277.8,24,4.11,20000.0,705,34,0
5252,109549.6,36,2.83,37484.52,793,58,0
5253,59286.96,12,2.7,20000.0,802,46,0
5254,21440.57,12,4.76,20000.0,660,33,0
5255,107745.21,60,4.07,55139.96,708,51,0
5256,54922.93,60,2.42,20528.78,821,41,0
5257,60005.24,24,6.38,31998.74,549,38,0
5258,113356.02,24,4.23,20000.0,697,19,1
5259,29748.08,24,6.41,49581.0,547,37,0
5260,53487.26,12,5.46,204218.13,612,36,0
5261,68263.65,12,2.97,83238.41,783,49,0
5262,30251.33,60,6.15,41707.08,565,39,0
5263,5000.0,36,3.32,62007.07,759,80,0
5264,73797.78,24,5.8,78684.48,589,21,0
5265,5000.0,48,3.32,79640.16,759,26,0
5266,63277.24,24,2.79,51203.05,796,36,0
5267,120885.89,60,6.23,35427.4,559,50,1
5268,21306.53,12,3.99,115782.49,713,40,0
5269,5382.7,60,3.31,23481.94,760,35,0
5270,13254.56,60,5.55,117095.79,606,27,0
5271,41308.97,60,4.09,45174.22,706,51,0
5272,142937.62,48,6.65,148227.96,530,80,0
5273,35900.97,48,2.0,26799.6,850,29,0
5274,5980.71,24,6.0,26277.35,575,53,0
5275,49413.94,12,5.33,67722.69,621,68,1
5276,65996.3,60,5.11,31646.35,636,47,0
5277,24984.7,36,4.79,209838.84,658,50,0
5278,63919.39,24,4.27,36372.44,694,43,0
5279,19639.01,24,4.28,29047.33,693,71,0
5280,77816.22,60,6.52,89899.87,539,56,0
5281,20857.06,24,6.73,20000.0,525,62,0
5282,14792.91,60,2.45,219040.35,819,43,0
5283,105673.25,24,3.24,102768.23,765,55,1
5284,39756.05,12,6.81,79105.43,519,43,0
5285,16784.57,24,4.34,33345.71,689,56,0
5286,136735.28,24,3.73,58033.41,731,38,0
5287,58696.62,36,2.0,37413.5,850,62,0
5288,12467.99,12,5.61,44022.85,602,53,0
5289,47679.17,12,3.43,124354.87,752,38,0
5290,102149.24,12,3.86,85327.31,722,58,0
5291,59561.57,24,5.91,47846.89,581,40,1
5292,14035.93,48,5.42,20000.0,615,26,0
5293,52326.85,24,6.01,278815.19,574,40,1
5294,48268.71,60,4.39,125077.49,686,40,0
5295,85974.82,36,7.16,36409.16,495,27,0
5296,9808.81,12,5.23,74201.51,628,52,1
5297,60137.79,60,5.43,29226.98,614,51,0
5298,5000.0,60,7.89,35290.64,445,44,1
5299,59565.22,48,4.47,32893.18,680,57,0
5300,161493.43,12,3.93,70222.62,717,39,0
5301,9581.53,24,7.02,33387.02,505,22,0
5302,18647.46,12,4.91,67891.75,650,35,1
5303,43718.06,36,6.92,161656.7,512,32,0
5304,65912.17,12,4.73,22206.6,662,39,0
5305,21108.04,60,3.22,22335.21,766,46,0
5306,54570.76,60,5.65,186750.93,599,75,0
5307,114769.95,24,5.35,104586.21,620,21,0
5308,64833.43,24,2.0,64521.22,850,58,0
5309,62070.36,24,6.0,20000.0,575,29,0
5310,24060.97,36,6.28,20000.0,556,51,0
5311,121197.71,12,4.92,28747.09,649,35,1
5312,16239.64,48,2.0,71783.45,850,48,0
5313,11488.29,12,4.55,132102.93,675,69,0
5314,22645.44,24,5.87,70153.7,584,22,1
5315,52513.43,36,4.05,73582.69,709,49,0
5316,98908.54,12,3.83,144173.89,724,50,0
5317,7082.72,60,4.04,89373.74,710,60,0
5318,84047.28,12,3.77,40605.6,728,46,0
5319,83785.13,60,3.56,61254.92,743,80,0
5320,44205.62,12,5.1,134723.95,637,62,0
5321,71490.99,12,5.1,78693.01,637,54,0
5322,10037.36,12,3.69,197683.25,734,50,0
5323,9291.55,24,8.47,34027.48,405,53,0
5324,99315.79,60,8.69,24463.77,390,47,0
5325,34472.54,36,5.78,83267.71,590,47,0
5326,14113.98,48,5.42,68840.72,615,22,0
5327,58354.79,60,3.91,22140.5,719,53,0
5328,111223.44,24,5.62,37837.87,601,53,0
5329,50027.47,60,3.21,162663.17,767,50,0
5330,21335.33,36,4.71,92250.0,664,50,0
5331,33008.62,60,6.06,40192.13,571,56,0
5332,69770.68,24,3.08,27816.4,776,51,1
5333,5000.0,24,4.52,47914.77,677,46,0
5334,12241.64,48,6.8,129701.7,520,49,0
5335,31049.06,36,3.8,66967.87,726,63,0
5336,46347.49,48,3.8,60304.01,726,67,1
5337,20712.6,12,6.77,134301.81,522,30,0
5338,17718.94,24,4.76,23241.66,660,39,1
5339,5000.0,48,4.04,32536.08,710,59,0
5340,5000.0,24,7.34,71463.81,483,53,1
5341,16334.65,24,3.38,60214.98,755,35,0
5342,37805.0,12,5.91,50437.84,581,45,1
5343,40638.39,24,6.17,138930.24,563,56,0
5344,34063.65,48,5.33,20000.0,621,73,0
5345,26371.53,36,3.91,25307.55,719,80,0
5346,14537.11,60,3.47,98727.76,749,18,0
5347,25599.18,48,2.49,44236.9,816,57,1
5348,7469.1,12,6.22,258095.63,560,35,1
5349,6123.03,60,4.39,143555.09,686,62,0
5350,17829.69,24,3.92,44487.4,718,24,0
5351,268531.46,48,4.21,96653.39,698,34,0
5352,19763.14,60,6.33,93057.04,552,42,0
5353,137801.44,48,4.55,173452.84,675,55,0
5354,24900.58,24,4.44,51799.91,682,39,1
5355,28902.61,48,5.83,39392.28,587,34,0
5356,79742.96,12,4.21,88218.76,698,19,1
5357,5000.0,60,4.62,52343.51,670,35,0
5358,10063.8,60,6.89,104904.67,514,55,0
5359,182176.69,60,3.99,160037.35,713,67,1
5360,35252.62,48,4.75,28553.19,661,29,0
5361,5000.0,24,7.67,36373.89,460,30,0
5362,5000.0,48,5.35,150099.04,620,33,0
5363,118887.36,48,4.73,64251.44,662,43,0
5364,103322.35,60,5.96,66096.11,578,47,1
5365,30661.3,24,4.46,133028.78,681,40,0
5366,8909.83,36,5.33,58716.6,621,21,0
5367,88681.62,24,3.43,116389.1,752,18,0
5368,19622.52,48,4.52,30793.83,677,37,0
5369,27155.25,12,2.15,46013.44,840,52,0
5370,57360.15,24,7.02,179337.75,505,45,0
5371,21801.24,60,4.46,65058.78,681,70,0
5372,49533.2,12,4.89,29232.23,651,22,0
5373,108264.23,36,4.3,28310.23,692,46,1
5374,79819.49,36,3.02,60173.47,780,65,0
5375,24031.88,12,7.0,119514.58,506,40,0
5376,16979.41,36,4.04,20000.0,710,25,0
5377,16809.35,12,4.43,41451.27,683,18,0
5378,21430.89,48,6.23,93360.28,559,40,0
5379,34013.22,12,3.19,76654.46,768,37,1
5380,26943.9,48,4.82,86969.42,656,35,0
5381,7136.05,60,6.0,33720.25,575,49,0
5382,8923.8,60,4.3,70488.04,692,72,1
5383,20998.21,36,3.53,136659.19,745,24,1
5384,41284.14,12,4.46,44921.96,681,30,0
5385,44905.84,48,5.53,67720.26,607,42,0
5386,33296.75,60,6.07,92103.56,570,55,0
5387,67118.83,60,6.1,34765.08,568,39,1
5388,66827.38,60,3.76,20000.0,729,53,0
5389,27898.26,36,3.54,41205.9,744,23,0
5390,6644.63,60,5.29,95737.96,624,45,1
5391,37769.73,24,2.0,35551.33,850,44,0
5392,24020.4,36,5.26,23915.0,626,68,0
5393,7420.53,12,5.03,107410.68,642,62,0
5394,200363.99,24,5.49,28448.52,610,46,0
5395,23082.36,36,5.08,248569.02,638,30,0
5396,49147.95,36,4.97,132743.52,646,18,0
5397,33679.86,48,4.07,179960.94,708,31,0
5398,7705.85,24,5.2,72496.67,630,77,0
5399,5000.0,24,4.04,34294.63,710,18,0
5400,49144.16,24,7.24,139508.76,490,31,0
5401,14185.95,60,5.83,21919.02,587,46,0
5402,13962.82,60,5.39,20000.0,617,63,0
5403,157300.08,12,5.29,87165.35,624,25,0
5404,30973.77,12,7.59,20000.0,466,51,0
5405,5000.0,12,3.61,59944.78,739,33,0
5406,20763.86,60,7.05,57074.95,503,26,1
5407,43912.62,48,5.84,116342.14,586,36,0
5408,19917.08,12,4.95,20624.69,647,44,0
5409,5000.0,36,2.0,20000.0,850,25,0
5410,29377.35,60,5.0,53513.15,644,61,1
5411,5597.24,48,4.27,20000.0,694,66,0
5412,48268.8,36,7.08,82340.13,501,34,0
5413,48324.9,36,6.13,76709.67,566,56,1
5414,5000.0,60,5.93,77777.1,580,22,0
5415,17171.46,24,5.69,52651.97,596,42,1
5416,26695.01,48,3.44,212964.98,751,57,0
5417,39954.74,60,5.71,89109.54,595,55,0
5418,17553.35,24,4.04,107464.36,710,47,0
5419,16966.07,60,6.04,38434.3,572,62,0
5420,203771.69,60,5.32,54289.11,622,33,0
5421,5000.0,36,8.4,29781.09,410,46,0
5422,225699.86,60,5.03,70550.34,642,45,0
5423,5000.0,24,4.94,30278.78,648,51,0
5424,17007.85,36,5.2,109665.51,630,54,0
5425,34030.39,24,2.06,62356.13,846,25,0
5426,7733.28,24,5.01,20000.0,643,55,0
5427,7242.41,36,8.88,27688.49,377,26,0
5428,14806.73,24,6.68,168352.97,528,58,0
5429,181544.08,12,4.98,176445.67,645,71,0
5430,23911.22,60,5.03,97692.62,642,37,0
5431,41734.94,36,6.1,54115.0,568,30,0
5432,60919.04,36,6.41,152972.64,547,69,0
5433,67782.79,12,2.9,57477.73,788,43,0
5434,58244.17,12,3.48,147567.02,748,24,1
5435,20543.6,12,3.28,70148.0,762,31,0
5436,5923.85,12,5.83,49888.74,587,32,1
5437,16544.55,48,3.89,109239.26,720,63,0
5438,11804.81,36,8.65,24418.33,393,29,0
5439,7325.18,24,5.52,30319.83,608,18,0
5440,5000.0,36,5.72,20000.0,594,44,0
5441,137229.89,36,5.29,89781.51,624,49,0
5442,126937.14,36,4.75,60390.83,661,53,0
5443,5000.0,12,5.17,300000.0,632,18,0
5444,9502.64,12,6.55,92189.33,537,42,1
5445,7512.11,48,6.0,48606.16,575,38,0
5446,16510.2,36,4.17,56819.78,701,51,0
5447,11412.13,60,4.4,76542.73,685,18,0
5448,145803.13,48,2.6,38580.97,809,47,1
5449,5000.0,12,4.46,20000.0,681,47,0
5450,11891.98,36,2.76,20000.0,798,62,0
5451,5000.0,12,7.02,43068.24,505,50,1
5452,196573.92,24,4.05,20000.0,709,55,0
5453,125304.58,12,3.82,63800.59,725,26,0
5454,63050.37,12,4.21,131580.47,698,43,0
5455,27753.95,48,6.67,30553.51,529,64,0
5456,10547.05,24,4.46,44201.39,681,37,0
5457,12518.65,60,5.45,56268.46,613,56,0
5458,29263.09,60,4.08,49448.2,707,30,1
5459,73098.91,60,5.04,64365.01,641,41,0
5460,15375.84,36,5.74,20000.0,593,20,0
5461,18610.6,60,2.0,141354.86,850,43,0
5462,45807.57,36,6.0,52739.15,575,32,0
5463,13572.68,12,4.52,27824.23,677,62,0
5464,43879.78,60,4.11,79808.03,705,75,0
5465,24480.19,48,5.35,126813.2,620,19,0
5466,5000.0,24,3.27,23534.81,763,26,0
5467,25766.9,24,3.66,82348.05,736,58,0
5468,125990.61,12,7.37,157942.21,481,33,0
5469,17344.14,24,4.02,158791.5,711,43,0
5470,19491.82,24,2.33,111465.29,827,67,0
5471,5000.0,12,6.03,39243.54,573,68,0
5472,47731.76,12,6.92,24750.83,512,25,0
5473,94604.09,12,5.36,30264.78,619,73,0
5474,21764.49,48,4.97,156276.54,646,54,1
5475,13738.0,12,4.87,97313.99,653,60,0
5476,156878.45,12,3.4,114069.28,754,34,0
5477,68338.83,12,5.93,60636.26,580,33,0
5478,41869.77,60,4.14,20000.0,703,18,0
5479,18230.4,60,3.79,81487.85,727,26,0
5480,12474.25,48,4.76,27718.96,660,55,0
5481,62894.01,48,5.83,134183.69,587,51,0
5482,36885.14,24,6.6,30524.2,534,56,0
5483,36760.98,60,7.15,74517.53,496,48,0
5484,5000.0,48,7.05,99698.5,503,44,0
5485,35891.92,48,7.25,300000.0,489,34,0
5486,86508.02,24,2.7,58989.24,802,40,0
5487,146684.17,12,5.19,61098.07,631,58,1
5488,5640.66,36,2.0,135013.33,850,57,1
5489,49870.32,24,4.39,53390.25,686,48,1
5490,42006.69,36,7.15,44597.71,496,30,0
5491,110505.99,24,5.2,35247.47,630,37,0
5492,69564.15,24,4.01,67135.62,712,24,0
5493,167995.87,12,4.46,40291.0,681,39,0
5494,160984.48,48,5.55,164606.11,606,19,0
5495,12788.83,60,3.63,110974.26,738,39,1
5496,64613.04,24,6.45,71540.7,544,34,1
5497,37806.81,12,4.66,66380.98,667,44,0
5498,12078.23,36,3.77,33375.44,728,33,1
5499,10837.52,48,5.46,60247.84,612,55,0
5500,5000.0,24,4.2,55519.59,699,20,0
5501,79370.44,36,5.11,217768.47,636,21,0
5502,19615.46,24,4.63,52834.8,669,40,1
5503,97234.64,60,4.31,92053.04,691,48,0
5504,46864.91,60,5.35,95954.22,620,38,1
5505,55986.69,48,2.9,26904.73,788,40,1
5506,17242.52,36,4.55,51915.57,675,46,0
5507,30559.4,60,4.11,108975.02,705,52,0
5508,26578.43,12,3.27,23949.46,763,38,0
5509,13439.0,48,4.07,253354.21,708,47,0
5510,89342.23,24,6.31,70276.43,554,59,0
5511,48654.23,36,3.86,39826.77,722,24,0
5512,5000.0,36,4.55,20000.0,675,63,0
5513,85716.88,12,5.94,186040.36,579,62,0
5514,5604.59,60,3.25,54714.18,764,32,0
5515,25850.27,36,6.41,90742.72,547,52,0
5516,42344.87,12,5.72,22556.16,594,21,0
5517,5000.0,12,5.53,34963.62,607,49,0
5518,52908.29,24,6.77,129269.31,522,65,0
5519,53896.82,12,4.94,182538.28,648,29,0
5520,52853.32,48,5.88,29445.76,583,33,0
5521,8924.52,36,4.59,88851.25,672,50,1
5522,14767.73,48,2.41,87772.29,822,39,0
5523,14209.46,12,4.97,129242.75,646,47,0
5524,161027.59,12,4.21,94330.57,698,80,0
5525,5000.0,48,4.94,106707.02,648,38,0
5526,27997.42,24,5.37,20000.0,618,21,0
5527,102495.65,12,3.85,85731.45,723,35,0
5528,73367.84,48,6.28,20000.0,556,47,0
5529,86422.93,48,3.47,80200.23,749,25,0
5530,179304.56,36,6.04,142528.73,572,34,0
5531,24490.88,24,2.96,75721.6,784,62,0
5532,18528.21,60,5.45,108500.21,613,69,1
5533,5000.0,48,6.12,125274.31,567,39,0
5534,8127.09,36,4.76,117185.99,660,39,0
5535,41278.49,60,7.21,79988.25,492,26,0
5536,8578.61,36,6.48,84998.12,542,48,0
5537,66648.11,36,4.23,138747.21,697,80,0
5538,5000.0,24,3.21,282930.27,767,39,0
5539,15020.67,12,5.77,32533.23,591,39,0
5540,59446.51,24,3.06,43982.17,777,52,0
5541,14752.31,60,5.52,118530.33,608,38,0
5542,65237.65,24,4.65,224171.62,668,38,0
5543,274399.8,12,4.63,20000.0,669,65,0
5544,79748.15,24,2.68,20000.0,803,25,0
5545,20915.02,24,3.63,68392.07,738,28,0
5546,115426.08,24,5.21,123854.35,629,54,0
5547,5000.0,48,2.0,68793.38,850,42,0
5548,64550.45,48,5.0,75753.16,644,28,0
5549,5000.0,24,4.89,29810.23,651,49,0
5550,9591.66,12,4.43,64283.53,683,39,1
5551,219445.48,12,5.53,39266.65,607,47,0
5552,22383.54,12,2.9,82910.28,788,40,0
5553,85878.83,12,5.05,54882.02,640,22,0
5554,23587.19,36,3.98,32300.82,714,60,0
5555,91637.96,24,8.91,189197.15,375,70,0
5556,168252.28,24,4.72,108177.05,663,31,0
5557,28593.96,36,5.4,83977.13,616,69,0
5558,40975.13,12,4.81,34850.88,657,43,0
5559,49529.1,60,6.6,107593.21,534,18,0
5560,136541.49,60,5.19,27268.66,631,51,0
5561,14835.74,36,4.65,33529.15,668,18,0
5562,47240.86,60,5.43,64015.64,614,37,0
5563,19631.41,48,4.05,72768.94,709,55,0
5564,12226.86,24,4.82,44744.67,656,52,0
5565,5000.0,60,3.99,20000.0,713,34,0
5566,48472.82,48,3.5,51379.5,747,54,0
5567,106889.77,24,3.38,174502.46,755,58,0
5568,21646.41,48,5.48,20000.0,611,35,0
5569,40222.77,24,5.49,96044.92,610,39,0
5570,51379.8,24,2.58,56240.03,810,47,0
5571,26777.28,60,6.25,20000.0,558,27,0
5572,116831.84,36,5.53,158410.41,607,32,0
5573,22530.07,60,5.16,37690.43,633,59,0
5574,6677.19,12,6.16,198424.82,564,79,1
5575,7775.43,48,4.75,75961.8,661,54,1
5576,110755.1,12,3.15,82984.54,771,48,0
5577,221175.95,24,7.7,53754.85,458,72,0
5578,17049.77,60,5.67,135021.48,598,31,0
5579,7751.05,12,4.75,58727.97,661,46,0
5580,32909.5,12,2.64,140437.91,806,57,0
5581,61812.42,12,7.09,84320.75,500,32,0
5582,47389.45,24,3.66,52665.35,736,20,0
5583,150907.26,24,5.16,20000.0,633,57,0
5584,85126.45,24,4.68,167169.79,666,59,0
5585,101617.27,12,3.13,73387.11,772,57,0
5586,39007.98,48,5.11,40345.09,636,57,1
5587,19820.95,60,4.97,110167.26,646,46,1
5588,60488.82,60,4.72,84086.11,663,47,0
5589,28906.45,24,4.62,84233.97,670,48,0
5590,16966.61,12,6.49,300000.0,541,61,0
5591,8259.69,48,4.68,34137.57,666,49,0
5592,37525.49,36,4.28,113680.41,693,46,0
5593,45101.34,24,7.27,164976.97,488,50,0
5594,42057.5,36,3.66,54840.02,736,51,0
5595,6195.94,60,3.59,32747.59,741,29,0
5596,42197.03,60,4.55,54038.04,675,65,0
5597,9221.03,48,6.87,83019.87,515,35,0
5598,54489.69,48,5.85,147734.56,585,46,0
5599,28051.94,36,8.3,36347.66,417,30,0
5600,94453.82,60,5.43,54298.12,614,41,1
5601,75313.78,48,6.25,112766.09,558,53,0
5602,64436.98,48,5.01,127117.72,643,49,1
5603,60321.64,60,3.45,136278.03,750,36,0
5604,41104.52,60,5.65,20000.0,599,34,0
5605,5000.0,12,4.31,249286.31,691,48,0
5606,53281.55,48,5.04,45434.99,641,61,0
5607,31454.39,36,6.23,244269.66,559,66,0
5608,31701.92,24,2.87,272832.35,790,75,0
5609,23823.0,24,3.72,20000.0,732,34,0
5610,132303.74,60,6.52,110293.71,539,33,0
5611,14347.53,36,4.27,50262.27,694,43,0
5612,19033.34,12,5.21,68604.45,629,42,0
5613,164897.01,48,4.17,127578.0,701,23,0
5614,83077.03,12,6.87,26504.47,515,57,0
5615,5000.0,36,5.42,47991.27,615,33,0
5616,118280.29,12,4.4,107324.03,685,35,0
5617,12851.0,60,6.49,87609.55,541,51,1
5618,61197.3,24,4.55,126535.88,675,27,0
5619,40268.01,60,5.4,46338.01,616,41,0
5620,38481.1,48,4.85,24793.26,654,56,0
5621,63278.46,60,3.44,267478.63,751,45,0
5622,11608.05,36,2.0,34016.59,850,56,0
5623,8659.68,36,4.81,28888.13,657,59,0
5624,52765.09,48,5.19,36699.81,631,43,0
5625,17165.32,48,2.1,77488.76,843,18,0
5626,182387.27,24,3.27,82235.87,763,63,0
5627,30029.48,12,2.33,20000.0,827,44,0
5628,5916.49,24,4.57,31165.16,673,56,0
5629,57888.69,60,3.73,137758.73,731,65,0
5630,18275.64,12,4.85,51780.97,654,18,0
5631,8042.92,48,4.84,85410.99,655,44,0
5632,27480.35,36,4.75,32923.27,661,68,1
5633,166521.49,60,4.31,99938.35,691,41,0
5634,26503.02,24,4.81,31578.83,657,59,0
5635,21334.47,48,2.9,22792.05,788,28,0
5636,29395.14,12,4.08,20000.0,707,52,0
5637,5000.0,12,4.62,66008.49,670,26,0
5638,7141.67,36,4.68,103478.38,666,58,0
5639,94747.66,48,5.53,105381.24,607,38,0
5640,190913.91,48,6.49,75452.6,541,66,0
5641,8595.29,60,3.45,135961.46,750,66,0
5642,38341.6,60,3.47,20000.0,749,35,1
5643,169562.5,12,6.52,20517.73,539,70,0
5644,8514.59,24,6.49,28883.99,541,36,1
5645,10308.77,12,3.89,48591.82,720,55,0
5646,130739.16,60,5.39,64150.46,617,44,0
5647,61155.68,60,6.35,144783.44,551,38,0
5648,8241.77,60,7.25,51909.37,489,57,0
5649,25001.92,12,5.59,110291.57,603,37,0
5650,5000.0,48,4.72,96233.22,663,36,0
5651,28340.84,24,5.33,144283.08,621,45,0
5652,75231.71,24,6.84,91219.14,517,58,0
5653,40368.68,60,5.77,150903.96,591,48,0
5654,52127.02,36,4.11,20000.0,705,39,0
5655,19787.14,12,2.61,53099.95,808,37,0
5656,8800.83,48,4.85,20000.0,654,41,0
5657,5000.0,60,3.41,28784.43,753,53,0
5658,86105.8,36,3.86,27033.08,722,28,0
5659,50620.06,60,5.77,150509.76,591,35,0
5660,13024.18,36,3.56,55863.2,743,56,0
5661,27101.54,24,3.28,248569.21,762,32,0
5662,80834.02,36,5.62,51922.32,601,36,0
5663,38685.35,24,4.89,20000.0,651,44,0
5664,17845.17,24,5.74,48410.99,593,32,1
5665,15543.07,12,6.74,92175.22,524,38,0
5666,12270.35,36,3.43,80225.8,752,46,0
5667,86786.88,48,2.58,66340.05,810,55,0
5668,43596.99,48,5.01,84816.1,643,33,0
5669,61748.61,36,5.69,126198.59,596,32,0
5670,98348.68,12,3.37,20000.0,756,62,0
5671,216611.19,48,3.21,72830.55,767,35,0
5672,14349.69,60,6.17,26740.01,563,33,0
5673,9977.61,48,4.71,101852.96,664,18,0
5674,30994.68,12,2.04,30410.64,847,61,0
5675,5000.0,24,2.26,31046.98,832,65,0
5676,78443.09,24,6.26,20000.0,557,44,0
5677,107604.91,24,6.95,68771.01,510,47,0
5678,57924.44,12,4.4,20000.0,685,45,0
5679,15598.4,24,3.88,20000.0,721,28,0
5680,6571.28,24,3.88,69886.48,721,54,0
5681,24075.01,12,4.12,53503.57,704,65,0
5682,89588.66,60,4.5,53004.84,678,44,1
5683,21372.33,48,5.53,20000.0,607,55,1
5684,5000.0,12,5.84,70104.86,586,31,0
5685,16029.58,12,3.75,74727.81,730,30,0
5686,229987.3,36,5.94,134405.53,579,52,0
5687,56453.9,24,7.34,95061.29,483,67,0
5688,115558.51,60,4.71,25793.61,664,35,0
5689,74552.81,36,4.5,25303.02,678,42,0
5690,38794.44,60,2.12,141886.55,842,52,0
5691,8048.88,24,4.87,126652.45,653,38,1
5692,21434.98,24,6.84,59599.71,517,52,0
5693,43822.29,24,3.15,104491.66,771,30,0
5694,102254.85,48,4.98,117084.45,645,51,0
5695,15644.87,60,5.14,20000.0,634,41,0
5696,6461.43,60,6.61,21576.21,533,21,0
5697,40916.51,36,4.18,45730.98,700,29,0
5698,9709.66,12,4.69,143548.56,665,49,0
5699,47126.83,24,4.81,200093.06,657,65,0
5700,15293.76,24,3.56,74113.86,743,25,0
5701,13130.81,36,3.38,24118.69,755,60,0
5702,25473.06,60,4.44,27943.7,682,51,0
5703,44970.67,48,4.14,48320.12,703,59,1
5704,39407.81,60,4.41,47534.96,684,42,0
5705,14034.3,48,2.48,26951.67,817,54,0
5706,110873.92,48,6.23,52532.48,559,72,0
5707,5820.06,60,6.49,20000.0,541,47,0
5708,5000.0,24,6.64,55264.71,531,30,1
5709,46153.97,48,4.17,33010.34,701,66,0
5710,6585.63,36,5.08,31702.03,638,52,0
5711,35148.85,36,6.52,89304.92,539,48,0
5712,151592.11,48,5.2,92683.05,630,71,0
5713,59962.58,24,2.0,45161.38,850,66,0
5714,48045.66,48,4.3,21223.09,692,52,0
5715,42760.4,36,2.77,69571.02,797,31,0
5716,9894.46,36,6.81,43839.36,519,39,0
5717,28338.75,60,4.49,109186.03,679,47,0
5718,20967.31,24,4.17,88388.05,701,44,0
5719,152959.51,60,3.91,98784.27,719,37,0
5720,13874.72,12,5.29,20000.0,624,42,0
5721,31887.17,48,3.48,180076.53,748,60,0
5722,139095.09,60,4.2,71724.43,699,48,0
5723,77837.68,24,4.79,20000.0,658,37,0
5724,166932.6,48,5.53,49923.04,607,54,0
5725,46866.81,48,7.08,61151.67,501,53,0
5726,20307.28,48,7.7,150549.04,458,44,0
5727,87622.07,48,5.9,93828.63,582,28,0
5728,17227.18,48,5.14,78999.34,634,43,0
5729,9002.57,24,5.9,62347.57,582,44,0
5730,61257.92,12,4.41,53653.74,684,58,0
5731,50937.73,36,3.72,20000.0,732,34,0
5732,105577.13,12,6.74,73777.81,524,40,0
5733,163409.55,36,4.12,27116.72,704,68,0
5734,97314.67,60,4.95,35269.22,647,41,0
5735,5000.0,48,7.43,96571.23,477,44,0
5736,54608.67,60,3.6,33402.6,740,72,0
5737,76793.67,60,6.28,20000.0,556,31,1
5738,200671.58,36,2.0,50875.35,850,64,0
5739,23473.09,24,3.22,20000.0,766,39,0
5740,9309.35,48,5.13,65933.25,635,48,1
5741,95843.37,60,4.92,103191.87,649,49,0
5742,19097.2,12,6.95,54309.75,510,41,0
5743,45590.28,48,2.36,20000.0,825,30,0
5744,24706.19,24,6.15,112693.31,565,35,0
5745,25735.51,48,4.85,157995.07,654,41,0
5746,65925.15,60,5.85,49906.22,585,33,0
5747,22429.73,12,4.24,35241.86,696,44,0
5748,59057.61,60,4.95,20000.0,647,33,0
5749,5000.0,24,5.83,67740.32,587,31,0
5750,19626.02,36,4.24,138856.59,696,21,0
5751,19212.88,12,2.73,20000.0,800,70,1
5752,69082.32,24,4.85,20000.0,654,43,0
5753,18884.51,24,8.11,51174.37,430,34,0
5754,50164.26,60,4.37,20000.0,687,30,0
5755,58321.71,60,7.06,60505.34,502,36,0
5756,53709.48,60,6.9,76050.3,513,18,1
5757,46227.95,36,7.06,79161.75,502,35,1
5758,26689.09,48,3.89,94998.33,720,55,0
5759,23364.76,48,7.03,179305.66,504,35,0
5760,41572.68,60,3.48,111883.99,748,54,0
5761,5000.0,60,3.73,118164.0,731,58,1
5762,104301.09,36,6.17,20000.0,563,54,0
5763,87238.59,48,4.23,65169.82,697,45,0
5764,21261.82,36,3.21,145204.1,767,62,0
5765,41830.0,24,5.77,38660.74,591,61,0
5766,134580.08,48,3.12,108559.46,773,34,0
5767,15847.77,60,4.68,210637.02,666,32,0
5768,67828.09,12,5.91,26653.04,581,38,0
5769,5000.0,24,3.72,20000.0,732,40,0
5770,37050.96,12,5.97,80762.27,577,62,0
5771,107694.95,36,2.9,57491.63,788,56,1
5772,40115.67,36,6.6,168524.26,534,47,0
5773,47888.57,36,3.02,22010.13,780,47,1
5774,119102.68,60,4.6,140935.24,671,28,0
5775,62826.62,36,3.88,55429.84,721,61,0
5776,59514.95,12,5.49,33660.43,610,47,1
5777,44140.87,24,4.34,65523.17,689,29,0
5778,50118.12,60,8.59,45522.34,397,19,1
5779,81406.94,24,4.6,62156.97,671,25,0
5780,193719.71,36,6.83,136347.34,518,46,0
5781,79316.68,48,3.83,223234.27,724,18,0
5782,61470.83,60,5.69,58531.79,596,27,0
5783,7282.79,36,5.71,85221.94,595,52,0
5784,84935.42,60,6.61,122800.85,533,38,1
5785,66589.24,48,4.65,84310.95,668,18,0
5786,73577.84,12,6.15,35772.03,565,35,0
5787,13139.49,12,5.0,75748.98,644,43,0
5788,116881.45,12,5.39,57309.34,617,59,0
5789,5117.22,48,6.41,20000.0,547,51,0
5790,14625.49,24,5.48,20000.0,611,51,0
5791,54387.1,48,5.78,75674.0,590,55,0
5792,55999.12,48,3.5,29845.33,747,19,0
5793,18794.68,36,3.27,124608.35,763,63,0
5794,60452.58,12,6.83,34477.04,518,63,0
5795,24545.48,60,4.63,39912.94,669,35,0
5796,5000.0,24,5.33,104456.09,621,18,0
5797,8873.04,60,6.19,48285.33,562,64,1
5798,107116.2,36,4.71,28659.7,664,18,0
5799,12596.06,36,4.24,90995.44,696,50,1
5800,5990.46,24,8.79,280109.94,383,38,1
5801,57316.75,60,3.45,33730.53,750,35,0
5802,29054.04,24,3.88,113846.18,721,38,0
5803,79626.81,24,4.95,100355.01,647,46,0
5804,98824.37,12,6.19,244449.79,562,18,0
5805,93536.52,60,4.21,144905.45,698,42,1
5806,18771.72,12,5.87,61956.01,584,23,0
5807,35215.05,12,3.08,89450.44,776,37,0
5808,52511.36,12,3.61,20000.0,739,47,0
5809,19429.15,48,4.89,168468.72,651,58,0
5810,5000.0,36,6.09,20000.0,569,33,0
5811,34225.67,36,4.2,88707.27,699,71,0
5812,5000.0,48,3.76,88339.41,729,31,0
5813,150436.44,24,5.4,99965.21,616,31,1
5814,79649.61,60,4.31,27622.95,691,60,0
5815,10660.27,60,5.62,61502.94,601,41,0
5816,16953.8,60,7.45,107512.04,475,47,0
5817,203254.48,12,7.34,100467.85,483,37,0
5818,23384.2,60,4.69,233509.37,665,39,0
5819,76559.62,60,2.7,161104.79,802,50,0
5820,29603.18,60,6.32,56462.85,553,64,0
5821,99790.3,36,6.09,54918.56,569,47,0
5822,60828.17,48,4.47,32431.35,680,51,0
5823,5000.0,24,4.87,101784.36,653,59,0
5824,17434.62,48,4.5,20000.0,678,38,1
5825,40821.4,60,4.17,20000.0,701,30,0
5826,130302.25,24,4.94,94524.02,648,29,0
5827,5380.93,24,4.72,133402.41,663,31,1
5828,45960.07,48,6.55,36632.56,537,29,0
5829,17989.47,48,5.52,108713.62,608,61,0
5830,110059.12,48,3.08,181020.28,776,18,0
5831,72444.59,48,4.23,126877.22,697,53,0
5832,23078.19,12,4.52,84975.96,677,26,0
5833,9142.27,36,6.19,92976.3,562,71,1
5834,5000.0,36,6.09,104863.24,569,51,0
5835,48528.69,60,6.48,71628.0,542,31,0
5836,26054.22,12,7.59,46545.35,466,36,0
5837,18899.05,24,5.3,74466.37,623,43,0
5838,211688.23,48,5.48,44361.06,611,54,0
5839,31381.28,60,4.65,129186.27,668,50,0
5840,69282.59,24,3.41,71887.96,753,44,0
5841,9765.02,36,5.83,33123.28,587,34,1
5842,5000.0,24,3.11,56133.98,774,40,1
5843,27026.68,48,4.17,34833.02,701,65,0
5844,54780.57,48,2.84,185477.07,792,76,0
5845,35321.62,36,6.57,124433.9,536,61,0
5846,110576.13,48,3.21,49206.74,767,30,0
5847,28456.24,12,5.9,42233.4,582,66,1
5848,18625.9,60,6.07,48606.79,570,40,1
5849,123875.91,36,5.0,20000.0,644,45,0
5850,26111.38,36,6.15,75348.49,565,26,0
5851,15711.42,24,4.3,22766.36,692,46,0
5852,5138.25,36,3.69,65305.12,734,33,0
5853,78826.7,60,4.2,123339.21,699,65,1
5854,87174.6,12,5.0,176064.86,644,80,0
5855,5000.0,24,3.21,44357.19,767,44,0
5856,22208.65,60,4.3,41586.51,692,52,0
5857,69290.02,36,5.13,20000.0,635,40,1
5858,146293.38,48,5.1,104212.17,637,46,0
5859,23726.15,48,6.2,66709.74,561,36,1
5860,102807.13,60,6.32,35699.92,553,49,1
5861,25020.7,12,5.58,39652.03,604,51,1
5862,9891.74,48,6.45,140440.49,544,49,0
5863,5000.0,60,6.6,20000.0,534,56,1
5864,20037.39,24,6.25,158994.89,558,39,1
5865,23778.96,36,3.35,31869.67,757,80,0
5866,145128.06,12,6.09,114221.07,569,35,0
5867,11538.02,12,3.72,24223.92,732,35,0
5868,24082.01,24,5.85,87988.83,585,18,0
5869,5000.0,12,4.65,57188.24,668,56,0
5870,72098.75,60,6.1,156744.45,568,18,0
5871,123338.35,12,4.63,55223.57,669,39,0
5872,13578.67,12,2.0,168272.84,850,33,0
5873,28017.88,12,5.93,48225.67,580,23,0
5874,6511.85,60,5.35,109609.76,620,45,0
5875,30517.15,36,6.64,126362.46,531,71,0
5876,7155.57,48,3.32,53999.96,759,55,0
5877,37048.48,12,3.09,67915.52,775,33,0
5878,66330.01,24,6.28,20000.0,556,74,0
5879,40298.19,24,5.14,82183.62,634,34,0
5880,14066.42,60,4.3,114784.12,692,61,0
5881,21832.0,36,4.82,179678.03,656,18,0
5882,50884.72,12,6.26,121457.32,557,41,0
5883,44550.09,60,6.32,76302.26,553,27,0
5884,7353.98,48,6.71,51928.51,526,76,1
5885,93200.21,36,3.43,63239.83,752,34,0
5886,32235.85,36,3.95,55358.51,716,29,0
5887,8858.89,60,2.49,131817.8,816,51,0
5888,6552.53,24,6.38,158840.69,549,41,0
5889,168414.89,36,4.49,54683.67,679,77,0
5890,16531.92,24,4.72,96949.63,663,49,1
5891,119621.98,36,4.37,60236.29,687,45,1
5892,26431.26,36,4.04,20000.0,710,55,1
5893,24381.62,36,2.0,22391.56,850,41,0
5894,60353.71,48,2.0,33873.59,850,48,0
5895,5000.0,24,4.4,60364.18,685,32,0
5896,20631.25,48,2.57,78610.97,811,35,0
5897,18023.08,24,6.17,181599.54,563,31,1
5898,101284.84,48,5.05,69591.99,640,50,0
5899,37657.98,48,6.07,71988.44,570,35,0
5900,22672.68,48,4.55,114456.31,675,56,0
5901,15467.72,60,4.15,24175.71,702,32,0
5902,44642.12,48,2.0,79492.87,850,30,0
5903,8224.46,36,6.28,106908.99,556,48,0
5904,14131.73,12,2.99,48502.57,782,47,0
5905,17379.54,48,5.52,64702.03,608,57,0
5906,46813.06,12,5.72,53430.16,594,27,0
5907,23360.77,12,5.26,48667.86,626,21,0
5908,35239.06,36,2.03,75038.13,848,63,0
5909,52553.75,12,7.77,132464.73,453,24,1
5910,156487.88,12,4.25,93389.57,695,57,0
5911,72373.9,12,3.28,152482.3,762,18,0
5912,25981.28,24,6.32,48205.06,553,53,0
5913,68970.98,48,4.14,98501.41,703,44,0
5914,149481.73,48,5.97,82632.93,577,51,0
5915,34595.45,12,2.06,131130.42,846,56,0
5916,26423.77,36,6.79,102526.95,521,59,0
5917,5000.0,24,4.08,147730.89,707,51,0
5918,111452.97,36,5.55,40388.45,606,57,0
5919,14146.95,36,5.11,184807.75,636,61,0
5920,5000.0,12,5.33,48334.47,621,64,1
5921,38523.39,60,3.29,44024.56,761,52,0
5922,93507.56,12,4.63,95692.34,669,30,0
5923,26097.28,60,6.96,20000.0,509,41,0
5924,76408.44,24,4.36,64806.93,688,43,0
5925,90515.32,60,4.5,36513.47,678,34,0
5926,30293.78,12,3.38,28323.67,755,27,0
5927,44696.51,12,4.41,36005.9,684,58,0
5928,38169.07,36,7.11,47055.83,499,49,1
5929,140004.87,12,3.19,36098.99,768,34,0
5930,64641.24,12,3.24,26508.75,765,45,1
5931,129742.42,48,4.14,47849.65,703,49,0
5932,12423.71,48,4.47,20805.3,680,27,0
5933,18570.35,36,4.36,97748.73,688,33,0
5934,5000.0,60,3.22,44375.95,766,40,0
5935,34648.16,60,2.92,27903.67,787,42,0
5936,103543.39,48,4.12,108529.31,704,21,0
5937,19789.11,24,3.98,98137.35,714,56,0
5938,6864.47,48,4.6,32704.63,671,45,0
5939,5000.0,24,2.0,218454.97,850,41,0
5940,29665.12,60,7.86,198790.33,447,34,0
5941,8957.63,48,5.85,113165.6,585,29,0
5942,21240.35,12,6.06,148837.6,571,45,0
5943,85734.31,24,2.0,26296.78,850,47,0
5944,24229.26,24,5.21,90916.76,629,74,0
5945,47063.88,24,7.8,61904.04,451,75,0
5946,34873.83,60,6.07,92529.17,570,36,1
5947,63387.06,36,4.08,103813.48,707,30,0
5948,8489.91,12,4.84,105127.29,655,26,0
5949,126562.84,48,5.04,35161.37,641,46,0
5950,51589.68,24,4.59,285815.89,672,26,0
5951,15800.9,60,3.22,69760.14,766,24,0
5952,6576.88,24,3.54,24251.57,744,33,0
5953,8109.81,48,6.07,123903.9,570,35,1
5954,76315.29,12,4.46,37888.93,681,33,0
5955,44349.95,24,2.63,69189.78,807,20,0
5956,23962.98,60,4.57,52954.25,673,43,0
5957,20240.83,60,5.75,93214.57,592,43,0
5958,96813.14,36,6.55,147439.39,537,65,1
5959,103877.18,60,4.55,80026.03,675,26,0
5960,43525.5,36,5.2,46247.29,630,52,0
5961,37174.05,12,5.23,203405.83,628,71,0
5962,84762.88,48,4.57,165885.17,673,23,0
5963,69181.93,36,5.9,289677.97,582,28,1
5964,25568.39,24,3.03,43495.63,779,26,0
5965,5000.0,24,5.03,26286.68,642,51,1
5966,73158.79,48,2.03,20000.0,848,51,0
5967,9238.29,60,3.41,53727.93,753,59,1
5968,5000.0,24,5.03,84545.35,642,46,0
5969,92671.96,36,6.77,35544.0,522,72,0
5970,43167.58,48,3.95,25746.72,716,53,0
5971,111126.83,24,4.23,94063.34,697,63,0
5972,33139.44,60,5.94,143908.78,579,47,0
5973,130510.64,60,6.58,20000.0,535,39,0
5974,21845.6,24,4.94,20000.0,648,42,0
5975,64462.38,48,4.57,67673.65,673,65,0
5976,17904.26,12,4.68,105583.86,666,56,0
5977,5000.0,24,4.91,29381.46,650,56,0
5978,23881.19,60,3.18,20000.0,769,59,0
5979,66925.81,12,5.84,134961.89,586,48,0
5980,8127.37,48,2.16,66944.96,839,80,0
5981,35139.88,60,7.34,32182.61,483,41,0
5982,11933.26,48,5.97,212052.46,577,46,0
5983,5000.0,24,6.65,110415.22,530,38,1
5984,48045.05,48,4.59,61420.89,672,52,0
5985,151794.0,60,4.34,127727.04,689,18,0
5986,18604.24,24,2.36,20000.0,825,18,0
5987,43451.97,60,4.6,47861.33,671,35,0
5988,153526.42,60,3.69,39820.43,734,53,0
5989,52560.2,12,6.49,53640.65,541,60,0
5990,55907.08,36,6.93,166665.13,511,26,0
5991,9857.25,48,3.02,188454.82,780,20,0
5992,33923.74,48,3.54,79483.84,744,34,0
5993,22870.78,12,4.57,41642.06,673,33,0
5994,31834.26,48,6.19,23366.13,562,48,0
5995,80678.97,12,2.0,173267.25,850,46,0
5996,30874.07,48,3.72,97336.21,732,67,0
5997,5000.0,48,5.93,36145.97,580,38,1
5998,117979.82,60,4.84,39241.46,655,25,1
5999,39352.66,12,7.03,76976.84,504,49,0
6000,129177.4,48,4.73,20000.0,662,30,0
6001,42473.04,36,5.59,57815.42,603,30,1
6002,5000.0,12,2.0,34488.39,850,70,0
6003,40245.23,12,3.8,130190.03,726,58,0
6004,42870.31,12,8.59,74681.86,397,38,0
6005,12061.55,60,2.23,42974.47,834,72,0
6006,31841.09,12,4.33,30924.8,690,57,1
6007,30757.62,60,2.67,204875.3,804,50,0
6008,48759.08,36,4.52,179603.1,677,34,0
6009,15029.19,24,4.69,20000.0,665,18,1
6010,43583.61,60,6.13,189775.81,566,32,0
6011,13784.52,48,3.96,28090.41,715,37,1
6012,29569.73,12,3.34,86675.1,758,27,0
6013,6545.64,24,7.47,77478.94,474,46,0
6014,5000.0,60,6.1,23604.33,568,18,1
6015,19326.33,48,6.71,116580.28,526,64,0
6016,16049.66,24,2.32,31929.85,828,38,0
6017,26122.64,36,3.28,76851.6,762,56,0
6018,163485.59,60,5.43,246097.07,614,55,0
6019,36931.22,60,3.35,54853.15,757,26,0
6020,40279.6,36,6.9,63826.98,513,18,0
6021,142022.86,60,4.47,61384.29,680,35,1
6022,127008.58,12,3.56,36446.07,743,50,0
6023,107756.53,60,5.71,20000.0,595,47,0
6024,5156.75,12,4.92,55407.89,649,62,0
6025,50296.74,60,4.18,20000.0,700,50,0
6026,82538.78,48,3.24,106368.36,765,51,0
6027,90264.94,48,7.13,55904.44,497,32,0
6028,43126.5,24,5.17,180471.3,632,41,0
6029,5000.0,48,6.25,46982.59,558,41,0
6030,181933.85,36,4.12,64934.71,704,54,1
6031,31951.58,24,5.36,67391.39,619,56,0
6032,25010.43,48,3.73,138860.22,731,41,0
6033,25122.1,12,6.87,62914.4,515,42,0
6034,27595.48,60,5.61,49335.12,602,50,0
6035,13865.52,48,2.0,42687.94,850,73,0
6036,19825.29,12,5.21,38326.09,629,18,0
6037,211191.73,24,3.34,20000.0,758,31,0
6038,22956.59,60,6.45,46161.76,544,31,0
6039,37403.93,48,7.08,53881.23,501,25,0
6040,94290.63,24,2.87,139215.39,790,33,0
6041,37478.24,48,3.75,135454.72,730,50,0
6042,19611.66,24,5.52,43606.87,608,59,0
6043,37090.72,48,2.54,20000.0,813,48,0
6044,6056.79,12,5.83,30120.79,587,48,0
6045,6963.5,36,6.16,79016.38,564,31,0
6046,59226.08,12,4.89,34366.95,651,18,0
6047,124724.01,60,5.32,68179.42,622,50,0
6048,64672.66,48,6.6,20000.0,534,65,0
6049,5000.0,36,5.08,152685.07,638,59,0
6050,25783.17,36,4.55,60786.25,675,43,1
6051,5000.0,60,3.72,52900.09,732,46,0
6052,35790.78,60,2.0,106737.77,850,66,0
6053,10734.25,36,3.13,47716.28,772,34,0
6054,101303.25,60,6.45,20000.0,544,38,0
6055,5509.44,60,2.0,57060.09,850,18,0
6056,5000.0,48,4.84,61175.33,655,51,0
6057,29996.14,12,4.43,74053.23,683,37,0
6058,8446.58,24,5.9,215011.61,582,40,0
6059,66967.94,36,4.92,95927.21,649,55,0
6060,126245.66,24,4.95,69051.8,647,33,0
6061,5000.0,36,3.92,112788.76,718,52,0
6062,25174.47,36,3.6,20000.0,740,53,0
6063,287464.77,12,5.46,145635.48,612,39,0
6064,65963.94,36,3.18,106101.9,769,57,0
6065,153080.4,36,5.71,153092.0,595,43,0
6066,8961.31,12,3.29,48319.16,761,55,0
6067,12510.87,60,5.87,85195.77,584,35,0
6068,8409.76,24,6.57,50093.43,536,53,0
6069,18003.25,36,5.35,205371.99,620,39,0
6070,64437.35,12,5.27,52737.19,625,50,0
6071,9012.98,36,6.35,26204.83,551,50,0
6072,37141.46,12,5.46,30876.15,612,39,0
6073,15681.45,24,5.71,75111.77,595,38,0
6074,88361.86,48,4.91,103409.51,650,41,0
6075,5000.0,60,4.12,31173.27,704,46,0
6076,12623.14,48,5.04,98336.43,641,53,0
6077,46473.96,12,6.28,144926.43,556,48,1
6078,5085.61,36,5.45,132372.62,613,18,0
6079,31397.21,60,3.47,97288.58,749,57,0
6080,28653.43,24,5.88,105190.77,583,51,0
6081,95704.15,60,6.32,90206.88,553,62,0
6082,49094.45,36,7.15,20000.0,496,57,1
6083,51041.2,48,5.91,118594.04,581,38,0
6084,151627.7,12,3.72,46523.7,732,27,0
6085,201880.38,48,5.99,139746.57,576,72,0
6086,52978.44,60,4.97,38211.12,646,64,0
6087,36907.38,36,5.62,51144.31,601,56,0
6088,46814.48,12,5.71,80108.84,595,33,0
6089,24099.25,36,3.0,254064.94,781,25,0
6090,218928.1,36,5.13,82871.09,635,38,0
6091,61042.6,60,6.74,82864.69,524,57,0
6092,17195.47,48,7.13,27358.12,497,18,0
6093,5000.0,36,6.45,21649.38,544,34,0
6094,5000.0,36,6.63,44932.36,532,80,0
6095,11465.19,36,3.66,102873.63,736,39,1
6096,13257.76,12,5.21,82872.79,629,45,0
6097,26811.06,36,4.82,65559.38,656,44,1
6098,12093.77,36,5.29,48394.37,624,70,1
6099,49835.8,60,5.21,118542.45,629,40,0
6100,11865.59,36,3.54,178060.69,744,18,0
6101,10405.15,36,3.44,112995.19,751,60,0
6102,31860.75,60,2.32,154587.19,828,28,0
6103,109762.2,12,6.19,61039.98,562,22,0
6104,31584.31,48,5.49,103808.41,610,67,0
6105,26708.87,60,4.63,219398.37,669,56,0
6106,43148.74,12,2.63,153881.3,807,39,0
6107,14867.34,48,5.93,196508.88,580,62,0
6108,21804.2,36,3.54,156573.15,744,59,0
6109,12029.45,60,5.8,183429.14,589,34,0
6110,42409.41,36,3.5,47094.25,747,47,0
6111,59765.12,60,4.78,37702.53,659,43,0
6112,55996.7,48,6.44,58979.53,545,35,0
6113,14706.33,12,5.08,51436.84,638,45,0
6114,75626.5,60,4.02,42457.05,711,56,0
6115,14782.6,12,9.11,183943.63,361,30,0
6116,8144.28,36,3.6,22666.07,740,57,0
6117,21524.44,36,7.05,154947.18,503,18,1
6118,45533.34,48,5.23,109350.99,628,48,0
6119,7657.66,48,5.07,20000.0,639,33,0
6120,52218.58,24,8.88,49007.06,377,68,0
6121,99413.54,24,5.81,43901.15,588,20,0
6122,17346.17,48,4.31,34958.08,691,41,1
6123,29910.64,36,2.2,34436.04,836,32,0
6124,12958.65,12,3.72,38952.73,732,36,0
6125,22413.03,48,3.6,36106.56,740,27,0
6126,5000.0,12,8.05,48856.8,434,47,0
6127,153705.66,24,5.36,38527.3,619,48,0
6128,26883.32,12,2.28,43270.02,831,19,0
6129,77764.09,48,3.47,241528.2,749,54,0
6130,7695.07,36,5.67,101546.63,598,21,0
6131,83660.18,48,4.75,168661.58,661,45,0
6132,98358.28,60,3.5,23344.32,747,71,0
6133,62847.08,60,3.53,41823.84,745,32,0
6134,116759.71,60,5.1,32764.76,637,40,0
6135,9147.92,36,5.27,256947.14,625,33,0
6136,32359.18,48,4.27,129113.06,694,34,0
6137,48393.62,60,3.5,61734.82,747,49,1
6138,45340.91,48,5.49,142844.7,610,69,0
6139,98678.79,24,7.6,60001.16,465,44,0
6140,12147.63,60,5.04,61291.14,641,62,0
6141,9657.63,60,6.76,38124.43,523,34,0
6142,14609.85,36,2.1,54788.63,843,61,0
6143,111073.32,48,6.31,65478.72,554,69,0
6144,141533.85,36,5.08,31276.24,638,63,1
6145,42155.51,36,5.96,158158.19,578,55,0
6146,34794.74,48,5.67,149871.95,598,54,0
6147,46492.31,24,3.7,42287.19,733,33,0
6148,47895.71,48,3.38,20000.0,755,22,0
6149,9334.84,24,3.96,59129.73,715,54,0
6150,57983.58,36,3.51,61921.58,746,33,0
6151,30106.04,24,5.68,130370.52,597,34,0
6152,36426.49,24,6.51,74275.56,540,22,0
6153,5000.0,24,6.0,20000.0,575,36,0
6154,72314.24,60,4.28,57774.85,693,61,0
6155,90220.34,60,3.15,77132.16,771,59,1
6156,48303.15,36,6.71,40160.36,526,25,0
6157,69060.09,48,5.43,136463.83,614,30,0
6158,36981.13,24,5.32,136254.83,622,18,0
6159,48163.01,60,6.04,71332.27,572,50,0
6160,25090.96,48,4.05,156045.78,709,47,0
6161,78480.64,24,3.47,20000.0,749,49,0
6162,31581.06,48,2.0,89341.35,850,38,0
6163,57004.99,12,2.04,93290.08,847,54,0
6164,48567.63,24,3.76,51241.5,729,40,0
6165,60585.89,48,5.58,20000.0,604,59,0
6166,76906.09,24,3.89,54934.7,720,28,0
6167,35945.15,24,7.76,44595.41,454,58,0
6168,83849.97,12,3.95,175739.76,716,51,0
6169,34383.83,48,4.39,113081.09,686,54,0
6170,156904.35,36,4.81,69462.46,657,40,0
6171,69851.94,60,6.06,62095.85,571,71,0
6172,9385.3,24,3.76,183737.4,729,34,0
6173,88475.78,24,6.35,20000.0,551,79,1
6174,40102.1,24,3.38,20000.0,755,51,0
6175,208219.98,24,4.04,241960.88,710,62,0
6176,63437.84,60,4.3,54419.48,692,66,0
6177,5000.0,36,6.35,21877.2,551,56,0
6178,25123.07,12,5.87,20000.0,584,73,0
6179,36415.45,36,7.08,187827.28,501,59,0
6180,91321.77,60,3.69,29740.13,734,56,0
6181,65345.62,48,4.87,25411.2,653,52,0
6182,23051.01,12,5.69,86706.52,596,50,0
6183,52983.91,12,5.11,119334.57,636,61,0
6184,43008.63,48,3.4,83909.18,754,32,0
6185,6736.75,24,6.57,84012.68,536,42,0
6186,13384.74,60,5.55,33199.85,606,52,0
6187,20860.87,48,7.21,87121.44,492,34,1
6188,10875.68,36,6.45,165628.88,544,59,0
6189,8133.82,36,5.29,92178.34,624,41,0
6190,5000.0,48,3.34,36475.65,758,25,0
6191,103218.81,60,3.98,123042.23,714,35,0
6192,17050.16,12,3.48,38331.3,748,59,0
6193,17147.1,12,3.95,71152.7,716,29,1
6194,11547.96,24,6.32,73767.69,553,30,0
6195,32255.71,60,2.45,244278.12,819,52,0
6196,36102.23,36,3.83,94609.06,724,25,0
6197,11677.46,36,2.31,28896.46,829,53,0
6198,46897.47,24,2.48,26309.06,817,18,0
6199,64186.88,36,5.05,73522.9,640,52,0
6200,23407.47,24,5.62,180416.86,601,43,0
6201,44028.29,24,8.17,20000.0,426,69,1
6202,34888.08,48,4.68,74420.88,666,18,1
6203,10879.72,12,4.97,164956.83,646,35,0
6204,65468.7,60,5.84,109293.25,586,52,0
6205,80836.48,60,5.64,209867.54,600,44,0
6206,52318.99,12,4.17,56853.38,701,37,0
6207,19570.42,60,7.66,26555.78,461,18,0
6208,130722.87,36,3.05,56161.94,778,51,0
6209,30381.36,36,3.64,30132.62,737,78,0
6210,15454.04,60,5.43,236036.89,614,33,0
6211,26232.25,48,5.03,78449.92,642,46,1
6212,58894.97,60,4.46,91345.9,681,50,0
6213,93517.99,24,3.73,27160.98,731,39,0
6214,22047.53,24,2.0,41964.72,850,44,0
6215,13238.95,12,5.68,134277.88,597,29,0
6216,49240.94,36,2.93,66416.33,786,24,0
6217,127051.7,48,5.24,49925.55,627,67,0
6218,10123.77,60,5.49,76029.84,610,43,0
6219,81232.5,24,5.29,50741.38,624,53,0
6220,32371.15,36,3.34,20000.0,758,51,1
6221,80350.17,36,5.75,20000.0,592,30,0
6222,35214.57,48,4.76,72404.75,660,25,0
6223,23686.75,48,5.67,134938.85,598,35,0
6224,59658.4,48,5.53,45299.78,607,48,0
6225,115443.89,48,2.95,184012.35,785,32,0
6226,19301.64,24,4.94,132196.14,648,37,0
6227,30878.63,48,5.88,145987.94,583,18,0
6228,13029.33,36,5.55,20000.0,606,44,0
6229,10130.87,36,4.52,127701.51,677,46,0
6230,75229.16,60,5.0,42852.27,644,44,0
6231,11198.7,36,4.91,191767.62,650,29,0
6232,78828.74,36,5.35,56810.21,620,30,0
6233,28037.31,24,3.4,41266.34,754,28,0
6234,265405.49,36,4.08,42551.91,707,38,1
6235,10991.29,12,5.24,113927.33,627,34,0
6236,5000.0,36,4.73,20000.0,662,66,0
6237,5000.0,60,6.1,80790.45,568,72,0
6238,90217.32,60,5.03,63708.8,642,58,0
6239,28792.77,48,5.93,33076.3,580,46,0
6240,5000.0,24,4.63,144159.34,669,40,0
6241,103880.71,60,5.07,107455.43,639,32,0
6242,104746.45,12,5.27,34968.69,625,45,1
6243,82102.36,12,4.71,23397.12,664,42,0
6244,14272.13,48,4.49,60025.55,679,29,0
6245,23320.72,24,3.32,109511.59,759,33,0
6246,68310.12,24,3.79,93585.04,727,18,0
6247,33603.85,36,3.53,111340.02,745,29,0
6248,8351.55,12,5.43,20000.0,614,50,0
6249,13906.28,12,4.5,30852.39,678,60,0
6250,179841.52,12,2.39,87553.21,823,52,0
6251,8185.58,12,5.05,34965.04,640,37,0
6252,64746.1,60,4.73,146065.87,662,20,0
6253,32506.14,24,4.71,55697.54,664,27,0
6254,69035.83,36,5.07,24373.18,639,51,0
6255,54104.46,60,3.05,22036.11,778,51,0
6256,28916.62,24,5.56,76877.03,605,35,0
6257,21840.89,48,3.35,26974.62,757,38,1
6258,70194.26,12,3.8,20000.0,726,73,0
6259,19514.63,36,5.01,35777.45,643,18,0
6260,77504.58,24,5.52,240181.36,608,45,0
6261,56947.2,48,4.97,20000.0,646,26,0
6262,43098.32,12,3.24,43229.05,765,27,0
6263,23006.7,48,3.35,42454.41,757,51,0
6264,11475.78,48,3.76,36321.93,729,70,0
6265,61966.15,60,5.04,60992.67,641,54,0
6266,5000.0,48,4.85,84799.57,654,68,1
6267,176239.92,60,4.01,125083.05,712,18,0
6268,192565.01,60,5.26,300000.0,626,52,0
6269,6975.9,48,3.7,111777.94,733,58,0
6270,5487.13,24,4.69,145531.81,665,41,0
6271,26612.4,48,3.44,44672.44,751,57,0
6272,165773.84,48,6.97,62552.51,508,80,0
6273,25567.2,24,5.8,56974.25,589,47,0
6274,22612.28,12,5.4,37943.83,616,39,0
6275,60799.75,36,4.31,69932.48,691,62,0
6276,9845.24,12,5.46,20000.0,612,61,0
6277,22574.68,48,2.0,42739.86,850,40,0
6278,17216.67,12,6.68,160297.5,528,36,0
6279,46006.73,36,3.44,77249.36,751,61,0
6280,8881.8,12,3.12,162071.57,773,38,0
6281,39781.29,36,4.2,78392.93,699,44,0
6282,97437.01,12,5.37,57109.92,618,49,1
6283,36094.88,60,4.94,27624.22,648,42,1
6284,57521.07,48,3.73,66129.89,731,45,0
6285,5000.0,36,7.24,38469.38,490,32,0
6286,29801.53,48,5.84,21055.97,586,53,0
6287,5000.0,60,5.69,30423.3,596,38,0
6288,45747.29,12,4.12,96934.73,704,67,0
6289,16498.48,48,3.34,156984.98,758,46,0
6290,16932.34,12,2.03,102909.78,848,60,1
6291,5000.0,12,7.63,28906.13,463,54,0
6292,18570.42,48,6.41,77337.79,547,61,0
6293,35329.58,36,5.42,52548.75,615,38,0
6294,43932.9,36,4.11,87522.84,705,27,0
6295,5000.0,48,3.8,42676.7,726,31,0
6296,52700.0,36,6.63,119415.84,532,30,0
6297,33557.13,24,4.37,119427.05,687,32,0
6298,38491.48,12,8.63,108920.56,394,27,0
6299,89427.23,48,4.49,73996.32,679,43,1
6300,20944.73,60,4.95,122027.57,647,56,0
6301,9561.12,48,5.05,20000.0,640,25,0
6302,40126.92,48,5.49,50250.6,610,34,0
6303,145041.03,12,5.04,147436.08,641,60,0
6304,36477.04,60,4.44,28782.64,682,21,1
6305,89163.43,12,2.49,126064.28,816,44,0
6306,70741.29,36,6.79,80881.94,521,53,0
6307,36524.88,48,5.32,61737.11,622,76,0
6308,52143.0,12,4.12,50934.21,704,18,0
6309,26101.09,24,5.01,28899.28,643,25,1
6310,37818.06,48,4.73,126727.81,662,49,0
6311,35391.29,36,5.77,76584.34,591,39,0
6312,61740.57,12,3.72,147735.73,732,18,0
6313,26380.05,12,8.08,104498.51,432,38,0
6314,5255.09,24,6.36,68924.27,550,31,0
6315,77726.07,36,2.07,46072.25,845,20,0
6316,57735.8,24,6.7,26466.18,527,39,0
6317,149910.22,48,6.19,20982.06,562,25,0
6318,27993.46,60,6.06,143353.16,571,32,0
6319,5000.0,12,5.71,55018.57,595,64,0
6320,6483.74,24,4.94,97428.28,648,72,0
6321,74210.7,12,3.35,28642.95,757,31,1
6322,5000.0,12,4.23,36487.27,697,46,0
6323,119203.94,24,5.26,51327.43,626,54,0
6324,16539.93,12,2.38,62552.21,824,32,0
6325,114571.89,36,5.52,20000.0,608,30,0
6326,74252.03,36,4.84,20000.0,655,54,0
6327,102475.13,60,4.75,34578.35,661,41,1
6328,12042.45,36,3.69,77314.84,734,41,0
6329,45279.1,24,6.6,92949.32,534,27,0
6330,5000.0,36,6.41,96190.69,547,29,0
6331,11299.93,60,3.54,129331.47,744,45,0
6332,18546.1,48,2.32,20000.0,828,38,0
6333,67510.19,48,5.45,68890.18,613,46,1
6334,5000.0,24,6.76,81287.94,523,59,0
6335,116712.71,60,6.65,212017.37,530,47,0
6336,5000.0,36,3.41,135980.46,753,35,0
6337,23619.54,60,7.37,56966.14,481,58,0
6338,5000.0,12,4.82,52269.17,656,44,1
6339,73259.92,60,5.17,25511.29,632,64,0
6340,7617.65,36,5.9,42091.66,582,34,0
6341,108035.58,24,6.16,92192.07,564,43,0
6342,37774.75,12,3.91,79379.66,719,39,1
6343,148282.29,60,3.79,33965.44,727,46,0
6344,17149.94,48,3.22,27306.21,766,48,0
6345,30285.78,36,4.21,104625.0,698,44,0
6346,59248.88,24,4.91,85738.31,650,57,0
6347,89163.77,36,4.68,36511.12,666,51,1
6348,27353.49,60,3.47,106105.44,749,80,0
6349,111481.85,24,7.4,62275.78,479,80,0
6350,6277.44,48,4.27,56237.22,694,34,0
6351,61667.46,12,5.75,20000.0,592,37,0
6352,21400.8,60,4.37,72756.22,687,25,0
6353,5342.27,24,6.42,36472.25,546,69,0
6354,24442.16,12,3.67,59331.51,735,38,1
6355,106103.1,24,4.07,87069.3,708,48,1
6356,196953.97,60,5.94,37058.3,579,26,0
6357,24944.84,24,5.59,28665.03,603,46,0
6358,108760.8,48,5.72,24144.75,594,18,0
6359,35632.24,24,4.84,177508.75,655,62,0
6360,63118.08,60,2.0,41733.17,850,72,1
6361,5000.0,24,7.56,47367.01,468,55,1
6362,40744.5,12,4.44,77631.55,682,30,0
6363,5000.0,12,4.28,118707.15,693,53,0
6364,15640.97,36,5.69,85035.84,596,47,0
6365,41829.44,36,7.35,33718.12,482,65,0
6366,82295.7,48,5.21,31662.29,629,57,0
6367,41150.68,12,6.68,47741.54,528,28,0
6368,137593.48,36,4.11,146453.95,705,62,0
6369,83124.14,24,6.93,76060.19,511,43,0
6370,8494.37,48,5.0,63783.9,644,64,0
6371,24629.52,60,6.04,48929.38,572,21,1
6372,55204.18,36,3.29,93809.6,761,52,0
6373,139359.57,36,2.64,79693.71,806,40,0
6374,219972.35,12,5.43,134139.9,614,46,1
6375,72024.11,48,6.45,20000.0,544,34,1
6376,42638.73,12,2.48,162295.72,817,52,1
6377,70654.45,12,5.11,87826.07,636,30,0
6378,15957.7,48,4.46,72686.88,681,21,0
6379,16676.04,24,5.1,53468.37,637,33,0
6380,53116.33,36,5.21,20000.0,629,33,0
6381,102722.06,12,5.64,73179.23,600,40,0
6382,175011.38,36,7.66,72850.26,461,55,1
6383,20876.98,48,2.35,222102.57,826,31,1
6384,79617.64,24,4.63,26498.5,669,56,0
6385,95368.89,60,5.04,43123.17,641,53,0
6386,48798.49,24,3.57,82620.08,742,60,0
6387,21354.25,48,5.72,157195.46,594,39,0
6388,48259.42,24,4.39,79560.22,686,68,0
6389,43907.48,60,6.03,58188.94,573,40,0
6390,46636.95,12,5.42,21341.5,615,58,0
6391,48281.96,24,4.07,70791.77,708,70,1
6392,93884.89,48,4.52,31823.4,677,63,0
6393,9321.39,24,5.39,36355.99,617,43,1
6394,22887.47,60,3.85,74187.97,723,28,1
6395,44094.67,48,6.04,58168.94,572,30,0
6396,16656.83,24,6.25,80415.14,558,30,0
6397,191184.86,48,5.58,47146.34,604,34,0
6398,15268.56,60,5.26,70310.74,626,44,0
6399,31708.91,12,5.4,29806.11,616,54,0
6400,104927.16,60,5.53,33655.85,607,56,0
6401,5000.0,12,3.6,134409.95,740,59,0
6402,85931.4,36,2.73,219093.13,800,58,0
6403,42315.89,60,5.11,201325.96,636,43,0
6404,5000.0,12,4.05,39435.46,709,54,0
6405,116607.33,36,5.99,91471.58,576,41,1
6406,5000.0,36,5.05,45185.89,640,49,0
6407,36202.78,36,4.24,71017.59,696,41,0
6408,5000.0,48,6.15,71189.07,565,44,0
6409,5000.0,60,3.83,57741.11,724,39,0
6410,109108.86,60,5.97,55569.6,577,18,0
6411,72584.45,60,3.43,20000.0,752,40,1
6412,10966.37,60,3.69,42343.45,734,54,1
6413,48440.81,48,3.29,92798.58,761,59,0
6414,79159.17,60,3.43,118840.55,752,52,0
6415,110178.02,12,2.1,57811.61,843,30,1
6416,31584.44,36,4.18,171656.72,700,37,0
6417,113894.56,48,7.02,73382.6,505,20,0
6418,35448.59,48,4.73,151420.72,662,55,0
6419,58274.16,60,5.58,74305.26,604,31,0
6420,193231.59,36,6.9,20000.0,513,50,0
6421,13456.22,12,3.06,155821.33,777,51,0
6422,9227.48,36,5.36,54269.06,619,31,0
6423,20928.95,24,7.09,52004.14,500,49,0
6424,8980.2,36,5.85,20910.27,585,72,1
6425,16715.13,12,2.0,123001.08,850,39,0
6426,67931.1,12,2.93,23091.41,786,61,0
6427,32458.81,12,3.86,154679.86,722,48,0
6428,23503.49,48,3.99,53119.03,713,49,1
6429,23000.61,48,6.23,118375.96,559,43,0
6430,10816.46,24,6.33,28856.71,552,58,0
6431,29657.08,36,4.11,163079.53,705,42,1
6432,48992.89,60,2.61,101135.28,808,54,0
6433,7492.03,24,6.39,51416.71,548,59,0
6434,180250.56,60,5.05,140482.69,640,60,0
6435,29284.75,60,4.57,73440.68,673,53,0
6436,147788.01,24,5.62,204321.26,601,56,0
6437,7231.58,36,5.17,38233.57,632,45,0
6438,72882.2,60,6.41,131593.36,547,38,0
6439,48069.38,48,4.47,109179.04,680,49,0
6440,85757.74,48,4.66,20000.0,667,50,0
6441,45899.35,24,4.02,20603.45,711,50,0
6442,164621.59,60,5.21,49267.35,629,61,0
6443,49299.71,24,3.88,86836.63,721,45,0
6444,76763.88,48,4.43,116483.72,683,24,0
6445,105015.6,24,3.12,85398.57,773,18,0
6446,62690.28,60,5.3,129907.82,623,47,0
6447,37141.74,60,3.54,56072.26,744,60,0
6448,15928.86,48,5.24,118938.05,627,41,0
6449,96376.42,12,3.98,72502.8,714,73,0
6450,32751.96,12,2.99,49177.11,782,47,0
6451,48472.48,36,3.21,21163.36,767,80,0
6452,5000.0,48,5.21,20000.0,629,43,0
6453,34393.19,36,5.68,54941.21,597,68,0
6454,59892.52,48,3.5,76297.46,747,38,0
6455,43862.14,60,5.58,37075.6,604,61,0
6456,29760.65,48,3.48,46181.34,748,53,0
6457,12643.25,24,6.65,50042.47,530,50,0
6458,18529.29,36,4.23,26633.04,697,50,0
6459,60302.81,48,5.45,35084.19,613,66,0
6460,12692.43,36,7.34,104207.28,483,42,0
6461,48606.91,48,6.04,60012.8,572,46,0
6462,44547.92,12,5.48,85345.46,611,80,1
6463,176028.58,36,2.12,20000.0,842,53,0
6464,5000.0,60,9.27,147016.23,350,63,1
6465,5721.33,60,5.4,69300.57,616,41,1
6466,35269.44,48,5.42,115670.65,615,37,0
6467,37444.61,60,6.33,22973.24,552,56,1
6468,5000.0,60,5.48,94737.5,611,48,0
6469,87393.47,36,5.13,50078.76,635,42,1
6470,34132.47,48,5.88,234609.0,583,19,0
6471,21281.64,36,4.4,39342.52,685,18,0
6472,19198.91,48,2.61,71855.78,808,18,0
6473,98810.75,60,4.98,25022.48,645,50,0
6474,10953.4,48,5.91,70969.54,581,29,0
6475,8742.54,48,5.07,63422.1,639,19,0
6476,11987.7,24,5.42,137702.73,615,31,1
6477,49044.47,48,3.32,74403.87,759,18,0
6478,83282.12,24,5.59,51380.48,603,35,0
6479,20096.97,36,4.21,62498.07,698,35,0
6480,9525.47,24,4.5,20000.0,678,52,0
6481,11735.14,36,4.76,78241.28,660,47,0
6482,48271.92,48,6.57,124297.48,536,37,0
6483,14120.48,36,5.81,72887.72,588,54,0
6484,104892.59,60,5.2,20000.0,630,26,0
6485,5484.68,48,6.65,85127.55,530,37,0
6486,5000.0,24,6.33,87811.53,552,33,0
6487,5000.0,12,5.61,93448.59,602,44,1
6488,93424.4,48,4.41,62559.44,684,18,0
6489,52667.06,60,2.87,76961.16,790,79,0
6490,158201.2,36,4.53,87468.38,676,50,0
6491,20495.99,24,4.73,30606.57,662,50,0
6492,11955.91,24,4.82,35142.8,656,18,0
6493,41273.99,60,5.42,94754.11,615,48,0
6494,38590.94,60,5.05,34509.61,640,41,0
6495,44704.94,48,4.09,59589.51,706,61,0
6496,21349.8,12,3.54,93686.86,744,40,0
6497,5000.0,12,8.47,130076.14,405,39,1
6498,5000.0,36,3.86,40571.09,722,44,0
6499,54506.39,24,5.35,33699.95,620,65,0
6500,37039.0,48,4.2,93979.25,699,21,1
6501,86021.62,24,4.39,134714.75,686,18,0
6502,17863.03,48,5.11,20000.0,636,18,1
6503,84497.77,60,4.15,67157.68,702,61,1
6504,27712.01,36,4.5,175746.21,678,59,0
6505,5084.94,60,4.97,31393.99,646,26,1
6506,190635.05,24,5.07,96463.1,639,23,0
6507,35865.43,36,6.35,61370.28,551,59,0
6508,49642.19,48,4.89,62786.64,651,23,0
6509,55554.06,48,7.82,56293.58,450,40,0
6510,22503.17,36,4.5,80480.1,678,36,0
6511,68822.81,60,3.83,138581.29,724,80,1
6512,102113.63,36,7.02,32544.34,505,42,0
6513,24484.77,60,5.32,35138.82,622,64,0
6514,53501.37,36,2.86,78480.14,791,51,0
6515,70760.18,60,2.0,81648.26,850,37,0
6516,10543.82,12,5.05,55835.76,640,36,0
6517,20217.99,36,4.82,125177.61,656,46,0
6518,5759.09,60,5.03,38238.98,642,46,0
6519,46091.36,24,4.69,35896.36,665,37,0
6520,80706.87,24,3.12,72377.14,773,53,1
6521,47188.06,36,4.91,31748.98,650,45,0
6522,9909.37,36,6.92,278435.85,512,34,0
6523,39523.5,48,4.55,20000.0,675,39,0
6524,90070.54,60,5.48,163479.42,611,52,0
6525,18028.76,36,6.54,36726.95,538,29,0
6526,89383.84,24,6.54,20000.0,538,29,0
6527,76768.33,24,5.08,77464.45,638,25,0
6528,5000.0,24,4.01,55164.62,712,39,0
6529,13685.99,60,4.08,226116.65,707,41,0
6530,39147.29,12,3.16,85696.56,770,28,0
6531,63224.61,36,6.01,53719.54,574,44,0
6532,106234.72,12,5.45,61830.47,613,45,1
6533,51227.54,60,3.99,20000.0,713,58,0
6534,23929.55,36,3.86,20000.0,722,58,0
6535,10205.49,48,5.68,20000.0,597,18,0
6536,71363.29,36,5.91,56243.99,581,49,0
6537,11582.83,36,4.23,65716.35,697,18,0
6538,59442.8,36,3.64,87827.44,737,53,0
6539,9996.48,36,5.26,105883.88,626,53,0
6540,5000.0,36,4.25,20000.0,695,29,0
6541,14457.51,60,4.91,80068.33,650,50,0
6542,16768.73,36,5.87,146345.81,584,29,1
6543,52093.99,60,3.85,47220.56,723,43,1
6544,8770.28,36,5.24,267119.72,627,46,0
6545,133182.71,36,7.12,62299.41,498,41,0
6546,40412.38,60,5.87,38851.01,584,56,0
6547,33758.66,36,8.18,116598.73,425,33,0
6548,28519.45,24,2.0,87707.79,850,52,0
6549,41804.86,36,3.03,151081.44,779,26,0
6550,5000.0,48,6.83,105144.3,518,18,0
6551,230692.26,60,5.77,66118.23,591,19,0
6552,40768.5,36,4.59,108307.95,672,30,0
6553,5000.0,36,2.6,20000.0,809,54,0
6554,44577.17,60,3.86,92826.42,722,53,0
6555,28730.78,12,4.59,60182.99,672,41,0
6556,5000.0,24,5.77,20787.57,591,18,0
6557,129133.97,24,4.23,103137.95,697,72,0
6558,5000.0,36,4.28,136968.28,693,22,0
6559,43122.3,60,4.87,50483.37,653,50,0
6560,163233.88,48,5.03,31352.45,642,38,1
6561,13564.49,36,5.56,123901.02,605,51,1
6562,14663.49,24,3.05,30677.4,778,64,0
6563,5000.0,36,7.38,66365.26,480,47,0
6564,5000.0,60,4.47,64087.07,680,55,0
6565,5000.0,48,4.89,29311.42,651,80,0
6566,86483.28,12,7.77,20000.0,453,60,0
6567,90619.82,48,5.46,114064.59,612,20,0
6568,64859.27,36,6.39,83307.55,548,18,0
6569,21750.75,24,6.42,45256.05,546,52,0
6570,86089.6,60,6.06,46644.84,571,38,0
6571,38801.94,36,3.11,87970.11,774,56,0
6572,18142.58,12,5.0,41578.86,644,18,0
6573,28748.37,60,3.83,55145.69,724,62,1
6574,5000.0,60,6.67,38587.16,529,43,0
6575,144938.16,60,5.81,50935.8,588,76,0
6576,48263.08,36,5.53,54273.64,607,44,0
6577,65695.74,12,4.69,90556.91,665,53,0
6578,56440.7,36,4.14,37005.74,703,39,0
6579,55093.38,60,4.52,129127.67,677,38,0
6580,5000.0,60,6.09,88814.97,569,49,1
6581,37261.12,24,3.83,60653.49,724,40,0
6582,86217.26,48,5.8,51789.72,589,36,0
6583,5000.0,36,4.53,45859.84,676,50,0
6584,156366.91,12,6.92,113706.47,512,36,0
6585,27596.24,60,5.29,41611.9,624,51,0
6586,17117.16,36,4.17,20000.0,701,21,0
6587,37945.27,48,4.76,40570.85,660,45,0
6588,80776.37,36,6.1,154270.46,568,42,0
6589,32194.53,48,4.12,24641.33,704,18,0
6590,51796.76,36,6.04,181302.86,572,26,0
6591,34648.8,24,7.45,43828.67,475,18,0
6592,49884.84,36,3.41,41761.55,753,46,0
6593,7426.79,24,6.38,203831.26,549,33,0
6594,5000.0,48,3.77,72836.22,728,40,0
6595,7361.32,60,5.26,108222.13,626,64,1
6596,16832.28,60,3.98,28990.88,714,44,0
6597,14608.34,36,6.06,47909.35,571,49,1
6598,47748.38,12,3.67,20000.0,735,37,0
6599,30430.14,36,5.71,38823.63,595,33,0
6600,5000.0,24,5.32,49143.57,622,23,0
6601,5000.0,24,8.05,45618.43,434,55,0
6602,5000.0,48,7.28,54785.71,487,68,0
6603,21776.72,36,3.82,47757.39,725,62,0
6604,5000.0,48,5.88,20000.0,583,27,0
6605,34059.67,12,7.77,37393.67,453,63,0
6606,22366.7,60,5.83,67349.94,587,42,0
6607,40533.66,60,4.14,78961.64,703,67,0
6608,63795.86,36,6.65,147747.95,530,50,0
6609,14449.0,48,3.41,20000.0,753,49,0
6610,8544.38,48,5.72,39259.41,594,50,0
6611,16290.22,12,5.48,111948.94,611,19,0
6612,5000.0,48,6.04,64218.43,572,26,0
6613,6392.4,24,7.64,40409.38,462,35,0
6614,69481.07,24,5.37,120699.57,618,39,0
6615,12603.32,24,5.05,62752.21,640,46,0
6616,258361.24,36,4.4,101264.54,685,38,0
6617,9186.02,24,6.06,57087.23,571,37,0
6618,77740.79,24,7.32,20000.0,484,63,1
6619,61046.53,60,2.45,150353.55,819,65,0
6620,19440.15,36,4.68,51795.71,666,54,0
6621,20079.07,24,5.05,20000.0,640,34,0
6622,41454.25,12,3.43,38180.43,752,51,0
6623,95653.69,24,6.36,26517.75,550,64,0
6624,24403.24,36,6.61,20000.0,533,41,0
6625,5000.0,48,4.04,46577.08,710,65,0
6626,23453.74,60,2.33,20000.0,827,74,0
6627,11616.32,60,7.0,46290.79,506,59,0
6628,140014.05,36,5.01,72145.77,643,54,0
6629,59746.42,24,4.47,70939.03,680,50,0
6630,5000.0,12,4.33,33805.59,690,54,0
6631,17335.42,24,5.43,20000.0,614,51,0
6632,5000.0,24,6.32,108179.8,553,26,0
6633,88602.75,12,8.01,81567.7,437,64,0
6634,118380.93,60,2.07,39785.17,845,46,0
6635,5954.92,24,2.67,20000.0,804,80,1
6636,29016.83,48,5.97,23412.55,577,80,1
6637,134326.63,48,4.98,184586.0,645,41,1
6638,7845.07,36,5.9,102093.36,582,48,1
6639,17258.75,36,5.45,72930.95,613,38,0
6640,18140.02,12,5.21,26446.2,629,30,0
6641,5000.0,12,6.77,26888.83,522,44,0
6642,5000.0,36,5.11,111374.75,636,45,0
6643,152660.47,24,4.85,161618.7,654,25,0
6644,42325.71,60,7.4,112550.9,479,28,0
6645,18310.9,48,6.06,45267.27,571,18,1
6646,23795.02,12,7.05,30746.0,503,27,0
6647,62735.76,36,6.54,24259.39,538,57,1
6648,22826.12,48,5.36,42206.24,619,66,1
6649,12923.02,12,5.23,26764.71,628,18,0
6650,5370.2,12,5.23,62583.85,628,24,0
6651,65269.46,24,2.0,56815.68,850,63,0
6652,9957.01,12,4.55,218210.62,675,32,0
6653,5000.0,60,4.44,112882.95,682,38,0
6654,27839.5,12,4.82,63347.93,656,34,0
6655,5000.0,60,7.09,216863.78,500,58,0
6656,167617.59,24,5.17,81431.77,632,70,0
6657,49348.13,60,4.98,25277.66,645,46,0
6658,8284.83,48,3.92,107369.06,718,38,0
6659,9464.53,12,6.61,20000.0,533,41,0
6660,42178.56,36,5.81,20000.0,588,58,0
6661,22046.77,36,6.57,79445.18,536,52,0
6662,74420.06,60,5.96,90109.57,578,41,0
6663,39461.6,24,5.42,107626.36,615,44,0
6664,28399.25,60,6.73,89557.81,525,34,0
6665,164815.18,60,3.79,76847.28,727,34,0
6666,24774.61,60,6.42,35274.8,546,24,0
6667,25592.22,48,3.99,69408.31,713,62,0
6668,54796.66,48,5.64,107927.82,600,18,0
6669,82899.53,60,5.67,76741.54,598,49,0
6670,49203.72,24,3.75,95451.26,730,44,0
6671,59967.55,12,4.05,93235.83,709,43,1
6672,23334.98,36,4.31,118280.29,691,35,0
6673,32647.97,48,7.48,20000.0,473,40,0
6674,10972.21,12,3.19,77955.91,768,71,0
6675,57010.24,48,2.83,210727.45,793,46,1
6676,12516.23,48,5.35,66845.29,620,47,0
6677,5000.0,48,6.36,67413.97,550,47,0
6678,135725.14,60,6.73,48047.8,525,34,0
6679,18265.26,60,5.4,45301.85,616,36,0
6680,10947.12,48,6.55,176014.41,537,52,0
6681,15608.76,48,5.29,20000.0,624,32,0
6682,20057.3,36,5.78,74017.52,590,43,0
6683,32174.67,12,6.92,49287.64,512,62,0
6684,5000.0,12,5.94,20000.0,579,34,0
6685,5000.0,24,4.84,107476.76,655,43,0
6686,17329.92,24,6.29,55989.59,555,40,0
6687,17532.24,24,5.48,73027.2,611,52,0
6688,6258.11,60,3.67,42294.54,735,47,0
6689,25942.18,60,6.06,82619.07,571,34,0
6690,16705.76,36,6.32,91000.97,553,37,0
6691,5000.0,60,4.79,23103.99,658,35,0
6692,108455.53,24,3.28,23009.28,762,34,1
6693,108586.18,48,4.34,42161.61,689,18,0
6694,11734.39,24,5.94,160430.54,579,47,0
6695,8888.93,36,5.94,44022.31,579,34,0
6696,39625.48,48,5.68,43029.59,597,52,0
6697,49814.54,60,5.45,35781.33,613,46,0
6698,157962.65,48,2.0,184185.74,850,39,0
6699,23688.41,36,4.78,67985.81,659,38,0
6700,48142.96,60,2.32,125952.37,828,25,0
6701,105260.97,12,3.73,134237.7,731,46,0
6702,29887.65,24,8.6,25297.26,396,43,0
6703,6525.13,24,5.67,32089.12,598,35,0
6704,23696.35,36,5.03,72425.31,642,18,0
6705,7341.94,36,4.68,24394.42,666,41,0
6706,5000.0,24,4.82,31299.49,656,43,0
6707,69626.3,48,7.43,45671.54,477,61,0
6708,13618.25,12,7.48,32428.92,473,45,0
6709,5000.0,12,4.98,20000.0,645,62,0
6710,102955.43,36,5.51,36527.43,609,35,1
6711,29330.36,36,3.06,62400.48,777,41,0
6712,13646.89,48,4.91,26999.12,650,29,0
6713,15244.12,36,3.8,38021.51,726,41,0
6714,13757.24,12,3.98,48958.62,714,57,0
6715,10818.09,24,5.03,187784.24,642,57,0
6716,92013.74,12,3.31,30363.72,760,48,0
6717,9336.46,48,5.59,146860.34,603,24,0
6718,41260.23,24,5.0,20000.0,644,23,0
6719,5000.0,24,4.82,104327.75,656,41,0
6720,149310.27,12,6.15,90807.57,565,34,0
6721,46230.5,24,6.61,104020.94,533,54,0
6722,116730.89,24,6.8,95315.71,520,52,0
6723,25364.74,36,6.44,119018.98,545,50,0
6724,83213.73,24,5.11,44617.85,636,36,0
6725,96089.24,48,4.47,148744.99,680,47,1
6726,60692.62,24,6.74,31676.28,524,50,0
6727,5000.0,36,4.84,20000.0,655,39,0
6728,5000.0,60,5.29,20000.0,624,41,1
6729,9229.79,60,3.57,67564.36,742,49,0
6730,6283.65,48,5.65,84827.69,599,28,0
6731,64574.25,48,2.61,108284.05,808,36,0
6732,40710.05,24,3.8,65552.44,726,35,0
6733,37322.22,24,5.4,34133.64,616,59,0
6734,14575.62,60,5.71,106302.39,595,37,0
6735,8397.72,60,3.63,60110.05,738,45,0
6736,11568.11,12,5.4,32666.79,616,54,0
6737,25564.37,60,4.87,80878.6,653,33,0
6738,67381.23,60,5.67,58708.58,598,58,0
6739,14686.12,48,5.72,300000.0,594,59,0
6740,59968.01,12,6.7,267657.04,527,18,1
6741,33815.67,12,2.93,30194.52,786,50,0
6742,108333.2,24,5.49,20000.0,610,60,0
6743,13257.85,24,4.72,24622.07,663,39,0
6744,29969.79,12,4.2,20000.0,699,53,0
6745,5083.08,12,2.95,90254.41,785,25,0
6746,20409.93,24,5.72,138612.73,594,21,0
6747,35350.18,48,8.27,24773.92,419,38,1
6748,65976.71,48,4.78,130726.73,659,30,0
6749,11037.14,48,4.2,20000.0,699,50,0
6750,12300.92,48,5.71,127697.82,595,49,0
6751,49926.29,24,4.12,28871.69,704,71,0
6752,24100.39,36,4.91,63468.02,650,56,0
6753,32898.16,60,5.43,108586.87,614,36,1
6754,90435.58,60,2.99,44824.22,782,45,0
6755,34565.77,60,5.39,20000.0,617,48,0
6756,52849.44,60,2.51,231670.32,815,52,0
6757,53468.46,24,4.87,20000.0,653,18,0
6758,81383.13,36,6.13,186495.32,566,38,0
6759,50824.82,24,7.69,88770.77,459,60,1
6760,5000.0,36,3.18,140057.72,769,50,0
6761,20940.66,24,3.53,96173.52,745,45,0
6762,226951.26,12,3.76,20000.0,729,37,0
6763,10939.54,36,3.05,20000.0,778,43,0
6764,44182.6,60,2.31,34032.57,829,45,0
6765,92556.57,36,8.02,20000.0,436,31,0
6766,44161.97,48,7.48,65637.07,473,49,0
6767,23282.28,36,5.33,68484.01,621,46,0
6768,5000.0,48,3.5,49777.95,747,38,0
6769,22444.6,48,4.5,24486.68,678,38,0
6770,10048.77,12,4.49,75817.17,679,26,0
6771,162034.11,36,5.56,28924.18,605,61,1
6772,62768.89,12,6.15,61417.9,565,52,1
6773,69191.5,60,5.05,27699.38,640,49,0
6774,28632.33,36,5.29,42882.7,624,53,0
6775,5824.71,24,5.56,300000.0,605,18,0
6776,15511.14,24,4.01,115847.57,712,70,0
6777,15035.74,24,4.92,20000.0,649,18,0
6778,33352.47,48,4.27,189568.57,694,58,0
6779,30900.11,24,5.08,95117.57,638,46,0
6780,28405.81,60,3.92,47291.15,718,29,0
6781,34256.72,36,6.52,53923.19,539,46,1
6782,217229.15,36,6.97,75856.85,508,52,0
6783,17716.29,48,5.4,187416.87,616,37,0
6784,47760.57,48,3.8,87879.57,726,63,0
6785,13689.47,48,5.45,33699.09,613,22,1
6786,31424.77,60,2.0,47106.66,850,29,0
6787,11160.25,36,6.39,34362.62,548,26,0
6788,40844.02,12,5.2,77745.53,630,23,0
6789,15395.04,48,7.59,93514.51,466,47,0
6790,5000.0,24,2.77,94269.64,797,69,0
6791,84443.29,12,5.1,151135.48,637,57,0
6792,6862.92,12,8.34,90460.0,414,40,0
6793,22946.36,48,5.37,23135.01,618,65,0
6794,32425.67,24,8.66,156822.92,392,60,0
6795,28323.96,48,3.15,54592.39,771,34,0
6796,64670.4,48,6.25,60431.82,558,40,0
6797,45413.23,24,4.85,44887.85,654,49,0
6798,17504.21,12,6.0,30561.17,575,33,0
6799,5000.0,12,5.2,32733.48,630,30,0
6800,72963.71,24,3.75,119624.9,730,56,0
6801,21733.92,12,5.51,65502.39,609,59,0
6802,110238.78,60,4.11,46085.9,705,29,0
6803,25131.03,48,9.01,153225.1,368,50,0
6804,63231.92,60,6.77,90529.08,522,50,0
6805,140309.1,60,4.84,50615.41,655,28,0
6806,52656.01,60,5.96,166140.22,578,49,0
6807,26678.19,36,3.21,142645.52,767,52,0
6808,41897.0,36,3.7,46374.4,733,53,0
6809,39202.33,60,2.93,37456.41,786,40,0
6810,43952.16,48,4.78,99701.9,659,49,0
6811,7939.24,60,6.0,44081.42,575,47,0
6812,59950.9,60,4.02,66263.2,711,46,0
6813,7835.22,36,6.45,56801.44,544,58,0
6814,5000.0,60,5.35,67981.09,620,30,0
6815,49012.15,48,4.33,176146.5,690,31,0
6816,6216.61,48,5.94,66953.46,579,28,1
6817,73573.36,60,2.0,108808.17,850,59,0
6818,100483.07,48,3.86,70669.95,722,44,0
6819,144782.39,60,6.25,65632.27,558,35,0
6820,54603.23,36,3.53,24530.7,745,63,0
6821,32890.44,60,2.54,20000.0,813,41,0
6822,21714.92,12,7.11,32519.14,499,18,0
6823,33758.01,36,3.06,20000.0,777,34,0
6824,10557.8,48,6.76,34012.78,523,46,1
6825,21417.96,48,4.92,66421.75,649,50,0
6826,63280.09,36,4.66,41072.96,667,34,1
6827,12258.15,12,5.87,20000.0,584,38,0
6828,15330.82,36,5.88,300000.0,583,37,0
6829,69180.55,24,6.16,58750.78,564,54,0
6830,9790.77,12,5.71,57513.22,595,64,0
6831,14110.69,36,6.36,144641.04,550,33,0
6832,5000.0,24,3.29,129165.94,761,65,1
6833,63657.5,60,7.06,57536.28,502,47,0
6834,48104.11,12,2.31,62300.59,829,42,0
6835,59271.53,60,5.11,209458.47,636,40,0
6836,12060.78,24,7.96,58278.65,440,29,0
6837,58137.77,48,3.79,123664.88,727,31,0
6838,45363.65,48,5.48,38141.51,611,29,0
6839,22795.02,48,6.65,27477.04,530,27,0
6840,28797.18,60,5.42,91588.67,615,50,0
6841,41957.28,12,6.04,122341.05,572,75,0
6842,33991.04,60,3.05,20000.0,778,32,1
6843,51337.11,60,6.06,88609.52,571,40,0
6844,9982.31,48,6.84,39475.84,517,59,0
6845,38903.67,60,5.94,20000.0,579,29,0
6846,29917.26,24,6.36,21161.48,550,23,0
6847,30903.89,36,3.35,45012.31,757,18,0
6848,31685.65,36,4.62,121663.52,670,45,0
6849,106630.29,36,7.05,99980.02,503,34,0
6850,85360.1,48,6.45,20000.0,544,24,1
6851,49654.53,48,5.56,92574.64,605,34,0
6852,63024.85,36,7.6,29608.86,465,57,0
6853,5000.0,12,6.52,86147.65,539,37,0
6854,68127.27,36,4.44,32037.98,682,56,0
6855,33292.62,60,2.28,198681.91,831,50,0
6856,19117.78,36,7.59,34898.36,466,46,0
6857,7528.18,36,2.0,47579.38,850,43,0
6858,5000.0,12,4.37,29608.93,687,53,1
6859,5000.0,48,6.57,93487.47,536,48,0
6860,8824.7,48,2.7,28499.98,802,46,0
6861,5000.0,60,4.31,20000.0,691,18,1
6862,65958.38,36,3.69,81687.45,734,39,0
6863,14291.8,24,3.72,79117.89,732,20,0
6864,23001.91,60,3.35,23610.87,757,27,0
6865,86500.18,48,6.74,30323.28,524,58,0
6866,6089.03,12,3.75,51625.3,730,41,0
6867,90270.82,48,4.84,97086.25,655,68,0
6868,51018.76,48,4.07,234230.78,708,54,1
6869,20929.76,12,5.9,96607.73,582,33,0
6870,6267.23,36,5.85,105194.9,585,37,0
6871,5000.0,36,5.75,175997.48,592,53,0
6872,20437.1,48,3.85,109429.76,723,51,0
6873,7561.03,60,5.04,193180.92,641,58,0
6874,15578.95,24,5.69,68150.0,596,18,1
6875,5000.0,60,5.4,79711.51,616,20,0
6876,45194.45,60,3.09,30009.41,775,34,0
6877,7848.84,48,4.2,24512.55,699,53,0
6878,70679.64,48,4.25,40675.2,695,55,0
6879,12306.22,24,4.53,112273.97,676,18,1
6880,79968.58,24,3.35,116651.02,757,30,0
6881,10528.77,24,6.45,63151.96,544,52,1
6882,63892.91,48,3.63,137006.36,738,28,0
6883,20253.86,48,4.81,44563.06,657,47,0
6884,43747.84,60,6.28,21982.12,556,50,0
6885,5000.0,48,4.94,97233.01,648,36,0
6886,34184.05,36,5.32,76799.8,622,45,0
6887,8048.82,36,4.41,78569.95,684,42,0
6888,33307.76,24,3.6,198438.52,740,51,0
6889,7620.23,48,6.55,78198.61,537,40,0
6890,28731.7,36,2.42,125816.97,821,18,0
6891,5861.58,60,7.37,20000.0,481,52,0
6892,12419.96,12,6.0,76502.1,575,43,0
6893,45203.16,60,2.04,20000.0,847,52,0
6894,187880.7,12,7.08,54005.84,501,31,0
6895,29817.79,60,5.78,42242.69,590,40,0
6896,58105.36,36,6.04,171346.04,572,36,0
6897,38763.94,48,8.43,178447.88,408,57,0
6898,34493.42,12,5.08,189881.4,638,54,0
6899,5000.0,48,4.27,73008.98,694,66,0
6900,7791.62,48,4.27,20000.0,694,42,0
6901,107303.74,36,5.78,88621.41,590,25,0
6902,26395.56,24,7.8,46236.3,451,28,0
6903,47638.98,24,5.94,70354.95,579,58,1
6904,37563.53,12,6.23,26674.16,559,64,0
6905,23811.74,36,4.56,168978.93,674,24,0
6906,24536.16,48,5.75,110498.07,592,36,0
6907,40536.33,60,4.36,53776.28,688,27,0
6908,7607.57,60,7.75,32539.7,455,74,0
6909,24490.65,12,4.04,120576.93,710,50,0
6910,29617.66,12,4.21,137622.94,698,31,0
6911,210407.78,12,6.57,46124.95,536,30,0
6912,21651.18,36,6.01,33672.85,574,66,1
6913,51722.6,60,5.43,73371.64,614,54,0
6914,7391.11,36,3.4,85910.49,754,44,0
6915,5000.0,36,5.39,22595.98,617,37,1
6916,102607.67,48,4.47,128559.89,680,38,0
6917,65602.94,36,4.97,55430.58,646,23,1
6918,19099.59,36,3.64,151164.69,737,33,0
6919,35117.27,48,4.72,152944.61,663,37,0
6920,7294.32,24,6.77,144067.02,522,42,0
6921,61406.49,48,5.35,20000.0,620,43,0
6922,5000.0,12,3.5,20638.87,747,58,1
6923,70741.49,24,4.49,116048.25,679,33,0
6924,39575.12,60,6.74,115791.86,524,65,0
6925,16345.44,36,2.36,24347.48,825,42,0
6926,99233.61,24,5.84,61458.96,586,49,0
6927,213692.24,60,3.6,133731.25,740,60,0
6928,14674.89,48,2.89,96116.29,789,52,0
6929,82058.34,48,3.4,114111.79,754,55,0
6930,69347.99,12,6.22,85328.42,560,35,0
6931,68755.88,12,3.35,99243.22,757,42,1
6932,157602.48,24,4.59,64036.46,672,55,0
6933,33336.67,36,6.86,54554.46,516,55,0
6934,56068.67,48,5.05,71601.9,640,47,0
6935,86828.74,24,6.38,128732.42,549,55,0
6936,32651.77,24,4.36,42340.09,688,32,1
6937,32834.13,24,3.77,49456.64,728,54,0
6938,19184.31,12,3.28,22698.3,762,58,0
6939,75894.4,48,5.03,54992.71,642,44,1
6940,57949.3,12,6.26,23130.45,557,47,0
6941,29995.58,12,6.67,142898.15,529,18,0
6942,27179.21,24,3.93,59895.53,717,65,1
6943,5000.0,60,3.5,27353.96,747,50,1
6944,5000.0,60,4.12,129811.52,704,53,0
6945,37633.6,60,6.16,28087.66,564,49,0
6946,27020.69,24,5.85,20000.0,585,51,0
6947,79490.77,36,5.75,20000.0,592,50,0
6948,39115.76,48,7.11,20000.0,499,67,0
6949,137998.27,24,4.18,58497.86,700,80,0
6950,10916.56,24,5.13,63799.06,635,61,0
6951,231015.92,12,2.84,99993.91,792,63,0
6952,17685.34,60,6.33,72658.11,552,38,1
6953,51420.36,24,5.13,69668.09,635,41,0
6954,34843.07,36,6.73,25911.14,525,50,0
6955,22281.27,48,5.48,133974.14,611,53,1
6956,7501.0,36,3.77,82352.09,728,50,0
6957,7241.7,24,4.84,55701.12,655,30,0
6958,62154.02,24,6.32,75530.85,553,38,0
6959,23711.94,12,7.09,107546.16,500,39,0
6960,162593.17,36,5.4,23238.81,616,51,0
6961,19700.19,12,4.62,35351.9,670,40,0
6962,205291.68,36,3.72,20000.0,732,41,0
6963,11497.29,60,6.0,62039.28,575,41,0
6964,5424.63,60,6.04,90917.26,572,54,0
6965,18739.74,36,2.0,83847.16,850,63,0
6966,108396.06,12,4.95,108320.8,647,33,1
6967,36891.74,60,3.53,102192.32,745,56,0
6968,7288.88,24,6.76,65042.05,523,31,0
6969,11313.61,48,4.44,96723.45,682,54,0
6970,18644.62,12,3.85,180038.41,723,26,0
6971,44600.24,36,4.84,126491.89,655,65,0
6972,20201.73,48,7.45,119955.92,475,40,0
6973,68728.98,48,6.23,46482.15,559,48,0
6974,47893.87,24,4.39,50611.29,686,46,0
6975,103503.77,12,7.24,137080.77,490,65,0
6976,34753.63,48,2.0,22116.5,850,35,0
6977,20111.75,12,3.27,69611.75,763,44,0
6978,279588.37,24,7.11,125838.43,499,47,0
6979,21974.37,36,4.53,70847.61,676,59,0
6980,27983.52,48,4.81,58936.76,657,33,0
6981,82807.41,48,3.34,107861.79,758,18,0
6982,5000.0,48,8.55,90746.7,400,27,0
6983,24427.94,12,4.68,119118.75,666,55,0
6984,5000.0,48,6.67,234255.62,529,46,0
6985,7500.8,12,4.28,53486.51,693,43,1
6986,5000.0,60,6.49,100685.8,541,32,0
6987,5000.0,60,2.93,54200.16,786,46,1
6988,23925.01,12,4.47,23014.6,680,52,0
6989,82816.99,60,7.54,59928.97,469,43,1
6990,44215.91,24,8.63,20000.0,394,64,0
6991,50381.12,24,4.2,27107.43,699,57,0
6992,36620.32,60,5.93,98059.77,580,43,0
6993,85682.49,36,4.08,91351.14,707,55,0
6994,106171.23,12,5.87,156171.98,584,46,0
6995,94769.65,60,3.16,137884.12,770,49,0
6996,83600.81,12,3.45,34973.34,750,41,0
6997,10088.25,60,4.28,108970.18,693,47,0
6998,45054.87,24,6.22,90709.05,560,22,0
6999,43633.22,36,5.77,45088.46,591,33,0
7000,37532.88,12,5.29,76663.14,624,62,0
7001,32774.54,36,6.44,32781.44,545,40,0
7002,5000.0,24,3.95,147604.84,716,29,1
7003,5388.35,48,5.39,94533.56,617,69,0
7004,116283.26,48,5.19,158625.8,631,40,0
7005,49737.81,12,5.68,67186.29,597,53,0
7006,15212.07,24,4.94,32883.73,648,37,1
7007,16376.64,12,4.66,20000.0,667,58,0
7008,47105.41,12,5.71,38259.92,595,45,0
7009,26122.56,12,5.26,37533.14,626,19,0
7010,29109.29,36,5.59,108830.06,603,76,1
7011,5000.0,60,5.59,79313.69,603,36,0
7012,7467.9,24,4.88,123393.36,652,40,0
7013,24990.2,36,8.63,43226.83,394,26,0
7014,60146.4,60,2.87,132309.65,790,18,0
7015,5000.0,12,3.8,57878.96,726,61,1
7016,20365.17,48,4.68,35124.62,666,48,1
7017,59383.97,36,3.7,20000.0,733,18,0
7018,78523.07,24,6.89,21459.61,514,39,0
7019,10549.68,24,7.45,39334.03,475,50,0
7020,65742.82,60,7.66,75306.15,461,54,0
7021,155514.18,36,4.28,33701.1,693,31,0
7022,118656.9,12,4.71,244223.65,664,37,0
7023,77884.05,60,4.4,104535.08,685,34,0
7024,62296.49,24,3.56,25927.7,743,39,0
7025,13403.01,36,8.37,45142.88,412,48,1
7026,50242.88,48,6.67,50300.38,529,57,0
7027,51539.36,12,5.87,83364.26,584,48,0
7028,26112.98,24,3.95,20000.0,716,48,0
7029,33963.74,36,4.71,192221.59,664,42,0
7030,59213.16,48,2.0,233479.67,850,27,0
7031,151933.59,24,6.51,91205.81,540,42,0
7032,17499.6,48,4.15,155394.38,702,38,0
7033,14142.23,24,3.53,77771.71,745,34,0
7034,46040.91,60,2.79,51357.02,796,45,0
7035,7009.05,60,5.21,27203.48,629,21,0
7036,43677.47,60,6.81,89204.32,519,38,0
7037,5000.0,36,3.96,67318.91,715,34,0
7038,33724.5,60,4.49,111497.57,679,32,0
7039,48433.75,36,4.08,30638.99,707,53,0
7040,5000.0,12,2.95,101929.11,785,46,0
7041,11593.65,60,5.26,42888.69,626,52,0
7042,20426.56,36,6.42,29998.81,546,51,0
7043,22990.68,24,4.09,40083.03,706,30,0
7044,56366.74,36,4.47,35020.31,680,61,0
7045,37647.12,36,5.37,84905.11,618,37,0
7046,24072.12,24,6.39,109591.06,548,61,0
7047,29953.37,36,4.41,20000.0,684,39,1
7048,5000.0,24,3.67,37866.16,735,25,0
7049,73598.12,48,7.24,100771.9,490,29,0
7050,5000.0,60,4.85,113566.03,654,59,0
7051,88397.51,12,4.07,79454.77,708,53,0
7052,38934.87,36,2.29,62130.05,830,33,0
7053,37519.66,24,4.82,31700.2,656,48,0
7054,60967.63,60,2.65,20000.0,805,59,0
7055,98148.58,36,3.7,50940.33,733,69,0
7056,142925.76,60,3.67,51934.12,735,47,0
7057,39194.08,48,6.09,60726.82,569,49,0
7058,8164.68,36,2.0,86254.52,850,42,0
7059,105445.96,24,4.82,82533.51,656,45,0
7060,5000.0,48,4.62,98192.18,670,53,1
7061,82340.68,36,4.89,64680.7,651,28,0
7062,57037.64,60,3.12,30889.63,773,54,0
7063,117550.76,48,2.07,201407.09,845,39,0
7064,113876.65,24,3.96,23301.47,715,33,0
7065,5000.0,36,5.48,31543.42,611,33,0
7066,47009.5,60,2.45,81640.95,819,73,0
7067,6657.8,60,6.76,42520.29,523,64,0
7068,5000.0,48,5.93,157821.36,580,32,0
7069,29735.47,36,6.93,65230.97,511,49,0
7070,5134.73,60,5.45,96841.23,613,48,0
7071,65079.72,48,3.45,56777.95,750,71,0
7072,173592.87,12,5.24,20000.0,627,38,0
7073,42150.03,60,4.84,266615.9,655,18,0
7074,13405.01,48,4.39,78409.51,686,43,0
7075,92641.25,12,5.24,30838.48,627,40,0
7076,95901.31,48,6.54,61851.25,538,51,0
7077,65985.27,60,7.32,111745.46,484,57,0
7078,47742.77,12,3.02,20000.0,780,62,0
7079,101169.11,48,5.84,65532.92,586,61,1
7080,8913.99,36,5.91,50599.27,581,54,0
7081,134119.22,12,7.09,23900.43,500,60,0
7082,147065.19,48,5.11,113696.99,636,24,0
7083,102783.27,36,4.12,32747.2,704,41,1
7084,14428.26,12,5.45,148502.72,613,45,0
7085,97659.26,48,4.4,43429.22,685,51,0
7086,34421.74,60,7.79,101471.64,452,35,0
7087,45184.8,12,4.66,80549.47,667,34,1
7088,91817.12,12,5.51,74114.78,609,39,0
7089,5000.0,36,7.02,62576.16,505,51,0
7090,22544.78,48,7.27,71204.92,488,18,1
7091,84557.72,60,6.16,100929.72,564,44,0
7092,84088.28,36,6.68,152503.6,528,34,0
7093,94420.54,12,4.41,42484.36,684,32,0
7094,9269.27,36,4.28,238758.17,693,49,0
7095,61189.5,36,4.66,123372.45,667,47,0
7096,7920.68,36,4.37,90549.74,687,48,0
7097,76878.66,12,7.21,85862.16,492,47,0
7098,14060.22,24,4.18,20000.0,700,66,0
7099,66935.77,36,3.95,231936.27,716,62,0
7100,30348.62,24,4.52,106299.62,677,24,1
7101,214384.81,60,5.05,29503.18,640,37,0
7102,43362.39,60,6.0,20000.0,575,39,0
7103,50062.4,60,4.43,108132.41,683,22,1
7104,22956.23,48,5.48,44397.3,611,80,1
7105,66310.82,12,3.57,60827.02,742,46,0
7106,34148.52,24,4.52,58867.62,677,27,0
7107,5000.0,48,5.16,60643.96,633,61,0
7108,46898.91,24,5.42,20000.0,615,47,0
7109,88733.2,12,5.14,138201.7,634,33,0
7110,13511.87,36,5.14,42961.07,634,55,0
7111,12491.3,48,5.03,52876.82,642,58,0
7112,46937.83,12,6.8,35342.91,520,55,0
7113,85181.74,48,4.57,116184.79,673,53,0
7114,14358.8,60,4.66,34687.19,667,34,0
7115,134605.88,48,6.63,26323.65,532,20,0
7116,131130.81,36,4.57,102688.56,673,26,0
7117,11190.73,36,4.94,51207.48,648,37,0
7118,15311.61,24,6.13,84458.91,566,18,0
7119,60298.54,48,4.04,40530.5,710,72,0
7120,151550.47,60,2.97,27063.53,783,30,0
7121,61873.5,36,5.75,46922.93,592,42,0
7122,29430.35,24,4.76,123895.25,660,47,0
7123,9256.36,60,3.11,46278.34,774,61,0
7124,30902.9,60,8.11,131380.34,430,52,0
7125,46667.75,60,2.16,44000.51,839,47,0
7126,20094.97,12,4.79,90395.06,658,80,0
7127,35693.81,36,3.82,58254.0,725,69,0
7128,6975.41,12,7.4,44524.31,479,50,0
7129,30091.17,12,6.9,29476.86,513,49,0
7130,5000.0,36,6.32,42421.72,553,43,0
7131,5000.0,48,6.45,69370.56,544,55,0
7132,97329.49,24,8.31,20000.0,416,39,0
7133,11475.79,36,6.65,27417.23,530,33,0
7134,42801.58,24,6.13,88736.68,566,65,0
7135,8066.14,48,7.0,20355.4,506,33,0
7136,15226.33,36,2.76,64359.19,798,44,0
7137,22419.11,60,3.99,106681.78,713,39,0
7138,7755.35,36,5.99,152932.38,576,43,0
7139,5000.0,48,4.07,20000.0,708,48,0
7140,104843.55,12,4.43,66774.65,683,45,0
7141,5000.0,36,7.43,194669.76,477,31,0
7142,5000.0,60,4.3,158638.29,692,38,0
7143,81756.29,36,5.52,20000.0,608,54,0
7144,16564.87,12,3.91,76921.16,719,48,0
7145,64154.46,36,6.49,37400.54,541,50,1
7146,7904.42,60,4.12,38375.8,704,58,0
7147,13543.33,48,3.38,41281.93,755,53,0
7148,42522.4,60,4.34,105009.69,689,36,0
7149,223864.53,48,7.53,82855.61,470,49,0
7150,5000.0,60,2.0,82664.02,850,49,0
7151,25587.52,24,4.05,79683.71,709,21,0
7152,5000.0,36,5.26,30739.4,626,19,0
7153,11108.85,36,4.01,27388.35,712,51,0
7154,119011.67,12,2.0,22582.74,850,36,1
7155,5071.75,24,6.97,59152.53,508,38,0
7156,97195.18,12,3.32,20000.0,759,49,0
7157,9788.78,36,5.16,81216.59,633,45,0
7158,98947.19,12,5.37,172310.94,618,44,0
7159,38611.9,48,5.29,85473.33,624,67,1
7160,105271.49,24,7.96,93049.36,440,41,1
7161,8226.26,60,4.21,35650.5,698,48,0
7162,71781.91,48,8.44,45233.13,407,36,1
7163,57080.99,60,5.68,57552.7,597,60,0
7164,39146.31,12,5.65,55507.51,599,50,0
7165,83191.36,36,5.48,81535.4,611,71,0
7166,52245.43,48,8.05,160865.11,434,47,0
7167,104797.62,24,3.61,56495.3,739,49,0
7168,23987.52,60,7.6,137437.09,465,44,0
7169,44570.54,48,6.26,63264.36,557,68,0
7170,102242.67,36,5.71,20000.0,595,50,0
7171,12091.74,24,5.37,69018.96,618,43,0
7172,33251.45,24,4.36,72827.09,688,31,0
7173,161879.77,60,4.89,20064.92,651,18,0
7174,32084.87,48,2.1,149458.16,843,46,0
7175,14573.09,48,4.41,95323.44,684,40,1
7176,21622.0,24,4.52,120980.11,677,18,0
7177,108177.74,12,5.75,125654.44,592,38,0
7178,154924.85,24,4.47,29231.76,680,29,0
7179,149894.37,36,5.62,125959.82,601,70,0
7180,60022.68,48,5.61,20000.0,602,44,0
7181,35626.89,60,2.0,65628.77,850,63,0
7182,10086.78,48,2.67,44113.44,804,51,0
7183,6575.02,24,6.17,20301.52,563,60,0
7184,5000.0,36,3.98,92627.45,714,79,0
7185,5000.0,12,4.52,101911.72,677,57,0
7186,105234.57,48,5.88,28277.33,583,80,1
7187,82796.69,24,2.0,63003.53,850,54,0
7188,41945.82,24,5.21,89705.96,629,63,0
7189,333172.05,24,2.9,20000.0,788,39,0
7190,152935.81,36,5.87,99689.89,584,23,0
7191,53226.34,24,3.32,24462.49,759,18,0
7192,31234.68,24,2.97,25705.19,783,58,0
7193,8253.8,24,6.32,98513.57,553,37,1
7194,36241.57,48,5.39,23914.53,617,39,0
7195,8583.54,24,5.04,126938.17,641,39,0
7196,25412.39,36,2.54,51891.43,813,34,0
7197,142927.47,48,2.65,40497.79,805,69,0
7198,20925.92,24,5.49,111014.53,610,31,0
7199,8290.17,12,5.48,64052.78,611,52,0
7200,43661.16,36,4.56,70281.46,674,52,0
7201,46110.94,12,7.21,21058.9,492,22,0
7202,10771.43,36,3.06,218001.91,777,53,0
7203,10944.29,12,6.17,179579.66,563,27,0
7204,228056.67,24,4.78,66262.31,659,43,0
7205,13938.17,12,2.87,46034.77,790,39,0
7206,91067.25,12,4.27,85404.74,694,45,0
7207,31774.47,36,5.49,20000.0,610,54,0
7208,28545.53,24,6.41,78783.19,547,31,0
7209,17475.21,36,5.0,20000.0,644,36,1
7210,74322.49,24,5.33,49243.49,621,20,0
7211,106289.3,60,2.0,22254.9,850,28,0
7212,15131.49,48,6.09,100231.84,569,56,1
7213,5000.0,48,5.69,38551.52,596,39,1
7214,7362.37,36,6.38,20000.0,549,58,0
7215,78704.39,24,5.29,128697.04,624,30,0
7216,28619.71,12,4.15,300000.0,702,33,0
7217,7073.26,48,6.29,58209.95,555,61,0
7218,20797.61,36,4.4,84422.3,685,48,0
7219,36101.57,36,6.68,33234.27,528,22,0
7220,95544.61,36,3.56,40181.6,743,36,0
7221,51325.27,24,5.58,162091.15,604,57,0
7222,9681.23,36,5.39,95414.77,617,42,0
7223,8640.51,60,2.87,96785.05,790,63,0
7224,26579.84,12,5.55,36190.57,606,25,0
7225,5000.0,36,4.34,27711.23,689,63,1
7226,70442.79,24,3.89,183894.29,720,27,0
7227,25662.58,12,3.02,58363.85,780,48,1
7228,21005.37,12,4.44,91656.38,682,59,0
7229,35576.59,48,5.37,29950.72,618,46,0
7230,61714.18,36,5.68,20000.0,597,53,0
7231,42122.62,36,4.46,49115.18,681,60,0
7232,81076.23,24,6.01,186604.76,574,52,0
7233,49626.55,60,4.12,85501.36,704,40,0
7234,77551.44,60,4.62,84811.41,670,41,0
7235,59665.21,48,6.61,46299.65,533,32,0
7236,10729.19,60,6.7,59398.22,527,26,0
7237,5000.0,24,4.79,67789.67,658,64,0
7238,116857.17,48,5.33,76313.39,621,54,0
7239,145621.21,36,3.73,20030.37,731,66,0
7240,64901.78,60,6.25,143549.47,558,54,0
7241,64405.02,24,3.85,97111.05,723,39,0
7242,15745.61,24,3.8,70357.5,726,27,0
7243,39092.55,36,6.64,113793.02,531,37,0
7244,242936.48,24,5.24,131601.19,627,55,0
7245,96946.98,48,2.93,113814.26,786,34,0
7246,18148.62,48,4.33,118252.06,690,64,0
7247,17908.51,12,5.05,40250.77,640,39,0
7248,33041.48,36,3.67,61200.42,735,26,0
7249,25925.98,24,5.64,127195.8,600,40,0
7250,23193.37,60,5.39,52193.22,617,48,0
7251,49305.08,48,4.68,108853.92,666,70,1
7252,5000.0,36,2.84,37540.05,792,46,0
7253,72056.46,36,6.26,33419.07,557,35,0
7254,67363.88,48,4.23,77185.9,697,66,0
7255,88693.72,12,5.49,160485.93,610,62,0
7256,92084.48,36,3.11,97899.69,774,43,0
7257,41781.61,24,3.8,72180.4,726,20,0
7258,75723.19,60,5.03,97137.89,642,36,0
7259,33902.6,60,4.05,83151.93,709,55,0
7260,151340.34,48,5.75,33842.28,592,63,0
7261,10579.19,36,5.84,53867.51,586,47,0
7262,123619.52,60,2.0,20386.44,850,43,0
7263,14956.05,36,5.46,85374.48,612,37,0
7264,5419.55,48,4.66,132239.64,667,56,0
7265,28911.03,12,5.49,146267.99,610,29,0
7266,47714.85,60,6.79,50503.0,521,36,0
7267,13132.56,24,6.41,32077.95,547,65,0
7268,40573.6,48,4.43,89332.35,683,59,0
7269,82485.23,12,6.97,20000.0,508,67,0
7270,14858.68,24,5.96,20000.0,578,35,0
7271,43413.41,24,3.96,102718.04,715,26,0
7272,20723.72,60,4.59,70822.55,672,67,1
7273,37726.5,36,5.52,92307.22,608,56,0
7274,54968.48,48,5.56,20000.0,605,60,0
7275,21571.66,24,6.41,201110.58,547,56,0
7276,259994.99,60,2.0,20000.0,850,72,0
7277,41479.88,12,6.35,158267.52,551,55,0
7278,86994.86,24,3.44,160389.66,751,48,0
7279,64573.8,12,8.14,125465.92,428,49,0
7280,95799.96,48,3.64,97416.36,737,48,0
7281,9545.98,60,3.5,87367.34,747,68,0
7282,12587.04,12,6.28,24176.39,556,63,0
7283,33414.06,36,5.81,32455.86,588,68,0
7284,95638.31,12,3.37,47358.06,756,18,0
7285,11007.81,12,6.58,69531.86,535,41,1
7286,177136.61,60,4.28,49494.84,693,31,0
7287,6825.49,60,5.9,56687.95,582,73,0
7288,9623.32,24,3.6,24075.2,740,34,0
7289,9150.12,12,2.2,171417.53,836,54,0
7290,44095.18,12,6.38,79785.03,549,75,0
7291,124772.75,60,4.07,199691.52,708,50,0
7292,14726.03,36,3.5,20000.0,747,39,0
7293,40263.96,60,7.82,20191.0,450,48,0
7294,9665.44,36,3.45,129495.13,750,25,0
7295,49866.48,60,4.4,46304.03,685,22,0
7296,6576.46,48,3.98,143310.92,714,53,0
7297,33795.9,12,7.57,117818.49,467,18,0
7298,53236.9,36,3.83,59638.68,724,44,0
7299,43271.32,48,5.19,27140.98,631,43,0
7300,7541.17,36,6.57,29116.68,536,74,0
7301,8799.48,24,3.89,37705.08,720,53,0
7302,55644.33,24,3.73,67370.86,731,41,0
7303,82750.35,12,5.03,98547.67,642,59,0
7304,119338.79,48,4.39,28037.3,686,48,0
7305,83996.11,48,5.16,31777.14,633,28,1
7306,182336.76,24,6.92,29522.16,512,49,0
7307,26233.7,12,5.13,274837.96,635,47,0
7308,20110.95,24,3.18,42893.62,769,46,0
7309,5000.0,48,3.15,84087.5,771,51,0
7310,29882.38,36,6.12,123329.52,567,61,0
7311,52687.43,48,4.57,32192.09,673,50,0
7312,84480.54,12,4.81,93520.51,657,26,0
7313,15561.55,48,4.2,92792.26,699,22,0
7314,36035.3,60,4.84,27934.97,655,39,0
7315,54236.88,48,3.86,43023.2,722,38,1
7316,40103.8,60,5.52,93506.67,608,50,0
7317,16011.69,24,3.31,55829.12,760,65,0
7318,79551.04,60,5.69,133645.73,596,68,0
7319,9519.36,48,4.63,20000.0,669,35,0
7320,117683.31,48,3.95,142958.66,716,18,0
7321,152453.22,48,4.6,59247.37,671,46,1
7322,22751.67,12,8.33,50583.72,415,61,0
7323,23594.81,24,4.49,100519.72,679,38,0
7324,67988.13,60,3.92,53159.74,718,45,0
7325,30466.83,36,4.49,71204.92,679,42,0
7326,5000.0,60,3.54,115816.87,744,68,1
7327,126209.45,48,3.21,82400.45,767,79,0
7328,28171.81,36,5.93,126244.38,580,55,0
7329,11376.1,36,7.41,48650.77,478,55,1
7330,40558.72,60,6.65,83413.36,530,24,1
7331,12353.0,60,4.81,177918.55,657,38,0
7332,11534.98,60,4.02,20000.0,711,58,0
7333,39453.32,60,5.1,86870.1,637,51,0
7334,24800.32,24,6.93,110332.12,511,52,0
7335,42547.78,12,4.49,166215.41,679,19,0
7336,287629.26,12,4.89,85210.71,651,18,0
7337,97956.21,60,4.68,93855.29,666,74,0
7338,5000.0,12,2.29,38646.1,830,42,0
7339,5000.0,60,3.73,148382.45,731,19,0
7340,47090.61,60,5.11,101974.69,636,43,0
7341,49209.22,60,6.84,37301.7,517,23,1
7342,105264.99,24,2.96,33485.09,784,27,1
7343,49585.37,48,7.48,53866.03,473,33,0
7344,12920.05,12,5.33,67775.5,621,23,0
7345,31604.13,12,6.67,62014.53,529,18,1
7346,82770.27,24,5.51,64306.76,609,56,0
7347,128083.96,24,5.05,52879.35,640,36,0
7348,13519.3,60,6.83,64111.0,518,59,0
7349,38783.49,60,8.47,129046.18,405,45,0
7350,8653.87,48,6.32,100858.03,553,18,0
7351,34358.23,12,6.89,20000.0,514,44,0
7352,5000.0,24,6.31,138245.95,554,66,0
7353,142131.74,48,5.33,85005.49,621,43,0
7354,50813.35,12,2.7,27534.99,802,34,0
7355,96281.71,48,5.78,71185.38,590,23,0
7356,318714.62,48,5.69,37075.99,596,36,0
7357,10085.37,60,5.07,37197.14,639,27,0
7358,59231.95,48,3.95,52846.51,716,37,0
7359,109012.31,60,4.09,137472.15,706,18,0
7360,42893.8,12,7.7,42746.4,458,26,0
7361,51040.41,12,6.44,104901.62,545,53,1
7362,26184.66,60,3.31,245177.03,760,47,1
7363,56159.72,36,5.68,300000.0,597,40,0
7364,25174.13,48,3.51,54521.64,746,25,0
7365,32372.34,12,3.88,23752.74,721,69,0
7366,5430.05,48,8.18,89569.99,425,77,1
7367,5000.0,36,7.32,101024.23,484,26,0
7368,5000.0,48,5.4,131591.1,616,57,0
7369,10691.95,36,4.33,89493.02,690,27,0
7370,30495.83,24,5.3,21367.54,623,53,0
7371,5000.0,36,5.2,20000.0,630,18,0
7372,8476.39,12,4.87,145576.63,653,35,0
7373,76035.79,60,5.07,119949.33,639,47,1
7374,71809.23,60,4.97,28693.8,646,50,0
7375,77968.21,48,8.37,27340.8,412,29,0
7376,127258.92,24,5.37,208697.4,618,53,1
7377,6338.91,48,5.39,132550.94,617,43,0
7378,8904.92,36,6.47,53311.26,543,22,0
7379,20289.78,60,6.03,33259.04,573,28,0
7380,123338.33,36,7.34,51978.3,483,69,0
7381,74689.02,60,4.36,42844.42,688,47,0
7382,19587.08,60,6.6,101550.47,534,38,1
7383,5000.0,60,5.1,78692.51,637,22,0
7384,47905.14,12,5.64,38809.53,600,36,0
7385,14840.79,36,5.19,107774.33,631,47,0
7386,37873.89,48,3.59,35081.57,741,50,1
7387,142196.38,24,5.99,39948.76,576,46,0
7388,42503.76,48,5.07,57183.88,639,34,0
7389,128742.29,36,3.99,134131.78,713,18,0
7390,24964.52,24,4.69,36184.1,665,43,1
7391,50167.56,48,6.07,117942.9,570,44,0
7392,112163.94,24,7.18,207598.18,494,31,0
7393,44335.06,36,6.13,44754.47,566,41,1
7394,47712.44,60,4.65,124942.36,668,46,0
7395,62993.3,36,4.98,144103.06,645,49,0
7396,106899.21,12,3.99,300000.0,713,57,0
7397,5000.0,24,5.4,92578.55,616,18,0
7398,20538.41,36,6.04,59083.65,572,51,0
7399,25348.71,60,7.08,177512.54,501,20,0
7400,120236.24,60,6.68,109301.74,528,29,0
7401,156187.29,36,6.44,103138.87,545,61,0
7402,6413.29,48,3.0,94435.99,781,26,0
7403,6340.99,36,6.64,214523.2,531,58,0
7404,136562.2,60,6.63,42963.54,532,36,0
7405,17532.65,36,5.96,126325.22,578,67,0
7406,13841.35,12,3.41,94807.77,753,24,1
7407,5000.0,48,4.23,151860.65,697,43,0
7408,16120.3,36,5.29,40739.53,624,18,1
7409,59131.19,60,7.22,23471.12,491,46,0
7410,27759.44,36,5.11,214126.03,636,20,0
7411,36373.51,36,3.89,20000.0,720,41,0
7412,124624.12,24,3.12,37828.08,773,31,0
7413,6090.86,36,8.33,20000.0,415,72,0
7414,5000.0,12,6.29,136403.36,555,38,0
7415,95503.76,60,5.03,29425.97,642,70,1
7416,74550.71,24,3.35,86663.72,757,29,0
7417,15308.2,36,7.08,29207.02,501,18,1
7418,19595.43,48,6.77,21908.29,522,56,0
7419,18573.32,12,5.85,203537.32,585,26,0
7420,52179.05,12,7.21,108947.32,492,61,0
7421,5000.0,12,8.04,50429.71,435,42,0
7422,33608.59,24,2.09,72909.83,844,53,0
7423,7186.18,36,5.55,22594.56,606,58,0
7424,85667.35,12,6.13,243526.21,566,78,0
7425,23955.29,36,6.9,36616.9,513,60,0
7426,37493.52,48,5.23,118111.49,628,47,0
7427,5000.0,36,5.97,20000.0,577,58,0
7428,5000.0,36,4.04,79569.69,710,56,0
7429,56204.94,36,6.74,95684.09,524,52,1
7430,72786.63,60,5.2,65697.57,630,75,0
7431,61899.85,24,5.27,115593.66,625,41,0
7432,66783.61,36,4.4,51489.54,685,47,0
7433,5525.35,12,5.45,38100.58,613,36,0
7434,59118.86,60,4.34,68362.59,689,80,1
7435,10029.22,36,4.75,23892.53,661,40,0
7436,5157.89,60,3.93,24693.13,717,50,0
7437,70767.8,24,4.33,36839.86,690,30,0
7438,110094.52,60,5.45,182775.03,613,38,0
7439,63064.19,12,2.77,61293.34,797,60,0
7440,81885.04,36,5.93,261228.44,580,43,0
7441,236018.7,12,2.95,57622.43,785,62,0
7442,7237.18,48,3.6,38413.07,740,57,0
7443,167838.77,60,4.18,197744.76,700,43,0
7444,45964.49,60,5.17,36821.78,632,31,1
7445,83900.07,60,6.06,56060.47,571,49,0
7446,52515.28,24,4.75,21688.51,661,49,0
7447,42202.9,12,4.76,159544.68,660,45,0
7448,60805.47,48,5.19,63739.29,631,49,0
7449,19302.15,24,4.25,154362.0,695,34,0
7450,129030.05,24,3.72,97315.0,732,54,0
7451,6124.91,36,6.25,62352.07,558,51,0
7452,19138.57,48,6.0,86229.67,575,33,1
7453,5000.0,60,6.89,171533.82,514,37,0
7454,15826.24,60,4.49,72077.56,679,44,1
7455,12308.65,36,2.76,56706.0,798,38,0
7456,5000.0,60,6.95,20000.0,510,33,1
7457,33841.46,12,6.13,94164.34,566,60,0
7458,31615.4,60,7.02,64102.38,505,58,0
7459,5000.0,12,5.8,189827.68,589,54,0
7460,15180.45,36,8.04,21215.13,435,27,1
7461,153224.29,36,3.34,96347.15,758,72,1
7462,5868.09,12,3.93,20000.0,717,49,0
7463,18193.51,60,4.65,53058.13,668,43,0
7464,5000.0,36,3.61,180210.74,739,57,0
7465,8060.53,36,3.69,177807.65,734,43,0
7466,60098.26,12,5.01,93054.49,643,18,0
7467,22841.85,36,6.87,93997.87,515,48,0
7468,30080.99,60,6.01,127928.94,574,61,0
7469,8538.13,36,5.04,64260.68,641,50,0
7470,57307.24,12,6.04,58535.22,572,18,1
7471,69619.97,60,2.41,21798.64,822,57,0
7472,9990.4,48,4.69,73116.59,665,49,0
7473,5000.0,12,4.76,23971.55,660,50,0
7474,5000.0,48,3.54,49725.19,744,22,0
7475,53507.91,36,4.52,134125.25,677,36,0
7476,7280.81,60,5.3,88600.09,623,28,0
7477,34052.91,36,2.71,34909.56,801,58,0
7478,8281.57,60,4.28,47439.94,693,52,0
7479,9325.4,24,5.64,76110.8,600,35,0
7480,5000.0,36,4.66,104076.18,667,33,0
7481,19343.77,36,5.68,31126.85,597,40,0
7482,5000.0,36,6.12,163271.65,567,49,1
7483,25040.57,12,3.77,69397.23,728,58,0
7484,45538.34,60,5.65,30518.0,599,31,0
7485,22906.28,60,6.03,37704.76,573,50,0
7486,61052.83,60,4.65,158190.84,668,39,1
7487,67633.65,12,3.4,106318.81,754,18,0
7488,59636.21,60,7.98,137844.3,439,37,0
7489,138004.21,36,5.97,90576.45,577,51,0
7490,13544.15,48,8.17,31888.03,426,32,0
7491,10502.51,24,9.84,161210.73,311,50,1
7492,47043.45,60,4.85,28206.84,654,55,0
7493,45178.23,12,6.83,74181.92,518,62,0
7494,35677.53,12,3.8,20917.74,726,29,0
7495,5000.0,60,6.67,49157.43,529,62,0
7496,40510.82,48,4.07,52307.45,708,45,0
7497,135002.66,60,4.5,26892.46,678,21,0
7498,20366.67,12,6.28,36341.52,556,41,0
7499,171478.6,24,5.65,82885.98,599,40,0
7500,22061.61,48,4.66,45027.61,667,36,0
7501,7532.69,60,4.14,300000.0,703,26,0
7502,25408.41,24,2.93,110654.38,786,48,1
7503,34121.37,60,4.6,117327.62,671,44,1
7504,49640.29,48,4.98,139676.3,645,36,0
7505,35147.57,12,4.88,93999.64,652,30,0
7506,38471.03,48,5.29,38859.05,624,18,0
7507,5000.0,36,5.59,116406.23,603,68,0
7508,14626.03,60,6.28,55073.9,556,40,0
7509,18603.69,24,4.36,22904.38,688,56,0
7510,217481.99,24,6.15,100084.54,565,61,0
7511,17518.16,48,4.66,92132.17,667,60,1
7512,113447.29,48,4.97,118079.44,646,55,0
7513,18173.2,48,3.98,63970.17,714,48,0
7514,5052.4,24,4.57,128618.7,673,19,0
7515,14225.52,12,6.04,28903.23,572,68,1
7516,15929.64,24,6.52,20000.0,539,27,0
7517,191403.84,12,3.41,74188.71,753,67,0
7518,56087.62,48,5.53,45371.62,607,40,0
7519,134178.37,36,2.89,34055.51,789,59,1
7520,90088.98,24,8.73,57336.49,387,57,0
7521,43208.46,48,4.65,105221.63,668,50,0
7522,56256.22,24,3.67,20000.0,735,50,0
7523,49019.76,48,4.79,50797.1,658,42,0
7524,54870.1,24,4.6,194243.51,671,45,0
7525,15378.84,60,4.08,20121.07,707,45,0
7526,26223.0,24,3.72,42803.1,732,47,0
7527,44899.93,60,4.04,155691.27,710,43,0
7528,5000.0,12,3.13,60739.97,772,25,0
7529,32969.66,24,5.61,81273.41,602,38,0
7530,98208.21,12,2.48,51740.28,817,51,0
7531,33899.9,36,6.42,164650.69,546,43,0
7532,40184.21,60,3.53,40410.03,745,45,1
7533,11276.39,24,4.34,72354.98,689,35,1
7534,79077.36,12,2.0,120121.63,850,53,0
7535,22226.8,48,4.49,34966.89,679,54,0
7536,156850.45,12,3.92,20000.0,718,18,0
7537,253477.95,24,7.32,20000.0,484,21,0
7538,123847.25,36,3.67,104989.79,735,42,0
7539,5000.0,60,4.5,26239.51,678,52,0
7540,20261.99,48,3.85,92464.92,723,49,0
7541,145146.38,12,6.31,88983.58,554,42,0
7542,81618.26,24,5.64,24481.3,600,57,0
7543,121059.19,24,4.65,77094.91,668,54,0
7544,42496.27,60,5.03,240791.72,642,42,0
7545,32734.57,48,4.52,108881.13,677,42,0
7546,5630.24,12,4.68,300000.0,666,25,0
7547,91464.2,12,5.64,44976.11,600,46,1
7548,68352.35,12,5.26,80211.13,626,53,1
7549,5000.0,60,6.0,33119.84,575,34,0
7550,11749.08,60,2.0,195035.38,850,45,1
7551,40740.61,48,4.43,54621.9,683,50,0
7552,57664.37,12,2.36,23995.5,825,58,0
7553,7405.88,12,6.44,79531.71,545,40,0
7554,14040.28,48,5.04,42740.04,641,32,0
7555,10728.41,48,5.56,90856.15,605,39,0
7556,12422.89,48,4.34,62323.99,689,49,0
7557,126734.13,24,4.62,110335.58,670,48,0
7558,62907.3,48,6.57,20000.0,536,21,1
7559,66800.4,36,4.23,69156.5,697,39,0
7560,78992.82,60,4.53,32469.41,676,29,0
7561,22047.34,48,4.49,141132.43,679,45,1
7562,72875.47,24,3.24,183129.31,765,50,0
7563,191784.11,36,3.54,40909.11,744,60,0
7564,59931.73,24,2.55,92150.95,812,63,0
7565,26957.24,24,4.43,30180.22,683,52,0
7566,63002.43,24,3.59,85954.11,741,38,0
7567,115528.19,24,5.2,31595.83,630,37,0
7568,6891.98,12,4.63,89341.27,669,51,0
7569,15414.29,60,4.07,99019.65,708,56,0
7570,125848.49,12,5.64,206999.55,600,26,0
7571,146154.68,36,4.82,20000.0,656,80,0
7572,33095.91,12,6.79,94732.83,521,51,0
7573,23464.27,36,3.12,20000.0,773,57,0
7574,16618.76,48,3.08,63039.92,776,51,0
7575,34532.67,36,6.68,60809.73,528,29,0
7576,136309.04,12,3.24,60159.25,765,38,0
7577,8114.75,12,3.51,20000.0,746,33,0
7578,27221.76,36,4.46,65415.34,681,19,0
7579,121298.61,12,4.44,64060.08,682,26,0
7580,21471.44,36,4.08,20000.0,707,71,0
7581,73068.44,24,6.83,20000.0,518,41,0
7582,24654.18,60,2.0,76510.05,850,58,0
7583,81718.99,36,8.07,133814.61,433,36,0
7584,198172.0,24,7.05,73644.3,503,34,0
7585,24536.61,24,3.37,80697.97,756,67,0
7586,93248.34,24,3.59,36670.12,741,42,0
7587,222910.08,24,2.44,59840.1,820,41,0
7588,206230.32,36,4.76,20000.0,660,48,0
7589,28437.84,12,6.26,96095.42,557,54,0
7590,33253.37,24,4.82,29719.06,656,36,0
7591,18077.31,48,3.67,20000.0,735,18,0
7592,18845.25,24,5.93,65486.74,580,62,0
7593,33910.03,12,6.47,141314.54,543,51,0
7594,11189.6,12,4.87,73863.95,653,31,0
7595,62087.77,60,5.97,140938.7,577,42,0
7596,38426.79,60,5.17,44714.0,632,64,0
7597,114172.4,24,5.81,79853.18,588,68,0
7598,83190.07,24,4.07,54208.5,708,40,0
7599,19465.15,60,5.56,104583.38,605,67,0
7600,35241.22,24,5.67,88349.4,598,45,0
7601,69417.81,48,3.89,33657.31,720,33,0
7602,10733.98,36,6.54,213802.66,538,37,0
7603,5000.0,60,6.23,20538.13,559,71,0
7604,95630.14,60,4.43,71725.61,683,53,0
7605,7398.92,12,6.19,30058.6,562,30,0
7606,110096.93,24,3.02,63995.71,780,60,0
7607,122443.02,60,6.45,28154.64,544,61,0
7608,30874.2,60,5.08,63590.28,638,38,0
7609,82196.74,48,6.17,77309.45,563,52,0
7610,22564.29,24,2.79,103598.26,796,66,1
7611,97689.65,36,6.45,20000.0,544,27,0
7612,87057.66,48,2.13,43356.45,841,18,0
7613,5000.0,36,4.79,114816.09,658,34,0
7614,43685.72,12,5.19,85019.47,631,18,0
7615,51082.41,60,7.95,287017.25,441,26,0
7616,5000.0,48,2.49,42226.73,816,62,0
7617,195397.36,36,4.18,217489.17,700,32,0
7618,26091.6,24,6.68,111307.54,528,43,0
7619,36422.47,12,5.68,156833.72,597,55,0
7620,10833.48,12,7.32,32872.22,484,62,0
7621,47198.33,60,6.04,86028.56,572,50,0
7622,83199.95,60,5.08,75971.74,638,18,1
7623,44081.47,36,2.54,45426.83,813,44,0
7624,77566.72,36,2.0,140167.21,850,56,1
7625,65672.27,12,4.14,62029.05,703,47,0
7626,13567.99,36,7.18,109278.42,494,53,0
7627,28618.46,60,2.0,20000.0,850,34,0
7628,8045.24,12,7.5,77729.35,472,46,1
7629,5000.0,12,3.67,119404.43,735,54,0
7630,5000.0,24,4.82,39107.37,656,66,0
7631,142798.46,24,3.12,59120.69,773,35,1
7632,208466.74,36,6.01,63528.59,574,35,0
7633,5000.0,36,3.41,63470.9,753,68,0
7634,20412.96,60,2.8,27042.31,795,39,0
7635,6075.66,60,4.31,121280.6,691,48,1
7636,89857.34,24,4.89,50026.95,651,48,1
7637,34288.43,12,3.43,101680.4,752,44,0
7638,48545.5,48,2.96,71587.53,784,74,0
7639,38816.75,48,5.59,30311.15,603,41,0
7640,61937.46,36,5.84,83781.67,586,56,0
7641,19219.36,48,5.85,38060.98,585,38,1
7642,7395.62,48,8.18,48834.01,425,72,0
7643,5000.0,24,3.56,20000.0,743,32,1
7644,29501.82,12,4.92,119378.25,649,54,0
7645,119208.43,60,5.33,20000.0,621,18,0
7646,18211.35,24,5.56,120990.51,605,40,0
7647,10905.12,60,4.28,61264.03,693,53,0
7648,130213.4,24,5.88,72763.48,583,23,1
7649,5571.65,24,3.61,44376.17,739,39,0
7650,5000.0,48,5.46,20000.0,612,80,0
7651,105769.26,60,6.58,148045.09,535,28,0
7652,60350.43,24,4.04,32956.82,710,49,1
7653,27415.01,48,6.17,175486.79,563,23,0
7654,69785.72,36,5.03,207996.01,642,28,0
7655,67631.37,60,3.56,98026.79,743,51,0
7656,5000.0,24,4.85,56839.44,654,41,0
7657,56388.69,36,4.76,20404.42,660,32,1
7658,51203.87,48,5.55,110132.79,606,38,0
7659,165906.0,24,4.68,149497.78,666,61,0
7660,169993.83,48,5.83,66875.19,587,41,0
7661,23724.63,48,4.15,65457.6,702,53,0
7662,44560.63,48,5.4,90625.08,616,18,1
7663,7620.12,60,5.19,36574.78,631,36,0
7664,5000.0,36,6.38,20000.0,549,38,0
7665,28350.39,36,4.17,80470.56,701,33,0
7666,58540.12,12,5.71,20000.0,595,43,0
7667,41938.84,24,6.51,59141.81,540,40,0
7668,28075.86,48,5.67,39126.54,598,55,1
7669,85218.36,24,3.73,48385.18,731,61,0
7670,79097.82,36,4.08,51904.19,707,35,0
7671,65827.61,36,8.17,93131.95,426,63,0
7672,5000.0,48,5.93,42391.76,580,34,0
7673,79597.0,60,2.83,69955.87,793,46,0
7674,125926.06,48,3.09,24923.93,775,25,0
7675,5000.0,48,6.74,31246.81,524,40,0
7676,25680.76,12,3.61,97516.57,739,67,0
7677,222646.02,60,7.0,42610.7,506,47,0
7678,45719.48,24,6.13,26722.92,566,41,0
7679,36033.87,60,6.48,70032.16,542,18,0
7680,9767.07,48,3.85,60430.28,723,44,0
7681,41676.39,48,4.87,162199.97,653,46,0
7682,28905.57,48,4.18,87677.6,700,37,0
7683,6816.37,48,7.77,27309.91,453,39,0
7684,31212.1,48,3.63,20000.0,738,43,0
7685,8980.22,60,2.54,60728.76,813,45,0
7686,65589.71,48,4.56,117614.56,674,42,0
7687,181811.25,36,2.03,60098.92,848,62,0
7688,31704.03,36,3.64,62135.3,737,29,0
7689,50033.69,12,2.29,20000.0,830,68,0
7690,28191.59,24,5.24,38038.04,627,41,0
7691,7451.33,36,4.44,20000.0,682,53,0
7692,176262.04,12,5.9,89691.43,582,60,0
7693,6938.89,60,7.03,77473.83,504,47,0
7694,5918.17,24,6.1,65617.06,568,44,0
7695,30732.79,48,4.5,30883.0,678,47,0
7696,53777.11,48,6.74,24018.73,524,18,1
7697,21919.3,60,4.75,77325.63,661,18,0
7698,10691.67,24,8.08,75455.64,432,56,0
7699,85452.79,36,5.4,105015.28,616,40,0
7700,22557.39,24,4.53,75130.92,676,32,0
7701,10803.49,12,5.94,98929.9,579,48,0
7702,22713.2,60,5.37,76237.9,618,42,0
7703,12075.19,36,4.94,133103.84,648,25,1
7704,36640.96,24,5.48,45852.09,611,59,0
7705,55174.62,24,4.5,75553.63,678,61,1
7706,80361.36,36,7.38,94709.37,480,48,0
7707,12910.18,12,6.64,63988.07,531,47,0
7708,9133.32,12,6.41,20000.0,547,44,1
7709,5000.0,24,5.23,90901.02,628,46,0
7710,12944.22,48,2.29,37387.19,830,50,0
7711,5000.0,36,4.08,28458.7,707,37,0
7712,21192.21,12,7.41,21078.86,478,57,0
7713,7873.24,12,4.62,107253.13,670,47,1
7714,43362.6,12,5.72,67042.78,594,56,1
7715,24203.24,60,5.58,23014.34,604,63,0
7716,5000.0,48,5.97,26166.34,577,45,0
7717,25530.15,12,5.33,61544.84,621,49,0
7718,11744.88,48,7.51,23120.46,471,54,0
7719,56999.43,24,5.1,67510.96,637,46,0
7720,22662.14,24,4.46,120984.81,681,39,0
7721,7951.55,60,6.09,136818.54,569,47,0
7722,21508.52,48,5.68,107651.66,597,64,0
7723,12704.52,36,6.65,169724.63,530,18,0
7724,79427.63,60,5.51,70641.39,609,56,0
7725,204820.01,12,4.79,226790.2,658,47,0
7726,5000.0,24,5.19,197942.46,631,37,0
7727,58562.4,24,3.96,73624.12,715,58,0
7728,15323.39,36,3.53,45257.16,745,26,1
7729,5000.0,60,5.78,48798.83,590,38,0
7730,5000.0,48,5.26,20000.0,626,64,0
7731,106435.65,24,6.52,45655.42,539,18,0
7732,21817.34,12,5.62,20000.0,601,52,0
7733,260550.98,36,4.84,115767.71,655,66,0
7734,29203.62,36,3.82,20000.0,725,61,0
7735,10387.98,36,5.05,89042.5,640,50,0
7736,75061.38,12,4.47,44705.14,680,30,0
7737,130518.2,36,6.86,114402.38,516,58,0
7738,84538.1,48,4.56,49605.59,674,35,0
7739,68363.67,48,6.17,92253.23,563,42,0
7740,20375.84,60,2.64,87950.87,806,44,0
7741,5000.0,60,2.28,43542.83,831,26,0
7742,11238.45,48,2.67,75955.39,804,64,0
7743,29602.71,12,6.26,94840.05,557,43,0
7744,156405.92,60,3.96,114790.94,715,43,0
7745,64160.57,36,8.55,20000.0,400,35,0
7746,88095.39,48,3.35,20000.0,757,34,0
7747,16237.63,24,4.97,99826.49,646,54,0
7748,57572.66,12,7.57,42701.81,467,54,0
7749,99184.08,12,4.04,66372.48,710,80,0
7750,32639.77,48,5.42,20000.0,615,40,0
7751,28096.46,24,5.43,227854.49,614,38,1
7752,63542.06,12,4.15,26347.98,702,61,0
7753,41038.99,60,3.47,77912.55,749,57,0
7754,249329.46,24,4.53,31761.67,676,40,0
7755,27678.2,36,8.25,139284.56,420,50,0
7756,9675.8,60,4.53,115592.93,676,68,0
7757,31926.8,24,6.42,125715.74,546,27,0
7758,13407.37,48,4.23,89445.76,697,33,0
7759,41191.71,12,4.44,106792.24,682,51,0
7760,6722.13,60,5.39,41213.13,617,34,0
7761,149762.89,48,5.13,148333.36,635,35,0
7762,98242.43,24,7.61,56473.29,464,63,0
7763,8454.4,36,2.67,27463.82,804,51,0
7764,9460.84,12,4.55,56414.72,675,44,0
7765,35916.96,12,4.66,47905.58,667,33,0
7766,74114.14,60,4.59,60390.93,672,50,0
7767,12364.09,48,7.66,26958.8,461,62,1
7768,5000.0,24,3.61,111162.74,739,25,0
7769,39431.64,24,5.64,33018.66,600,26,0
7770,58817.41,48,4.88,75760.88,652,55,0
7771,14009.87,12,5.93,87263.23,580,36,0
7772,67309.05,48,6.83,84630.38,518,32,0
7773,150434.58,24,5.84,89469.38,586,34,0
7774,7371.34,48,5.33,26480.84,621,56,0
7775,35772.61,12,5.07,99380.14,639,55,0
7776,5000.0,60,5.78,21590.32,590,50,0
7777,11575.23,12,5.2,20000.0,630,38,0
7778,5000.0,36,5.49,64134.21,610,32,0
7779,25876.29,36,7.05,44576.53,503,35,0
7780,85971.51,48,5.1,94935.5,637,31,0
7781,43034.58,12,5.1,146908.79,637,39,0
7782,12589.04,12,6.07,99286.79,570,45,0
7783,5000.0,24,3.7,28511.4,733,56,0
7784,40304.39,60,5.07,31804.4,639,45,0
7785,7124.09,12,4.49,30238.12,679,42,0
7786,20983.33,48,6.31,102335.22,554,70,0
7787,35687.12,24,6.03,58889.47,573,18,0
7788,117031.24,24,5.45,80291.51,613,54,1
7789,5000.0,48,6.81,22716.15,519,52,0
7790,55222.6,48,7.73,79938.64,456,53,0
7791,5000.0,12,3.06,44888.45,777,58,0
7792,49700.26,12,5.87,179121.89,584,27,0
7793,40095.95,24,5.24,22418.95,627,59,0
7794,83530.21,24,4.6,20000.0,671,50,0
7795,37928.3,60,5.33,52452.74,621,39,1
7796,21740.83,24,6.67,49409.28,529,54,0
7797,13903.15,48,3.5,142454.61,747,47,1
7798,5000.0,48,5.71,41424.04,595,30,0
7799,38244.26,60,4.09,220816.64,706,18,0
7800,109606.74,36,2.89,57268.56,789,25,0
7801,36153.99,36,6.83,30336.03,518,34,1
7802,67181.45,48,3.75,44048.61,730,50,0
7803,17722.08,36,4.78,96035.82,659,23,0
7804,29722.22,36,6.25,86480.72,558,51,0
7805,19622.75,60,4.3,167282.75,692,49,1
7806,5785.48,24,4.76,20000.0,660,75,0
7807,26977.43,24,5.81,44777.25,588,50,0
7808,72257.06,36,2.15,292642.99,840,18,0
7809,25124.27,12,4.36,34653.79,688,62,0
7810,52516.72,60,6.51,129945.2,540,31,0
7811,71068.21,36,4.44,20000.0,682,30,0
7812,19484.72,12,5.19,33935.73,631,42,1
7813,79854.36,12,6.57,85588.43,536,53,0
7814,20694.45,60,5.26,87426.13,626,40,0
7815,14792.91,24,4.36,77337.87,688,45,1
7816,12580.12,48,6.26,83900.62,557,31,0
7817,11151.19,12,6.95,128117.56,510,27,0
7818,66803.66,48,6.92,59024.01,512,48,0
7819,109244.22,48,6.84,163229.1,517,22,0
7820,13110.36,60,4.14,64639.4,703,34,0
7821,5000.0,24,4.33,59481.41,690,40,0
7822,18826.9,60,6.26,20000.0,557,48,0
7823,53624.9,12,5.23,143238.98,628,41,0
7824,22984.46,24,6.83,20000.0,518,40,0
7825,39833.97,36,5.85,118907.17,585,26,0
7826,68188.49,24,5.88,97768.37,583,38,0
7827,26252.87,60,4.49,159638.44,679,41,0
7828,404732.3,60,3.21,20000.0,767,51,0
7829,17687.48,48,6.51,185427.78,540,32,0
7830,191403.29,36,6.12,43839.77,567,31,1
7831,11346.89,24,4.52,36256.94,677,26,0
7832,5879.06,36,7.0,23053.64,506,47,0
7833,69481.12,48,6.25,53574.66,558,39,0
7834,60585.07,36,3.67,75390.0,735,42,0
7835,83345.23,36,3.13,89142.58,772,37,1
7836,21048.52,24,6.28,40058.8,556,38,1
7837,133543.25,36,6.12,35072.98,567,35,1
7838,6362.21,48,3.95,195143.73,716,52,1
7839,5000.0,12,3.53,77092.5,745,45,0
7840,17874.04,12,5.36,90830.11,619,67,1
7841,79807.45,60,5.94,118418.64,579,40,0
7842,55887.05,12,4.18,83734.37,700,68,1
7843,28653.56,24,4.46,38387.3,681,40,0
7844,14802.76,60,5.03,22823.15,642,52,1
7845,5000.0,12,2.31,101432.79,829,35,0
7846,20587.16,12,4.62,93613.79,670,52,0
7847,30811.14,60,6.63,87121.49,532,18,0
7848,58081.41,24,4.36,65486.58,688,26,1
7849,51918.96,60,5.97,63005.46,577,30,0
7850,147199.61,24,5.21,24909.22,629,75,0
7851,5290.03,24,3.86,20000.0,722,60,1
7852,20499.27,48,3.72,123825.65,732,48,0
7853,32848.29,12,9.26,175212.2,351,38,1
7854,55538.67,12,5.8,95960.18,589,36,0
7855,34204.58,36,5.71,20591.64,595,35,0
7856,121953.6,60,4.98,64258.59,645,55,0
7857,46910.5,48,6.25,31636.83,558,46,0
7858,5000.0,12,5.39,49423.84,617,58,0
7859,6032.51,36,5.08,25179.95,638,53,0
7860,70018.76,48,7.41,70240.81,478,51,0
7861,62901.69,24,5.21,114453.7,629,33,0
7862,8332.08,12,3.56,86049.18,743,33,0
7863,5000.0,60,6.77,44987.7,522,46,1
7864,43222.62,48,4.76,74981.91,660,50,0
7865,50494.21,36,4.84,20000.0,655,42,0
7866,7268.61,60,7.59,111123.34,466,26,0
7867,32086.53,24,5.46,97931.02,612,48,1
7868,18252.03,60,5.08,84666.8,638,56,0
7869,133904.41,36,3.13,145333.26,772,28,0
7870,12371.8,24,5.48,82289.07,611,40,0
7871,66074.18,36,4.4,48262.19,685,30,0
7872,36504.45,12,5.97,46387.51,577,59,0
7873,5000.0,36,4.5,50007.59,678,74,0
7874,36386.78,60,3.67,84787.54,735,64,1
7875,5238.71,12,7.35,29757.1,482,21,1
7876,53802.76,12,4.73,34966.77,662,50,0
7877,41680.67,48,4.17,22953.29,701,53,0
7878,5000.0,60,5.13,28873.71,635,71,0
7879,11451.34,60,4.59,57977.13,672,36,0
7880,74855.72,24,3.83,191827.58,724,43,0
7881,16132.49,36,6.92,21961.73,512,27,0
7882,34585.75,36,4.37,138951.89,687,24,0
7883,18698.22,60,3.21,37104.42,767,46,0
7884,127249.94,36,5.55,129380.58,606,67,0
7885,38455.75,60,5.85,49472.99,585,45,0
7886,59564.93,12,5.85,79764.65,585,45,1
7887,5000.0,36,4.5,81693.21,678,26,0
7888,5000.0,36,2.86,55004.71,791,47,0
7889,15003.13,60,2.0,53682.26,850,36,0
7890,18490.49,60,2.64,170323.95,806,38,1
7891,58186.44,24,5.42,68868.0,615,70,0
7892,42097.5,36,6.17,49430.39,563,38,0
7893,23466.56,48,7.16,242898.23,495,39,0
7894,53082.81,60,4.27,256480.68,694,48,0
7895,8930.37,48,2.0,300000.0,850,18,1
7896,5000.0,12,4.62,20000.0,670,33,1
7897,96380.71,12,4.41,20000.0,684,18,0
7898,41499.47,48,4.98,79383.77,645,36,0
7899,52362.03,12,4.11,177315.64,705,73,0
7900,18353.75,48,5.83,64218.17,587,18,0
7901,23257.17,24,4.44,158393.62,682,20,0
7902,5000.0,24,5.35,166372.6,620,65,0
7903,97241.4,12,4.23,36700.28,697,42,0
7904,44878.29,48,4.94,55916.84,648,51,1
7905,5000.0,48,4.17,20000.0,701,46,0
7906,81617.32,48,6.25,23495.56,558,46,0
7907,29359.73,12,3.34,29623.65,758,39,1
7908,72430.06,48,3.5,20000.0,747,18,0
7909,5000.0,60,5.35,77650.33,620,44,0
7910,5000.0,48,5.74,20000.0,593,61,0
7911,9363.67,60,6.76,135505.74,523,60,0
7912,11844.16,24,6.61,177361.2,533,53,0
7913,72186.75,60,5.49,159662.17,610,43,0
7914,61326.97,24,4.69,103083.61,665,47,0
7915,47867.11,12,4.62,20000.0,670,57,1
7916,108079.85,24,2.38,121781.02,824,22,0
7917,14194.38,24,5.67,130608.51,598,72,0
7918,117381.69,48,5.81,28516.45,588,60,0
7919,120104.29,36,5.05,109008.92,640,72,1
7920,28481.01,24,6.25,85888.72,558,49,0
7921,5000.0,60,2.7,48970.14,802,37,0
7922,64833.64,12,2.31,85826.48,829,51,0
7923,20543.64,60,3.76,157590.09,729,56,0
7924,79220.08,12,3.56,37544.36,743,73,0
7925,8937.81,60,5.16,37011.88,633,40,0
7926,38773.76,24,3.93,84663.88,717,38,1
7927,35471.32,36,3.11,48554.84,774,60,0
7928,5285.5,24,5.39,23776.46,617,41,1
7929,22575.41,48,2.83,132478.97,793,35,0
7930,5000.0,60,4.95,87712.45,647,36,0
7931,31250.16,36,5.05,20000.0,640,18,0
7932,92545.09,60,6.19,114817.01,562,34,0
7933,15749.56,48,4.59,106713.65,672,51,0
7934,72379.13,48,3.28,79032.9,762,44,1
7935,10131.97,48,8.2,53812.22,424,52,0
7936,56002.26,24,4.41,50223.67,684,64,0
7937,123572.32,24,3.86,103478.6,722,80,0
7938,19572.79,36,4.75,20000.0,661,40,0
7939,115335.5,48,7.77,90877.46,453,27,0
7940,35202.41,24,6.89,105834.58,514,38,0
7941,19048.76,12,5.03,128998.03,642,56,0
7942,113413.16,12,7.35,36168.76,482,80,0
7943,5000.0,24,2.0,42910.6,850,47,0
7944,5000.0,36,3.03,101331.69,779,52,0
7945,45793.24,60,6.42,35454.03,546,41,0
7946,79666.1,48,3.64,20000.0,737,47,0
7947,69624.94,24,3.93,57438.24,717,63,0
7948,5000.0,36,5.45,209332.97,613,57,0
7949,150038.44,60,3.48,70041.81,748,44,0
7950,60711.85,36,7.95,20000.0,441,48,0
7951,148906.46,60,5.42,77477.72,615,39,0
7952,19956.59,12,5.68,54238.55,597,62,1
7953,59198.56,60,2.31,25580.53,829,72,0
7954,98283.77,12,6.32,43285.81,553,31,0
7955,23939.24,48,3.92,177093.45,718,33,0
7956,167420.64,24,5.91,27584.71,581,39,0
7957,15393.75,12,3.37,191663.75,756,57,1
7958,18961.63,36,5.55,66361.35,606,38,0
7959,126492.22,60,6.68,49477.92,528,59,0
7960,174764.0,36,4.95,52223.85,647,21,1
7961,16787.33,12,3.69,54951.68,734,43,0
7962,7331.7,36,4.15,186042.41,702,46,0
7963,71159.41,60,7.09,20000.0,500,31,0
7964,132724.48,24,7.24,49240.82,490,42,0
7965,45903.82,36,5.85,54404.03,585,61,0
7966,50327.04,48,6.35,104905.15,551,42,0
7967,71972.8,60,6.23,63826.15,559,51,0
7968,8307.74,60,5.59,68450.87,603,66,0
7969,181471.88,48,4.05,198334.27,709,31,0
7970,22653.74,12,5.32,69775.77,622,48,0
7971,49475.4,48,6.64,46634.14,531,18,0
7972,31613.52,12,6.25,68091.74,558,24,1
7973,31572.6,24,4.27,71717.02,694,56,1
7974,60658.14,12,5.08,20000.0,638,37,0
7975,261648.01,24,5.96,140890.29,578,49,0
7976,53802.42,24,3.99,89569.16,713,22,0
7977,79008.31,48,3.75,29581.71,730,18,0
7978,5000.0,24,3.8,87094.28,726,34,0
7979,83149.15,12,5.07,20000.0,639,36,0
7980,17832.02,36,6.22,95485.96,560,39,0
7981,6773.91,60,5.24,109972.83,627,67,0
7982,6014.35,60,5.94,233823.21,579,18,0
7983,56952.16,12,8.75,29526.31,386,34,1
7984,301966.31,36,5.26,69387.57,626,39,0
7985,54859.93,24,8.04,60429.78,435,42,0
7986,15214.17,12,5.97,39785.62,577,59,1
7987,11364.23,24,5.77,30859.62,591,44,0
7988,37322.87,48,2.67,58311.79,804,56,0
7989,5000.0,36,6.64,72441.42,531,62,0
7990,25485.55,60,4.57,43785.11,673,24,0
7991,54865.89,12,5.37,86370.9,618,61,0
7992,171576.04,60,4.24,65032.39,696,42,0
7993,27726.12,24,5.88,28335.1,583,45,0
7994,11171.18,24,7.21,118905.46,492,47,0
7995,85012.57,48,4.76,112563.86,660,51,0
7996,68167.88,24,4.89,58323.51,651,22,1
7997,98200.0,24,4.65,20000.0,668,21,0
7998,12085.67,60,5.35,20000.0,620,37,0
7999,25945.59,60,5.43,144976.02,614,54,0
8000,199646.57,12,3.75,202412.93,730,64,0
8001,8601.28,12,3.88,135308.74,721,34,0
8002,55653.44,24,6.09,34745.37,569,57,0
8003,13536.95,36,5.13,114205.92,635,41,0
8004,34673.26,12,6.67,105550.76,529,49,0
8005,80599.47,24,4.09,106812.34,706,35,0
8006,33528.8,60,4.24,62345.3,696,47,0
8007,81861.45,48,2.86,71057.88,791,31,0
8008,27785.48,60,3.85,20000.0,723,46,0
8009,367152.79,60,4.66,282326.46,667,58,0
8010,28619.83,48,2.0,20000.0,850,38,1
8011,8089.46,60,4.41,43556.74,684,48,0
8012,25697.32,12,4.11,252915.99,705,50,1
8013,67854.88,60,7.56,52143.95,468,61,0
8014,94173.27,48,3.73,58087.91,731,18,0
8015,30818.87,24,2.0,65268.1,850,55,0
8016,45128.86,24,4.5,73069.05,678,28,1
8017,93181.06,24,3.77,25455.21,728,27,0
8018,83978.58,48,3.31,102724.52,760,35,0
8019,53606.88,48,2.29,99014.93,830,30,0
8020,84377.3,12,4.04,60111.07,710,48,1
8021,42890.57,48,7.22,92456.82,491,30,0
8022,5000.0,24,4.59,32301.18,672,53,0
8023,5000.0,48,3.79,177426.39,727,18,0
8024,195124.43,36,3.91,300000.0,719,60,0
8025,7832.23,60,5.14,45400.02,634,21,0
8026,25919.07,12,5.45,68847.29,613,51,0
8027,135762.26,24,5.45,25143.16,613,32,0
8028,10848.1,24,5.13,107392.11,635,38,0
8029,92828.13,36,4.72,45898.92,663,31,0
8030,85260.99,12,4.12,46080.92,704,18,0
8031,214626.32,60,4.37,103603.25,687,38,0
8032,16542.13,12,5.55,78433.27,606,26,0
8033,18940.58,12,6.64,33240.8,531,23,0
8034,116589.37,24,4.37,20000.0,687,38,0
8035,13333.82,48,5.33,48288.66,621,40,1
8036,39692.7,60,2.58,20000.0,810,46,0
8037,61438.03,12,3.59,119926.39,741,52,1
8038,15864.76,36,4.41,56701.12,684,26,0
8039,139365.18,24,6.01,43133.74,574,24,0
8040,54785.46,48,6.89,33812.12,514,56,1
8041,5000.0,48,4.91,79974.45,650,40,0
8042,7293.94,24,4.71,52959.79,664,74,0
8043,10584.32,12,7.44,118665.74,476,18,0
8044,14049.05,24,4.23,56148.04,697,50,0
8045,65592.26,48,4.85,116107.07,654,32,0
8046,5000.0,48,8.81,43472.52,382,33,1
8047,21584.91,36,6.16,78396.37,564,36,0
8048,121171.76,36,6.06,20547.73,571,65,0
8049,40671.78,48,6.7,60243.19,527,19,0
8050,15428.03,36,4.36,183438.72,688,19,0
8051,157393.26,36,2.32,22138.95,828,54,0
8052,14006.59,36,4.24,96760.08,696,70,0
8053,117746.38,48,3.99,185697.68,713,34,0
8054,64689.35,12,6.04,36990.47,572,61,1
8055,67453.98,12,4.18,50010.48,700,58,0
8056,72395.58,60,5.19,35705.53,631,49,0
8057,35318.64,36,4.91,114134.73,650,47,1
8058,84256.24,12,5.8,120548.9,589,39,0
8059,90453.35,60,7.21,155162.69,492,58,0
8060,22352.39,24,3.59,196841.42,741,54,0
8061,25570.0,36,4.68,20000.0,666,36,0
8062,109801.79,12,5.24,118783.09,627,21,1
8063,37193.53,12,2.26,162579.03,832,33,0
8064,100849.07,12,6.36,145040.98,550,29,0
8065,49277.95,60,3.98,31638.16,714,44,0
8066,45016.9,24,2.0,115399.29,850,52,0
8067,5000.0,36,4.31,116352.23,691,50,0
8068,16279.19,12,6.61,50372.87,533,51,0
8069,34863.55,48,3.5,78988.56,747,47,0
8070,44253.8,36,5.71,20000.0,595,44,0
8071,49771.37,48,5.81,94811.73,588,44,0
8072,62978.3,60,6.23,60546.52,559,63,0
8073,53389.62,12,2.55,70537.68,812,37,0
8074,94383.81,36,5.51,63223.04,609,41,0
8075,17511.24,36,6.26,58414.96,557,18,0
8076,51301.09,12,3.11,21869.56,774,36,0
8077,5000.0,24,7.22,42208.87,491,40,0
8078,32714.6,60,4.82,93564.34,656,62,0
8079,15600.99,12,5.91,151101.47,581,24,0
8080,23973.39,36,4.04,31738.05,710,43,0
8081,21899.11,24,5.53,83437.57,607,42,0
8082,5000.0,36,6.97,67593.72,508,54,0
8083,31428.48,48,4.71,144348.42,664,38,0
8084,261339.74,36,5.58,60681.84,604,54,0
8085,17757.81,60,3.69,181284.77,734,48,0
8086,66617.96,12,4.82,55441.14,656,33,0
8087,39680.25,36,2.0,53346.8,850,28,0
8088,19668.82,48,5.72,35325.0,594,76,0
8089,5000.0,48,3.21,109452.28,767,36,0
8090,12158.25,12,5.43,169139.47,614,19,0
8091,76129.43,48,5.1,46168.96,637,38,0
8092,16357.21,12,3.82,54462.41,725,34,1
8093,7791.92,60,6.29,34599.49,555,27,0
8094,20120.86,12,3.19,20000.0,768,44,0
8095,43858.66,24,3.91,38012.31,719,47,1
8096,60779.19,48,3.76,51688.72,729,18,0
8097,24499.28,48,3.56,139784.36,743,46,0
8098,34472.42,36,4.08,35796.17,707,56,0
8099,30340.83,24,3.92,54226.08,718,30,0
8100,5000.0,36,3.0,73956.69,781,24,0
8101,25175.99,12,4.91,26236.91,650,29,0
8102,44254.12,60,5.17,101790.83,632,37,1
8103,42192.08,48,4.21,52862.61,698,44,1
8104,69268.25,60,4.76,43259.54,660,27,0
8105,55490.12,12,3.56,161751.92,743,38,0
8106,16203.94,12,2.2,174675.38,836,41,0
8107,14761.77,24,6.29,30562.72,555,46,0
8108,31194.29,36,4.78,115806.68,659,22,0
8109,66019.65,48,6.47,212994.49,543,32,0
8110,5000.0,48,5.23,58603.79,628,33,0
8111,148140.59,60,5.13,81128.35,635,67,0
8112,39170.35,24,5.48,67701.67,611,59,0
8113,18293.6,12,3.6,117805.9,740,42,0
8114,59109.14,24,4.4,37409.59,685,20,1
8115,5000.0,48,5.78,37312.37,590,56,0
8116,33120.9,36,3.6,39835.98,740,60,1
8117,33273.65,60,5.08,30542.42,638,42,0
8118,8835.38,12,5.69,30458.37,596,36,0
8119,90819.36,12,6.39,60304.73,548,32,1
8120,79681.21,12,7.05,48813.35,503,53,1
8121,8286.93,36,5.59,86682.07,603,52,0
8122,22614.26,48,4.84,38348.24,655,27,1
8123,5291.9,48,3.57,84436.21,742,30,0
8124,94394.39,24,7.89,65878.36,445,27,0
8125,19527.85,24,2.2,211712.07,836,69,0
8126,28929.92,48,6.03,63164.57,573,47,0
8127,19568.64,12,5.48,90500.7,611,59,0
8128,18555.07,36,5.42,27216.11,615,44,0
8129,68778.06,48,5.84,31760.59,586,49,1
8130,68830.32,36,5.36,187905.37,619,38,1
8131,36468.59,60,5.26,100738.29,626,64,0
8132,53591.26,12,5.14,90512.82,634,47,0
8133,35837.5,60,2.61,62722.2,808,42,0
8134,5000.0,48,5.99,70249.23,576,18,0
8135,5000.0,24,2.25,59177.53,833,50,0
8136,24204.36,48,4.12,99895.12,704,50,0
8137,69264.02,60,7.18,67101.93,494,62,1
8138,122222.54,36,6.13,114469.77,566,38,0
8139,5000.0,48,6.31,33248.21,554,32,0
8140,22945.67,24,4.95,64447.54,647,70,1
8141,12666.12,60,3.0,23490.26,781,22,0
8142,84425.48,48,3.73,137444.48,731,31,0
8143,93529.79,60,6.39,94945.9,548,66,0
8144,11559.34,60,3.15,20000.0,771,57,0
8145,62036.55,12,6.44,89460.4,545,39,0
8146,65792.92,36,6.22,59449.28,560,40,0
8147,9743.46,12,3.4,140030.28,754,41,0
8148,28431.2,60,3.43,129872.57,752,56,0
8149,48423.67,24,3.73,165140.4,731,56,0
8150,5000.0,24,4.88,116715.3,652,53,0
8151,25925.41,12,5.03,62211.67,642,55,0
8152,8418.46,24,6.63,80303.06,532,52,0
8153,39033.01,60,4.94,43271.97,648,18,0
8154,92549.23,48,5.9,53863.31,582,49,0
8155,37196.13,60,5.17,105662.08,632,39,0
8156,5000.0,48,2.0,21801.61,850,77,0
8157,5000.0,24,4.44,89356.04,682,22,0
8158,46507.21,36,6.52,99452.19,539,26,0
8159,19873.47,36,3.11,109558.72,774,46,1
8160,42509.53,60,2.96,40899.62,784,26,0
8161,8934.63,60,2.83,183030.8,793,80,0
8162,74998.32,24,5.61,98837.51,602,53,0
8163,98563.34,36,5.08,132931.0,638,36,0
8164,110012.98,36,6.76,21757.84,523,50,0
8165,18125.64,60,2.65,20000.0,805,48,0
8166,54048.74,36,4.73,21236.82,662,35,0
8167,16358.75,60,6.92,71004.52,512,25,1
8168,71933.48,12,2.51,112266.7,815,28,0
8169,6421.51,36,5.9,51872.71,582,38,0
8170,71935.16,48,5.49,54093.21,610,59,0
8171,28966.7,24,6.44,20000.0,545,54,0
8172,96740.92,60,6.67,54282.18,529,77,0
8173,67148.5,36,4.36,52568.92,688,32,1
8174,23621.9,36,5.93,32827.06,580,26,0
8175,116930.92,60,7.13,44460.24,497,42,0
8176,16657.49,48,3.47,164797.21,749,51,1
8177,170545.16,36,4.18,75784.04,700,51,1
8178,72879.5,12,2.32,67942.23,828,50,0
8179,233752.02,24,5.46,42946.71,612,48,0
8180,5000.0,60,4.85,86065.73,654,36,0
8181,16012.75,36,4.6,271578.27,671,38,0
8182,67597.4,24,4.72,106898.33,663,68,0
8183,127712.64,60,4.55,51476.58,675,27,0
8184,5000.0,60,5.39,57617.23,617,48,0
8185,5000.0,60,7.54,125312.45,469,62,0
8186,14802.02,48,4.5,245670.37,678,29,0
8187,95790.91,12,4.08,20000.0,707,29,0
8188,72868.71,60,5.4,63259.43,616,49,0
8189,20796.8,48,2.0,57214.0,850,51,1
8190,5000.0,60,5.61,124770.23,602,40,0
8191,40451.0,60,5.83,65293.93,587,51,0
8192,13587.51,48,4.27,135620.24,694,20,0
8193,68444.13,12,4.57,20000.0,673,35,1
8194,29561.1,24,7.21,94437.75,492,62,0
8195,56753.74,36,3.76,124830.24,729,18,0
8196,95631.59,60,5.58,20000.0,604,75,0
8197,38367.66,12,3.12,92671.37,773,43,0
8198,20470.31,36,4.34,24507.16,689,69,0
8199,73384.67,60,5.26,57836.9,626,62,0
8200,15406.98,36,3.06,53747.68,777,48,0
8201,111058.93,48,5.71,25568.53,595,48,0
8202,5000.0,12,6.86,71566.69,516,73,0
8203,90232.7,12,6.9,53455.81,513,29,0
8204,5000.0,24,4.56,43694.34,674,43,0
8205,5000.0,24,2.26,201256.01,832,36,0
8206,22569.45,36,5.13,125951.21,635,32,0
8207,156806.48,48,3.82,86552.53,725,62,0
8208,205177.5,36,4.46,50779.29,681,50,0
8209,11286.75,60,5.52,20000.0,608,50,0
8210,8045.87,12,7.32,36674.88,484,50,1
8211,21766.84,36,4.68,38280.0,666,56,0
8212,20555.56,36,3.75,186445.1,730,42,0
8213,71271.07,12,4.25,20000.0,695,61,0
8214,29349.26,12,5.4,49096.53,616,43,0
8215,75679.94,24,5.68,94439.21,597,45,0
8216,69058.0,24,5.84,73525.67,586,39,0
8217,43174.29,12,5.87,52317.8,584,42,0
8218,89641.63,36,4.85,32495.13,654,49,0
8219,10885.9,60,5.14,91781.11,634,44,1
8220,8825.55,36,4.18,56337.9,700,32,0
8221,69444.94,60,6.33,187288.6,552,41,0
8222,14038.44,12,4.95,66089.46,647,40,0
8223,5000.0,60,4.97,205160.96,646,42,0
8224,121498.3,24,5.65,78511.75,599,18,0
8225,48767.16,12,4.47,46347.93,680,55,1
8226,29433.75,48,6.22,42981.96,560,42,0
8227,64683.3,60,3.18,64205.03,769,49,0
8228,20273.14,60,4.3,33932.99,692,52,0
8229,153594.02,48,4.12,30519.35,704,28,0
8230,5000.0,48,5.03,121905.17,642,53,0
8231,51214.43,12,5.39,88738.66,617,28,0
8232,75094.12,36,5.97,29343.78,577,49,1
8233,31661.52,48,6.13,102637.41,566,18,1
8234,70318.4,60,7.13,54308.94,497,18,0
8235,130803.46,48,4.78,89480.1,659,58,0
8236,68127.7,12,3.91,94881.21,719,52,0
8237,18507.33,12,6.7,39288.18,527,41,1
8238,41259.28,60,2.99,220678.88,782,43,0
8239,121296.16,60,7.21,40382.95,492,20,0
8240,29809.89,60,3.67,94079.39,735,43,0
8241,57237.81,36,6.15,36224.32,565,45,0
8242,31322.55,60,3.35,56769.18,757,37,1
8243,6468.1,12,3.8,60052.43,726,41,0
8244,5000.0,12,2.0,120857.27,850,29,0
8245,152113.91,48,5.83,76906.79,587,21,1
8246,47407.36,60,8.17,107350.91,426,46,0
8247,5480.42,36,7.67,72597.57,460,25,0
8248,97399.11,24,5.21,143662.33,629,50,0
8249,36979.78,48,4.68,96280.98,666,48,0
8250,73905.6,36,5.96,79050.21,578,59,0
8251,6777.02,60,4.39,89429.74,686,48,0
8252,118709.66,36,3.61,20000.0,739,80,0
8253,44645.25,24,4.07,27429.71,708,39,1
8254,67020.31,36,4.97,80907.79,646,49,1
8255,5000.0,24,6.15,69169.95,565,34,0
8256,18939.08,24,3.7,133722.11,733,59,0
8257,15560.87,24,2.9,20000.0,788,45,0
8258,149383.24,36,5.8,66298.87,589,18,1
8259,10249.13,60,6.63,21281.5,532,31,1
8260,61387.96,12,3.24,79169.2,765,41,1
8261,5000.0,12,4.44,85410.01,682,24,0
8262,11012.64,36,4.47,104844.58,680,51,0
8263,20669.62,60,2.42,29189.56,821,22,0
8264,79116.89,12,7.53,20000.0,470,40,0
8265,78026.81,24,5.23,98071.98,628,38,0
8266,152458.62,36,4.37,38142.79,687,58,0
8267,124305.87,36,2.0,35560.82,850,40,0
8268,5000.0,48,4.98,66566.67,645,56,1
8269,88558.95,48,5.62,22645.94,601,49,0
8270,29998.65,48,4.6,95876.59,671,26,0
8271,100453.29,60,3.85,25999.16,723,76,0
8272,5000.0,36,3.18,32436.91,769,59,1
8273,86515.09,48,2.77,47693.44,797,29,0
8274,8696.4,36,7.7,28581.53,458,27,0
8275,20311.39,24,6.03,116943.25,573,61,0
8276,5000.0,48,3.66,110672.83,736,56,0
8277,6603.94,36,4.53,70953.99,676,53,0
8278,29504.8,60,4.28,37432.9,693,28,0
8279,85280.47,60,5.83,30502.23,587,34,0
8280,74288.01,60,4.56,79066.94,674,63,0
8281,13413.44,48,5.26,30633.51,626,52,0
8282,8225.48,60,4.23,40318.59,697,32,0
8283,24654.48,12,4.18,20000.0,700,64,0
8284,107393.88,24,4.44,66513.88,682,73,0
8285,5000.0,36,4.52,30925.32,677,36,1
8286,39144.19,12,5.16,57258.4,633,33,0
8287,5000.0,48,2.61,34840.58,808,66,0
8288,31763.93,36,3.29,113207.07,761,68,0
8289,6779.05,36,4.84,81289.11,655,67,0
8290,5000.0,60,3.67,21554.43,735,49,0
8291,10588.51,36,2.0,120319.69,850,36,0
8292,14735.74,36,6.23,50171.75,559,57,0
8293,16166.52,24,5.93,123407.01,580,38,0
8294,51819.63,48,4.79,72258.11,658,38,0
8295,5000.0,12,4.46,50626.1,681,46,0
8296,5000.0,60,5.69,20000.0,596,44,0
8297,10456.25,24,3.89,20999.39,720,36,0
8298,102810.89,12,5.04,142534.16,641,27,0
8299,49524.44,12,3.32,32533.69,759,40,0
8300,65535.17,24,5.88,117417.04,583,34,0
8301,23130.52,60,6.16,125909.43,564,23,0
8302,11990.35,48,5.2,93052.37,630,46,0
8303,5000.0,24,5.14,20000.0,634,47,1
8304,33523.87,24,6.22,38108.15,560,55,0
8305,42698.78,24,4.76,193623.37,660,46,0
8306,113652.67,60,5.87,165840.87,584,43,0
8307,106892.95,24,2.16,29102.8,839,55,0
8308,27641.89,24,5.0,49351.42,644,46,0
8309,27545.76,36,4.39,114978.66,686,48,1
8310,8784.55,36,6.73,20000.0,525,52,0
8311,14883.19,36,4.11,111374.73,705,35,1
8312,129957.71,36,6.09,71916.95,569,58,1
8313,7601.41,24,3.59,300000.0,741,44,1
8314,173206.14,36,7.16,129957.81,495,42,0
8315,35133.47,12,4.97,20000.0,646,58,0
8316,30496.1,48,3.41,102351.71,753,37,0
8317,9596.68,36,4.66,151688.87,667,38,0
8318,54167.65,60,5.11,86449.66,636,51,1
8319,30795.01,48,2.97,82830.93,783,47,0
8320,23154.43,12,6.12,82377.29,567,80,0
8321,15361.34,48,6.63,127254.14,532,60,0
8322,5000.0,48,6.44,79212.54,545,18,1
8323,36628.52,12,6.38,64636.71,549,49,0
8324,18764.38,36,4.31,84284.96,691,18,0
8325,61527.0,12,5.36,20000.0,619,38,0
8326,64281.27,60,3.48,65643.39,748,47,0
8327,20181.37,12,4.24,45115.93,696,38,0
8328,55300.08,24,4.39,130230.44,686,18,0
8329,14965.82,24,7.44,31344.6,476,45,0
8330,64946.0,48,4.08,63924.05,707,36,0
8331,5000.0,36,3.11,34588.48,774,54,0
8332,8220.67,36,4.76,82094.65,660,18,0
8333,14052.45,24,6.32,185017.22,553,34,0
8334,74126.06,60,7.18,103243.6,494,57,1
8335,5000.0,12,3.47,104289.54,749,18,0
8336,10416.27,12,4.76,24830.91,660,52,0
8337,22206.98,12,6.89,81050.53,514,33,0
8338,5000.0,60,4.36,41407.83,688,41,0
8339,71799.65,60,4.95,56158.91,647,27,1
8340,41060.98,12,2.61,48890.37,808,40,0
8341,115470.11,12,6.09,32075.6,569,29,0
8342,5000.0,60,4.37,74375.11,687,26,0
8343,15830.88,12,3.19,82338.16,768,57,0
8344,65698.99,60,4.24,118031.81,696,42,0
8345,56219.5,48,5.14,136902.72,634,48,0
8346,13923.4,24,5.4,97555.46,616,46,0
8347,45278.39,24,5.37,24435.33,618,64,0
8348,78935.17,60,5.65,41545.95,599,50,0
8349,5000.0,12,5.94,67298.43,579,52,0
8350,63226.57,24,3.27,132117.57,763,55,0
8351,14524.1,36,3.4,85883.0,754,32,0
8352,147682.79,12,3.86,122765.72,722,71,0
8353,38633.36,60,4.59,154877.95,672,24,0
8354,5000.0,36,4.65,146019.85,668,49,0
8355,25827.99,60,7.19,34300.03,493,49,1
8356,169530.47,12,3.91,27476.59,719,80,0
8357,65535.79,48,4.89,95827.15,651,51,0
8358,17867.97,48,6.65,126764.93,530,33,0
8359,42814.76,48,3.4,20000.0,754,35,0
8360,45702.33,12,5.16,59324.08,633,38,0
8361,5000.0,12,3.83,124021.71,724,46,0
8362,9851.46,36,4.28,30764.58,693,47,0
8363,40123.21,12,6.23,75305.55,559,50,0
8364,25771.19,12,3.83,88066.2,724,45,0
8365,10538.39,36,5.88,20000.0,583,52,0
8366,74067.35,36,7.34,109245.85,483,27,0
8367,33568.78,60,3.83,121685.62,724,20,1
8368,18551.24,24,4.62,71422.33,670,61,0
8369,8817.61,24,4.75,20000.0,661,21,1
8370,47229.8,60,3.82,44636.48,725,43,0
8371,54869.85,48,6.58,130922.73,535,32,0
8372,55372.14,12,6.31,35114.03,554,71,1
8373,12441.49,36,6.54,147205.22,538,73,0
8374,45235.21,36,5.61,61549.2,602,45,0
8375,117908.31,48,4.43,111247.37,683,40,0
8376,21784.95,36,2.0,28405.32,850,41,0
8377,11834.68,48,5.27,185116.55,625,47,1
8378,73953.28,60,4.68,40670.39,666,57,0
8379,9732.84,48,6.99,56792.54,507,80,0
8380,14634.64,24,5.71,53634.4,595,29,0
8381,5303.84,48,7.91,20000.0,444,48,1
8382,15590.15,60,2.0,59587.24,850,42,0
8383,26410.04,48,7.67,33666.53,460,37,0
8384,5000.0,60,5.67,72535.96,598,38,0
8385,102672.67,24,5.13,84568.8,635,43,0
8386,36043.89,12,2.35,35478.69,826,47,1
8387,44349.17,60,4.59,36487.73,672,50,1
8388,23203.92,12,6.96,39946.95,509,52,0
8389,55408.17,60,5.36,75268.8,619,23,0
8390,28262.48,48,4.82,51746.69,656,34,1
8391,71630.27,12,5.85,36431.18,585,53,0
8392,86130.93,60,6.0,49558.69,575,66,1
8393,55714.09,60,6.1,129350.76,568,52,0
8394,33798.34,12,6.06,71855.15,571,40,0
8395,76224.83,60,6.28,45922.39,556,52,0
8396,34089.13,12,6.22,150809.8,560,48,0
8397,5911.59,24,5.42,92516.79,615,29,0
8398,6184.16,36,3.85,20000.0,723,42,0
8399,148389.46,24,6.79,108692.07,521,47,0
8400,12012.13,12,6.12,195146.51,567,55,0
8401,84620.6,48,4.87,113318.13,653,66,0
8402,14164.95,48,4.18,42280.03,700,71,0
8403,28174.42,36,2.79,61601.11,796,19,0
8404,53203.02,12,3.92,20000.0,718,42,0
8405,8650.28,60,4.72,104393.91,663,67,0
8406,66826.95,24,4.98,56702.69,645,56,1
8407,58545.11,24,5.13,39496.02,635,57,0
8408,39162.66,36,6.64,58317.92,531,34,0
8409,41722.84,36,4.37,20000.0,687,34,1
8410,5589.71,36,5.58,20000.0,604,54,0
8411,28630.54,36,4.72,24279.88,663,37,0
8412,5000.0,36,6.31,20000.0,554,27,0
8413,18398.59,36,5.08,43445.65,638,46,0
8414,115285.57,60,6.29,30154.75,555,42,0
8415,42728.44,60,4.17,133112.55,701,58,0
8416,67876.3,24,5.32,27734.71,622,51,0
8417,42652.4,24,4.69,97249.58,665,74,0
8418,10798.27,36,5.59,34672.17,603,30,1
8419,45169.75,24,3.95,73946.99,716,45,0
8420,70404.12,36,4.43,155420.38,683,53,0
8421,7448.5,60,6.16,24421.38,564,52,0
8422,84887.97,48,6.28,170937.84,556,48,0
8423,40528.13,60,3.69,108920.79,734,18,0
8424,5000.0,12,8.28,84816.14,418,18,1
8425,36675.39,60,2.95,71835.01,785,28,1
8426,25181.87,12,6.0,62431.67,575,52,0
8427,17580.57,24,4.01,124463.32,712,18,0
8428,73757.86,60,4.4,62355.84,685,54,0
8429,114879.82,48,5.48,52962.67,611,40,0
8430,71911.62,60,4.52,100443.53,677,39,0
8431,93791.6,60,4.87,34419.27,653,74,0
8432,119724.57,60,3.83,204285.71,724,71,0
8433,121879.77,36,6.07,83351.39,570,34,0
8434,6087.94,60,3.98,56603.44,714,56,0
8435,30475.75,60,7.76,55781.02,454,45,0
8436,5000.0,48,4.09,51164.86,706,57,0
8437,35307.83,12,4.95,91957.5,647,39,0
8438,129011.84,12,4.27,73342.96,694,24,0
8439,11101.1,48,4.08,60119.59,707,44,0
8440,51052.94,24,2.83,143943.88,793,57,0
8441,51694.49,60,4.78,161408.96,659,42,0
8442,8738.74,24,6.22,26175.96,560,57,0
8443,13625.06,48,2.32,55101.07,828,64,1
8444,30996.86,24,4.43,46665.29,683,62,0
8445,10425.64,12,3.7,42301.63,733,52,0
8446,43973.11,36,5.52,45955.95,608,25,0
8447,33134.95,24,5.53,27704.3,607,18,0
8448,36615.01,36,4.75,110182.57,661,53,0
8449,7220.52,24,4.14,55144.02,703,56,0
8450,36413.01,48,4.52,69097.58,677,45,0
8451,5000.0,36,6.36,111319.16,550,48,0
8452,106657.01,24,2.7,26908.13,802,43,0
8453,21022.57,48,6.65,74014.73,530,46,0
8454,97014.36,12,4.44,20668.52,682,50,0
8455,60475.47,60,4.88,21123.11,652,58,0
8456,72658.6,48,2.0,64173.18,850,46,1
8457,18883.58,48,5.55,61562.93,606,45,0
8458,12921.95,12,6.7,27074.71,527,42,0
8459,26106.17,36,3.96,132669.41,715,48,0
8460,5000.0,24,5.65,20000.0,599,18,1
8461,125514.72,36,3.37,26397.59,756,58,0
8462,24470.68,48,3.64,46736.8,737,42,1
8463,223517.13,24,3.89,37553.11,720,33,1
8464,71658.7,60,6.04,23827.27,572,65,0
8465,5000.0,60,3.66,232904.82,736,40,0
8466,53968.18,24,2.0,114262.53,850,29,0
8467,15793.05,48,5.46,53702.77,612,56,0
8468,13967.09,12,5.2,142382.15,630,37,0
8469,14823.54,36,5.13,128952.33,635,39,0
8470,123891.62,36,5.36,38131.77,619,57,0
8471,34655.38,12,4.72,56139.68,663,59,0
8472,55353.03,12,4.88,63154.98,652,24,0
8473,16491.07,60,5.0,110824.32,644,43,0
8474,37007.17,12,6.2,89035.03,561,23,0
8475,21546.85,24,3.18,56869.35,769,38,0
8476,19366.95,60,4.37,39893.41,687,33,0
8477,14182.43,48,3.51,60898.42,746,60,0
8478,26297.55,60,4.05,23346.83,709,28,0
8479,53944.91,60,8.78,30886.04,384,53,1
8480,12554.25,36,3.6,52320.15,740,40,1
8481,168258.69,12,3.73,58427.11,731,21,0
8482,6654.38,24,4.56,190901.0,674,32,0
8483,32716.25,12,2.0,31796.23,850,25,0
8484,5000.0,36,3.4,20000.0,754,32,0
8485,5000.0,12,3.45,42477.61,750,29,0
8486,127988.4,24,7.38,36670.73,480,40,0
8487,83137.92,12,2.96,51180.54,784,59,1
8488,59233.9,36,3.93,44945.88,717,32,0
8489,100194.75,24,6.87,57439.3,515,28,0
8490,81189.12,12,4.46,111041.96,681,35,0
8491,52098.04,36,7.37,71396.14,481,40,0
8492,93977.86,36,3.92,36045.13,718,33,1
8493,24780.48,60,4.65,20000.0,668,25,0
8494,40232.08,24,5.78,89940.5,590,56,0
8495,74874.85,24,3.89,114109.62,720,53,0
8496,5000.0,12,6.01,44624.33,574,43,0
8497,97824.21,60,4.73,176018.71,662,67,0
8498,8529.36,24,3.31,87224.58,760,80,0
8499,99954.41,36,5.42,69477.08,615,64,0
8500,18649.86,24,6.31,55060.36,554,18,0
8501,19784.37,60,3.32,115789.34,759,49,0
8502,5000.0,48,4.75,168617.02,661,33,0
8503,108533.84,36,2.0,162521.72,850,39,0
8504,9588.93,24,4.17,62274.08,701,20,0
8505,49719.36,36,3.8,161678.11,726,48,0
8506,51636.68,12,4.39,35067.96,686,70,1
8507,16505.23,36,4.11,103994.34,705,44,0
8508,212238.46,24,4.04,31578.04,710,60,0
8509,5000.0,12,3.93,95830.33,717,50,0
8510,46808.35,12,6.54,95600.94,538,56,0
8511,32652.49,12,6.16,44664.72,564,18,0
8512,14083.95,48,3.95,35921.13,716,51,1
8513,8929.53,48,4.78,150974.77,659,57,0
8514,66796.1,12,6.03,25574.53,573,70,1
8515,124034.7,24,4.47,20000.0,680,23,0
8516,5689.03,12,2.57,83668.81,811,69,0
8517,10782.35,12,4.63,60828.16,669,40,0
8518,214407.68,36,4.3,82711.88,692,47,0
8519,5000.0,36,4.25,37782.08,695,59,1
8520,35489.44,36,5.81,40525.99,588,58,0
8521,36295.18,60,5.0,62179.09,644,19,0
8522,15269.33,36,7.95,62953.4,441,46,0
8523,54387.9,36,6.29,59658.05,555,29,0
8524,144967.41,24,5.03,166888.77,642,45,0
8525,29911.3,48,6.65,176488.5,530,35,0
8526,69198.75,48,4.95,24016.15,647,20,0
8527,51932.84,48,5.35,83624.63,620,29,0
8528,32022.22,60,2.99,27969.65,782,53,0
8529,5000.0,12,2.0,198891.39,850,50,0
8530,67691.32,36,5.0,41341.72,644,28,0
8531,22569.02,24,4.37,51280.78,687,36,1
8532,12712.02,60,3.16,113874.49,770,48,0
8533,148084.56,48,4.92,30669.26,649,49,0
8534,74251.13,60,4.3,20000.0,692,55,1
8535,163863.24,24,6.95,30219.38,510,48,0
8536,14800.29,60,4.17,128119.38,701,53,0
8537,90331.47,48,3.06,47750.89,777,44,0
8538,46789.15,12,6.54,121582.23,538,52,0
8539,199509.2,48,7.32,64375.34,484,69,0
8540,146232.89,48,3.03,20000.0,779,68,0
8541,180536.78,48,5.37,37187.2,618,45,0
8542,151586.23,60,6.06,76823.64,571,27,0
8543,5000.0,24,4.78,20000.0,659,65,0
8544,67562.85,48,5.71,86911.26,595,18,0
8545,15868.22,60,6.42,20000.0,546,52,0
8546,61043.59,24,7.13,39163.09,497,52,0
8547,197152.99,12,2.29,168381.66,830,45,0
8548,5000.0,48,2.49,170923.17,816,50,0
8549,41849.47,36,5.27,93245.83,625,25,1
8550,66392.44,60,2.0,70909.36,850,29,0
8551,14608.53,12,2.99,41130.01,782,25,0
8552,12752.48,12,4.98,20000.0,645,27,0
8553,5000.0,12,2.0,64360.14,850,34,0
8554,5000.0,60,7.89,50451.98,445,42,0
8555,53464.8,24,5.21,43699.25,629,59,0
8556,35181.15,36,2.36,142952.55,825,74,0
8557,5000.0,24,5.42,29753.44,615,32,0
8558,174767.31,48,3.21,275063.72,767,43,0
8559,53362.35,36,6.35,112053.89,551,46,0
8560,36228.65,24,5.88,50153.2,583,31,0
8561,15922.48,48,4.36,20000.0,688,38,0
8562,53661.69,36,3.95,108518.09,716,70,0
8563,22641.03,60,4.62,243667.18,670,62,0
8564,60616.07,48,5.52,300000.0,608,64,0
8565,57375.2,24,6.26,31444.14,557,53,1
8566,5000.0,36,2.0,115160.8,850,57,0
8567,119988.24,48,4.4,22926.24,685,50,0
8568,33371.46,48,3.31,20000.0,760,68,0
8569,24956.79,60,3.48,140321.6,748,18,0
8570,155570.79,48,5.61,41249.28,602,28,0
8571,28831.29,36,4.84,50900.34,655,22,0
8572,63866.78,12,6.03,49960.43,573,34,1
8573,53230.33,36,3.79,20000.0,727,45,1
8574,9024.57,36,5.14,50556.03,634,42,0
8575,236326.08,60,2.55,160705.76,812,32,0
8576,31144.16,60,7.25,45375.46,489,47,1
8577,25108.38,48,4.18,74896.12,700,50,0
8578,126045.45,60,2.0,20000.0,850,52,0
8579,37670.17,48,5.99,107671.49,576,56,0
8580,61052.04,12,4.68,42395.87,666,35,1
8581,93620.08,24,5.42,29187.65,615,60,0
8582,13426.3,60,3.61,28586.94,739,43,0
8583,9284.36,60,7.83,231294.04,449,56,1
8584,5000.0,12,6.67,20000.0,529,35,0
8585,113716.06,60,6.35,95903.08,551,70,0
8586,11180.13,12,3.63,20000.0,738,52,1
8587,18390.7,48,5.17,96700.55,632,46,0
8588,16830.1,60,5.84,32882.67,586,26,0
8589,18162.54,60,4.33,95520.57,690,61,0
8590,55140.22,48,4.59,56103.25,672,28,0
8591,154079.28,60,5.2,77924.59,630,78,1
8592,19983.11,36,5.64,69574.57,600,55,0
8593,26182.64,12,6.23,68537.32,559,25,0
8594,73733.77,24,2.84,20000.0,792,48,0
8595,28311.45,36,2.74,27807.04,799,74,0
8596,130213.41,24,6.83,115648.74,518,44,1
8597,34980.2,36,5.48,39707.26,611,39,0
8598,21365.21,36,4.25,55110.63,695,49,0
8599,178019.89,36,6.22,25146.38,560,33,0
8600,27737.3,12,3.83,30908.93,724,65,1
8601,13144.59,24,4.6,206249.44,671,32,0
8602,9782.55,48,3.7,167905.68,733,51,0
8603,266762.82,48,2.0,96448.46,850,63,0
8604,69915.86,60,7.34,103334.85,483,45,0
8605,26268.19,12,2.79,80759.85,796,64,0
8606,87539.52,12,5.68,63069.98,597,42,0
8607,39571.76,12,3.89,215024.96,720,28,0
8608,19091.55,36,4.09,41250.12,706,56,0
8609,68009.08,12,2.86,32681.22,791,50,0
8610,68500.33,48,4.76,45264.82,660,30,0
8611,34674.28,12,6.04,44666.61,572,43,0
8612,5000.0,36,4.49,118288.77,679,30,0
8613,5000.0,24,2.39,34295.54,823,44,0
8614,77735.53,12,4.34,61684.38,689,79,0
8615,86715.03,24,5.68,85038.88,597,59,1
8616,56705.2,60,5.07,70268.53,639,54,0
8617,91338.85,36,4.49,21893.91,679,47,0
8618,63556.84,12,4.68,84494.13,666,60,0
8619,113619.59,60,4.88,74318.95,652,46,0
8620,8149.38,60,3.41,95602.26,753,18,0
8621,24530.04,24,2.0,90655.19,850,24,1
8622,31191.39,48,3.47,94070.69,749,36,0
8623,17667.15,48,3.93,20000.0,717,38,1
8624,64615.88,48,3.34,29041.45,758,45,0
8625,121770.87,48,3.91,127211.05,719,62,0
8626,26592.44,36,4.63,33563.4,669,50,0
8627,141972.31,12,5.68,132909.57,597,47,0
8628,36363.01,12,5.68,44432.45,597,28,0
8629,36961.19,36,4.87,37704.36,653,42,0
8630,45841.99,24,4.41,45684.5,684,35,1
8631,15621.36,12,3.19,300000.0,768,29,0
8632,24173.54,60,5.0,57799.93,644,18,0
8633,40286.4,12,5.35,110588.91,620,27,0
8634,142350.86,36,4.44,298791.83,682,71,0
8635,51457.94,24,4.23,87778.62,697,62,0
8636,20257.0,12,5.68,206577.15,597,32,0
8637,5000.0,36,5.88,125362.55,583,37,0
8638,199948.95,60,3.91,96700.9,719,80,0
8639,33960.69,48,5.03,21216.53,642,80,1
8640,139431.97,60,3.12,50293.09,773,48,0
8641,39852.69,60,4.44,87814.39,682,56,0
8642,46502.35,24,4.95,38231.53,647,49,0
8643,62224.51,12,6.55,92725.99,537,40,0
8644,19354.92,48,4.84,56168.78,655,49,0
8645,60029.59,36,6.28,30098.92,556,54,0
8646,37411.0,48,6.71,110307.08,526,60,1
8647,55810.3,12,2.64,80469.83,806,49,0
8648,90343.63,24,5.55,96409.05,606,49,0
8649,10181.09,12,3.54,71196.52,744,26,0
8650,47537.76,36,6.45,42889.47,544,32,0
8651,5000.0,48,5.87,60581.32,584,18,0
8652,5385.67,60,6.0,39218.54,575,52,0
8653,56134.12,12,3.85,183304.55,723,36,0
8654,5000.0,24,4.2,81982.53,699,42,0
8655,45237.6,24,6.77,62051.38,522,46,0
8656,12423.88,48,6.9,53159.06,513,49,1
8657,18126.38,60,4.14,28241.45,703,18,0
8658,6942.22,36,2.93,84706.13,786,50,0
8659,14295.35,60,3.0,23187.09,781,39,1
8660,86100.04,48,5.97,158467.0,577,58,0
8661,50927.03,60,5.48,106198.03,611,40,0
8662,149546.98,48,4.15,33020.29,702,35,0
8663,5000.0,60,4.05,160983.54,709,62,0
8664,78610.0,12,4.55,57331.39,675,30,0
8665,60045.07,24,5.45,101124.93,613,37,0
8666,15115.58,48,4.23,56515.22,697,31,0
8667,65312.59,48,4.68,57891.44,666,37,0
8668,63035.72,24,4.62,132576.16,670,70,0
8669,30748.71,36,3.61,63186.73,739,26,0
8670,58340.21,48,3.29,44448.49,761,41,0
8671,29401.62,12,4.41,37689.6,684,56,0
8672,20439.45,60,4.49,53454.35,679,41,1
8673,31413.96,12,5.14,225913.41,634,50,0
8674,112751.44,48,4.72,80262.89,663,36,1
8675,24272.82,36,3.82,31015.0,725,43,0
8676,25849.58,48,4.2,78726.47,699,41,0
8677,46876.13,36,5.71,159336.07,595,42,0
8678,69918.24,24,5.78,162545.8,590,62,0
8679,66329.79,60,5.83,87830.04,587,35,0
8680,5000.0,12,3.25,122550.92,764,49,0
8681,58144.0,36,7.34,62904.81,483,59,0
8682,29942.24,12,6.89,52360.95,514,53,0
8683,37126.32,24,5.81,33614.91,588,40,0
8684,41238.4,48,3.82,37960.09,725,65,0
8685,65786.13,36,5.3,62677.14,623,47,0
8686,88991.44,60,6.12,116049.7,567,58,0
8687,51959.79,36,4.4,66327.2,685,37,1
8688,41495.01,48,4.33,38564.31,690,53,0
8689,23401.82,48,3.77,137167.76,728,55,0
8690,7417.94,60,2.93,151983.38,786,33,0
8691,159196.77,60,3.12,41255.08,773,65,0
8692,30980.18,24,4.11,58734.66,705,61,0
8693,41760.0,12,5.04,21759.11,641,36,0
8694,69529.81,36,4.28,118764.22,693,23,0
8695,5000.0,24,5.51,20000.0,609,42,0
8696,96554.87,12,3.61,65192.86,739,43,0
8697,79733.81,24,5.64,76866.26,600,35,0
8698,74455.92,60,6.01,41075.4,574,37,0
8699,5000.0,60,3.53,38736.67,745,57,0
8700,37382.16,48,7.02,99971.56,505,69,0
8701,5000.0,36,5.78,83491.66,590,56,1
8702,40022.43,36,4.04,104031.5,710,63,0
8703,63371.96,36,5.04,20000.0,641,45,0
8704,6496.91,24,5.1,166077.04,637,21,0
8705,59353.02,24,6.45,174554.28,544,36,0
8706,29849.4,36,6.33,75192.67,552,34,0
8707,83446.91,48,5.19,51525.7,631,59,0
8708,38134.4,12,7.11,62444.1,499,18,0
8709,20482.81,24,4.92,151203.86,649,47,0
8710,20172.72,36,3.27,38103.87,763,42,0
8711,113888.05,60,3.4,20000.0,754,50,0
8712,30153.59,24,4.14,100204.85,703,30,0
8713,26023.09,12,4.63,65803.57,669,62,0
8714,5000.0,24,5.04,144520.0,641,47,1
8715,22653.36,12,4.84,69719.93,655,28,0
8716,94731.84,12,6.15,228644.6,565,30,0
8717,71562.0,24,5.74,238327.06,593,38,1
8718,12481.64,12,7.11,45740.29,499,53,0
8719,26641.35,24,3.69,20000.0,734,33,0
8720,10943.86,24,5.07,77087.39,639,54,1
8721,154191.92,48,2.29,21342.81,830,44,0
8722,45579.82,60,5.69,20000.0,596,67,1
8723,70193.35,12,4.92,123697.86,649,36,0
8724,62554.73,24,3.99,84347.54,713,44,0
8725,103450.55,12,4.37,39716.96,687,58,0
8726,149118.87,24,5.03,69546.33,642,32,0
8727,5000.0,24,2.6,73562.13,809,31,0
8728,185049.99,24,6.13,82904.66,566,27,0
8729,102220.12,60,4.08,139331.34,707,53,0
8730,24140.05,12,5.49,63667.98,610,23,0
8731,90721.5,60,5.1,20000.0,637,49,1
8732,66696.1,60,4.57,177628.88,673,34,0
8733,78779.46,60,5.08,65571.6,638,34,0
8734,12467.38,60,5.13,38713.85,635,18,0
8735,52286.34,48,6.93,22389.78,511,43,1
8736,5000.0,12,3.75,73171.26,730,33,0
8737,94269.17,12,6.93,56991.53,511,41,0
8738,150840.62,24,3.05,32022.09,778,41,0
8739,54253.73,12,5.05,127484.84,640,70,0
8740,35940.65,60,3.7,26092.22,733,31,1
8741,64682.31,36,8.09,24451.19,431,52,0
8742,19753.07,12,4.97,37971.24,646,39,0
8743,49226.85,36,4.94,20000.0,648,53,1
8744,63465.22,48,6.07,20000.0,570,42,0
8745,7697.25,24,3.79,26844.26,727,71,0
8746,7545.1,24,5.72,45157.69,594,44,1
8747,62963.39,24,6.07,26842.88,570,46,0
8748,28262.55,48,5.39,73784.48,617,62,0
8749,110002.1,60,3.67,30261.28,735,39,1
8750,18693.88,36,4.56,78099.56,674,60,1
8751,5000.0,12,4.4,33874.55,685,62,0
8752,52473.4,60,3.92,71719.91,718,36,0
8753,57638.52,24,5.2,167271.0,630,57,0
8754,40326.05,24,3.56,84377.92,743,30,0
8755,57495.17,60,4.43,20000.0,683,48,1
8756,37091.07,36,3.82,27070.5,725,35,0
8757,58985.61,60,5.93,20000.0,580,43,1
8758,5000.0,48,4.79,20000.0,658,55,0
8759,22974.74,24,3.67,122832.36,735,61,0
8760,11837.85,36,2.52,53789.84,814,18,0
8761,5230.6,12,3.54,57669.44,744,31,0
8762,13334.7,24,3.48,123777.79,748,65,0
8763,10617.02,60,6.96,30157.49,509,45,0
8764,180839.83,36,5.3,73203.99,623,44,1
8765,16881.86,24,4.11,100643.14,705,59,0
8766,13130.55,12,6.71,49310.78,526,18,0
8767,90052.48,12,4.34,184268.65,689,30,0
8768,27160.23,60,5.39,51698.79,617,59,1
8769,27362.85,48,5.32,23940.8,622,19,0
8770,29312.53,60,4.82,32924.9,656,45,0
8771,26938.5,36,4.4,68957.72,685,18,0
8772,19768.22,60,3.85,102777.17,723,36,0
8773,16867.39,36,6.48,26050.66,542,61,1
8774,106836.45,48,3.54,144312.74,744,18,1
8775,8819.4,60,3.99,24570.6,713,40,1
8776,9987.37,12,5.27,159351.31,625,58,0
8777,42398.8,36,3.53,35819.22,745,32,0
8778,21053.71,36,7.34,20000.0,483,49,1
8779,27368.37,12,4.68,94064.78,666,72,0
8780,82135.93,60,5.72,20000.0,594,55,0
8781,116978.57,48,6.44,300000.0,545,48,0
8782,78164.39,24,7.08,67710.84,501,69,0
8783,13389.28,60,3.99,20000.0,713,47,0
8784,195529.43,60,4.17,47154.42,701,42,0
8785,22563.14,36,3.18,20000.0,769,29,0
8786,9260.31,36,3.95,89934.48,716,57,0
8787,34607.05,48,5.35,20000.0,620,75,0
8788,64601.19,48,2.0,20000.0,850,18,0
8789,5000.0,48,3.44,185403.79,751,32,0
8790,50295.31,12,6.6,25696.67,534,43,0
8791,97623.86,24,5.1,75029.74,637,31,0
8792,15175.77,24,4.59,52229.62,672,56,0
8793,59065.45,48,5.3,40218.25,623,54,0
8794,25533.67,36,2.0,42569.85,850,51,0
8795,26733.31,24,5.33,103086.46,621,72,0
8796,16481.77,60,5.48,55506.27,611,49,1
8797,48960.7,12,3.83,21514.54,724,36,0
8798,22392.48,36,4.73,20000.0,662,27,0
8799,88864.14,12,5.24,145909.13,627,52,0
8800,164714.22,60,2.0,107486.93,850,28,0
8801,136735.89,24,2.68,182038.7,803,56,0
8802,8904.23,12,6.97,109034.3,508,37,0
8803,5000.0,12,2.19,25538.1,837,18,0
8804,28854.36,12,5.17,50061.62,632,60,0
8805,65260.37,60,3.27,147920.88,763,53,0
8806,189612.69,36,2.03,21712.49,848,56,1
8807,76490.3,36,3.73,20000.0,731,21,0
8808,43440.47,60,2.0,192739.15,850,64,0
8809,5000.0,12,3.67,186230.1,735,72,0
8810,87303.19,12,4.01,153857.33,712,30,1
8811,9748.77,48,3.45,145630.89,750,50,0
8812,5000.0,24,6.71,120021.86,526,39,0
8813,94975.76,24,5.21,155934.55,629,38,0
8814,41764.45,36,6.48,28671.91,542,49,0
8815,6879.93,60,5.17,48495.26,632,36,0
8816,24432.23,12,4.27,38593.26,694,42,1
8817,5000.0,24,5.13,84980.58,635,74,1
8818,50807.05,60,5.13,20000.0,635,25,0
8819,16594.05,60,6.89,155810.61,514,50,1
8820,100530.91,12,5.68,20000.0,597,79,1
8821,22142.47,60,2.49,120839.36,816,45,0
8822,34123.6,24,5.72,35638.48,594,55,0
8823,5000.0,48,5.42,83349.04,615,33,0
8824,16120.07,24,4.57,71533.56,673,31,0
8825,56469.13,48,4.37,20000.0,687,24,0
8826,66640.1,60,5.11,73896.49,636,46,0
8827,13907.84,24,6.95,24460.86,510,72,0
8828,35040.84,12,4.12,20000.0,704,54,0
8829,85058.78,60,2.12,66097.93,842,47,0
8830,23894.55,12,2.25,20000.0,833,38,0
8831,7180.31,48,5.96,184518.65,578,37,0
8832,28270.28,36,4.33,24707.79,690,32,0
8833,45893.18,36,2.0,69636.3,850,34,0
8834,5000.0,48,4.92,62914.62,649,52,0
8835,21429.08,36,4.55,122061.27,675,80,0
8836,46752.76,60,7.09,34200.48,500,57,0
8837,151736.08,60,3.4,38320.29,754,37,0
8838,26258.8,24,4.52,64062.79,677,33,0
8839,8894.9,60,6.22,26377.72,560,32,0
8840,38202.0,36,3.91,40312.3,719,79,0
8841,16826.28,12,3.5,29076.25,747,58,0
8842,12089.53,24,5.93,76609.15,580,51,0
8843,44629.11,12,7.34,103400.02,483,62,0
8844,123777.65,36,4.72,132313.5,663,55,1
8845,90158.48,12,3.91,125881.62,719,18,0
8846,10062.53,36,4.53,86243.9,676,29,0
8847,72595.96,60,3.24,85328.5,765,62,0
8848,13059.71,24,7.41,83770.71,478,77,0
8849,17173.92,48,6.39,56545.38,548,65,0
8850,126318.63,36,4.59,20312.52,672,44,1
8851,120984.13,60,7.18,160526.93,494,52,0
8852,9234.06,12,6.01,83409.44,574,30,0
8853,5000.0,60,5.68,105879.14,597,51,0
8854,17344.58,12,3.44,37318.03,751,48,0
8855,43586.79,12,3.02,235420.4,780,45,0
8856,104734.53,12,3.86,145913.83,722,55,0
8857,6325.65,12,2.19,43049.08,837,47,0
8858,26803.62,24,2.89,35075.45,789,18,0
8859,15855.53,12,3.76,104792.04,729,35,1
8860,5000.0,24,3.82,56222.23,725,34,1
8861,77663.81,48,5.77,76006.02,591,42,0
8862,83908.38,24,6.95,154228.25,510,49,0
8863,12501.92,12,5.96,74802.64,578,51,0
8864,8198.96,48,3.69,53546.79,734,41,0
8865,7807.02,60,5.37,86727.8,618,43,0
8866,31176.13,24,4.02,20000.0,711,18,0
8867,14151.02,60,7.57,72057.79,467,61,0
8868,35806.02,48,4.15,20000.0,702,47,1
8869,24294.6,24,6.16,98571.85,564,42,0
8870,11842.5,12,5.97,55729.36,577,40,0
8871,69553.65,24,2.49,181352.83,816,22,0
8872,8147.36,12,2.0,138021.18,850,74,0
8873,80198.22,36,6.48,75203.62,542,35,0
8874,41213.66,24,5.26,193295.24,626,21,0
8875,89200.62,24,5.1,40783.47,637,42,0
8876,5000.0,60,3.85,25173.87,723,45,0
8877,69152.68,60,5.61,52197.74,602,61,1
8878,5000.0,48,6.09,51464.09,569,42,0
8879,149885.43,12,4.49,54432.19,679,41,0
8880,60657.32,60,4.79,64847.39,658,33,0
8881,19295.79,48,3.66,20000.0,736,22,1
8882,19272.13,12,5.91,32159.74,581,25,0
8883,98841.5,12,5.21,40540.66,629,53,0
8884,116569.87,12,3.79,190403.61,727,51,0
8885,111084.04,36,5.01,39966.16,643,59,0
8886,82706.15,12,7.35,43262.23,482,42,0
8887,85471.76,48,2.55,102495.0,812,67,0
8888,42521.39,12,5.04,52703.46,641,31,0
8889,5000.0,12,5.01,224359.15,643,38,0
8890,5000.0,48,2.0,109590.39,850,43,0
8891,52427.33,24,2.0,97987.26,850,43,0
8892,25638.47,12,3.54,20000.0,744,32,0
8893,41886.64,48,6.49,78314.44,541,30,1
8894,13138.26,60,2.92,68637.06,787,18,0
8895,52407.91,48,7.5,125042.49,472,68,1
8896,13908.34,36,4.72,99845.15,663,45,0
8897,30884.62,60,5.59,88527.68,603,39,0
8898,32573.39,24,5.94,81254.64,579,33,1
8899,9780.57,24,4.57,40073.17,673,46,0
8900,104457.52,48,4.02,25298.05,711,42,0
8901,37308.53,48,3.77,83388.96,728,70,0
8902,100789.09,12,5.04,26578.67,641,37,0
8903,15226.88,12,5.23,64469.73,628,40,1
8904,9457.4,36,3.67,168755.03,735,56,0
8905,5000.0,12,3.64,192099.79,737,54,0
8906,5000.0,48,4.72,52482.15,663,26,0
8907,7977.38,48,6.17,132570.28,563,52,0
8908,5000.0,12,7.38,63561.27,480,63,0
8909,113592.75,36,3.96,25363.72,715,66,0
8910,121202.79,48,3.5,64247.34,747,26,0
8911,138519.69,36,5.21,278846.4,629,44,0
8912,160770.14,48,4.37,95015.19,687,28,0
8913,33847.45,36,2.99,30124.19,782,57,0
8914,37753.75,36,2.0,82498.61,850,47,0
8915,7010.85,36,5.49,112964.7,610,63,0
8916,7370.04,12,5.04,131454.8,641,53,0
8917,74086.64,24,4.25,51852.17,695,31,0
8918,96803.12,36,6.68,195480.96,528,46,1
8919,76789.5,36,8.04,58601.08,435,33,0
8920,89962.13,48,6.86,83235.29,516,28,0
8921,16187.6,24,5.32,20000.0,622,37,0
8922,31374.13,48,5.97,159262.75,577,47,0
8923,30735.23,48,6.1,20888.45,568,30,1
8924,267833.39,36,4.84,107043.73,655,46,0
8925,148971.32,60,4.94,43385.42,648,24,0
8926,45625.66,24,6.01,21072.85,574,18,0
8927,7423.44,48,7.27,45744.95,488,71,0
8928,14960.48,60,4.33,20000.0,690,38,1
8929,22609.09,60,3.38,35357.61,755,41,1
8930,103261.81,48,5.81,38852.97,588,39,0
8931,9354.59,36,5.48,22025.94,611,52,1
8932,12406.85,12,3.73,80041.77,731,47,0
8933,21491.84,48,3.4,61134.08,754,58,0
8934,130803.32,36,5.58,79749.48,604,49,1
8935,35040.03,24,5.07,40043.29,639,44,0
8936,52041.14,36,2.77,53574.21,797,60,0
8937,24487.73,60,3.64,20000.0,737,39,1
8938,10444.91,24,6.57,36738.44,536,44,0
8939,12602.91,24,7.41,20893.43,478,41,0
8940,81144.2,12,5.32,48662.52,622,65,0
8941,111972.08,12,6.32,36731.67,553,50,0
8942,33969.68,48,4.24,106982.22,696,45,1
8943,22080.1,36,3.88,114056.38,721,18,0
8944,82470.08,48,4.55,72867.31,675,50,0
8945,55904.25,12,6.09,111595.68,569,55,0
8946,5000.0,60,6.77,77964.08,522,58,0
8947,21596.17,12,3.95,41357.45,716,41,1
8948,57312.4,36,3.72,67600.59,732,54,0
8949,42628.23,60,3.31,174391.06,760,51,0
8950,190988.85,48,5.35,125588.87,620,18,0
8951,100538.84,48,5.05,64751.97,640,61,0
8952,5000.0,12,3.73,20000.0,731,42,0
8953,64689.23,12,4.89,213126.21,651,48,0
8954,20498.26,48,5.75,56664.56,592,35,0
8955,57298.2,48,6.13,137274.73,566,55,0
8956,48015.34,24,3.88,62976.86,721,50,0
8957,34963.32,36,5.35,151495.2,620,19,0
8958,95848.98,24,5.71,79456.18,595,34,0
8959,61668.34,24,4.25,20000.0,695,66,0
8960,110161.93,48,5.96,52032.51,578,56,0
8961,16536.7,36,5.75,80270.55,592,40,0
8962,21395.32,48,4.85,73394.23,654,40,0
8963,48636.62,24,5.59,125463.22,603,31,0
8964,169757.44,24,2.86,79498.03,791,32,0
8965,23227.49,48,4.14,65877.31,703,48,0
8966,5000.0,12,4.73,24444.04,662,69,0
8967,29519.42,12,2.87,199597.44,790,40,0
8968,39255.4,48,4.81,50447.19,657,45,0
8969,80719.36,60,3.34,39062.92,758,34,0
8970,65208.17,60,6.36,27105.26,550,43,1
8971,167140.78,12,5.84,35495.75,586,50,0
8972,76319.85,36,6.31,118333.01,554,73,0
8973,17735.87,24,4.18,20000.0,700,62,0
8974,51274.64,36,7.16,46192.9,495,62,0
8975,55773.86,12,4.46,20000.0,681,38,0
8976,311245.92,48,5.64,31993.99,600,31,0
8977,7467.82,60,4.72,38152.94,663,45,0
8978,10617.94,12,4.94,34945.53,648,35,0
8979,8451.33,36,4.11,27026.39,705,38,0
8980,44465.42,36,2.0,163022.06,850,49,0
8981,7268.69,12,2.0,38227.03,850,54,0
8982,53356.8,24,3.73,114503.29,731,63,1
8983,81424.42,36,5.42,42734.96,615,52,0
8984,28351.54,24,4.65,21023.31,668,47,0
8985,41126.94,24,5.49,101653.19,610,32,0
8986,121932.89,48,5.99,135184.44,576,63,0
8987,42148.05,12,7.76,20811.74,454,56,0
8988,11697.94,12,5.24,94267.27,627,38,1
8989,21018.31,24,4.52,50504.47,677,57,0
8990,37734.73,48,4.02,220761.18,711,46,0
8991,8414.88,36,4.75,127272.42,661,62,0
8992,47404.53,36,5.93,177861.56,580,41,1
8993,359512.0,12,5.64,43250.51,600,41,0
8994,52854.56,24,3.57,185272.77,742,21,0
8995,23293.5,48,7.4,109356.84,479,38,0
8996,20154.38,48,5.65,71899.87,599,69,0
8997,134121.55,36,4.88,101562.57,652,80,0
8998,102596.88,36,5.52,26681.5,608,51,0
8999,31966.92,60,7.12,72447.86,498,37,0
9000,21802.5,60,3.56,50144.75,743,40,0
9001,61973.83,24,3.22,136592.6,766,44,0
9002,18880.52,60,6.35,20000.0,551,40,0
9003,6357.77,48,9.58,70966.93,329,56,0
9004,18564.22,60,2.01,45258.85,849,24,0
9005,28484.21,12,5.52,196994.82,608,45,0
9006,14746.17,12,6.33,56404.69,552,72,0
9007,12219.24,36,5.08,51894.25,638,60,0
9008,5000.0,36,4.44,71747.22,682,75,0
9009,49826.63,24,5.83,103587.0,587,43,0
9010,47654.08,12,4.72,20000.0,663,35,0
9011,10414.3,24,5.08,20000.0,638,49,0
9012,143808.72,24,5.91,197711.94,581,33,0
9013,26345.29,60,7.29,74270.38,486,37,0
9014,5000.0,36,2.97,295189.54,783,41,0
9015,12408.45,24,4.09,29713.92,706,63,0
9016,58893.73,24,6.03,94803.35,573,59,1
9017,11258.52,36,4.33,75171.59,690,52,0
9018,5000.0,36,6.17,160708.02,563,46,0
9019,48078.3,12,4.97,20000.0,646,71,0
9020,36527.38,36,4.05,198589.76,709,51,0
9021,71620.23,60,4.24,69833.16,696,31,0
9022,74059.14,12,5.51,60112.05,609,47,0
9023,160862.92,24,3.73,93464.89,731,30,0
9024,5000.0,60,4.89,57818.73,651,37,0
9025,5000.0,60,5.68,71610.05,597,65,0
9026,217903.98,12,2.48,146108.11,817,49,0
9027,51760.45,24,6.55,26507.73,537,46,0
9028,62828.35,12,4.34,91192.75,689,49,0
9029,5072.96,48,2.86,93450.07,791,43,1
9030,5000.0,48,7.4,205942.86,479,18,0
9031,8732.77,12,2.54,48831.62,813,56,0
9032,27860.55,24,2.47,20000.0,818,55,0
9033,5836.59,24,5.59,43077.37,603,47,0
9034,29559.66,36,4.5,33967.23,678,34,0
9035,41223.87,60,5.99,181710.68,576,71,0
9036,5000.0,12,6.12,20000.0,567,37,1
9037,6065.78,60,6.57,131490.43,536,33,0
9038,23515.8,60,2.45,83743.38,819,46,0
9039,5000.0,48,5.26,20089.1,626,55,1
9040,7166.33,48,6.93,87511.08,511,52,1
9041,13185.02,12,3.41,20000.0,753,53,0
9042,28070.99,12,3.93,107218.8,717,62,0
9043,62734.75,24,4.37,58811.98,687,49,1
9044,7117.86,12,5.87,20000.0,584,65,0
9045,66962.63,24,5.51,20000.0,609,52,0
9046,96572.02,24,2.0,109738.06,850,43,0
9047,52702.81,12,4.36,212391.1,688,38,0
9048,5000.0,24,5.68,216553.09,597,65,0
9049,29049.32,60,3.83,135424.41,724,54,0
9050,53950.19,24,3.69,20000.0,734,40,0
9051,192015.67,60,2.28,150846.93,831,38,0
9052,151628.51,60,4.82,234903.05,656,29,0
9053,25184.49,60,3.85,180455.39,723,70,0
9054,47846.66,36,4.14,84155.7,703,52,0
9055,110735.65,36,5.96,23430.11,578,67,0
9056,88906.51,24,6.9,145725.18,513,76,0
9057,32640.76,12,4.01,62809.35,712,73,0
9058,15139.2,24,3.91,62292.32,719,38,1
9059,7372.82,36,8.46,65534.89,406,80,0
9060,33469.59,48,4.15,66332.17,702,56,0
9061,64159.08,48,5.03,21567.36,642,27,0
9062,174945.55,24,4.28,48344.21,693,48,1
9063,98958.06,36,5.62,198198.54,601,46,0
9064,11422.94,60,2.8,64595.55,795,51,0
9065,63608.68,36,3.41,45797.37,753,49,0
9066,17061.26,24,6.93,29494.74,511,54,0
9067,57517.27,36,6.33,28177.75,552,34,0
9068,54801.6,48,4.82,110140.98,656,49,0
9069,15902.29,60,5.81,82281.08,588,38,0
9070,13354.03,24,3.34,75892.21,758,48,0
9071,5487.27,24,6.39,107361.62,548,42,0
9072,5000.0,12,3.35,131882.33,757,38,0
9073,97755.49,60,8.44,67969.74,407,56,0
9074,5000.0,24,5.51,119188.77,609,52,0
9075,5000.0,36,2.9,38347.76,788,51,0
9076,13646.38,36,5.0,145586.9,644,38,0
9077,109310.52,36,4.88,56644.78,652,53,0
9078,20243.79,36,3.79,215132.72,727,44,0
9079,10647.26,24,4.15,63115.94,702,38,0
9080,62860.86,48,5.08,24130.15,638,60,0
9081,19214.77,60,3.0,83157.28,781,57,1
9082,20275.75,36,4.73,60020.77,662,18,0
9083,67157.26,24,4.12,20000.0,704,18,0
9084,14494.41,24,3.54,222116.64,744,68,0
9085,113534.97,36,8.44,57561.62,407,26,0
9086,41210.84,12,5.96,20000.0,578,25,0
9087,38591.31,24,5.77,59036.16,591,42,1
9088,15377.39,60,3.96,39143.58,715,48,0
9089,90119.09,60,2.38,44599.95,824,37,0
9090,42519.25,12,7.63,89418.27,463,18,0
9091,8451.51,24,5.52,33955.37,608,47,0
9092,11552.38,12,3.32,131040.56,759,72,0
9093,31579.65,24,7.44,38042.64,476,24,0
9094,75625.05,24,4.36,28299.82,688,69,0
9095,140086.69,12,4.25,71902.84,695,40,0
9096,54457.65,48,4.14,20000.0,703,71,0
9097,35275.49,36,6.55,59053.26,537,54,0
9098,14432.93,36,4.98,52782.34,645,36,0
9099,55869.57,36,6.67,47838.16,529,54,0
9100,201539.64,12,3.31,22015.56,760,64,0
9101,32334.41,24,6.47,33896.59,543,23,0
9102,8845.32,24,4.87,131922.38,653,46,0
9103,5453.96,60,2.0,28342.64,850,60,0
9104,15684.62,24,3.28,149692.05,762,39,0
9105,42133.66,48,7.48,113283.59,473,25,0
9106,146689.83,36,5.36,53612.81,619,75,0
9107,17774.15,48,4.82,152574.65,656,18,0
9108,18220.32,36,5.19,92430.26,631,40,0
9109,32809.88,12,4.36,55354.32,688,43,0
9110,125383.59,48,4.02,31247.4,711,76,1
9111,27154.96,24,2.25,62133.67,833,18,0
9112,12630.51,36,5.59,187195.85,603,44,0
9113,8904.38,60,3.83,61304.78,724,35,0
9114,30533.71,48,5.19,219852.21,631,35,0
9115,80641.54,12,2.64,44075.64,806,68,0
9116,17219.85,60,4.34,124118.61,689,30,0
9117,35925.57,12,4.85,185227.74,654,26,0
9118,46191.99,36,5.3,50125.15,623,27,0
9119,29934.63,48,6.19,31577.25,562,47,0
9120,10640.5,12,3.66,20000.0,736,44,1
9121,127389.56,60,6.12,55591.12,567,40,1
9122,41672.13,60,7.63,106165.74,463,37,0
9123,65306.62,24,6.32,30555.74,553,66,0
9124,50535.98,12,4.69,41315.85,665,18,0
9125,311945.6,48,6.7,82416.85,527,63,0
9126,30468.81,48,6.09,119008.24,569,24,0
9127,27666.86,24,7.67,81312.58,460,61,0
9128,22325.28,60,6.12,28850.6,567,57,0
9129,22441.74,12,2.42,41348.54,821,54,0
9130,16132.33,60,5.84,31182.24,586,43,0
9131,197201.81,12,5.07,76388.02,639,38,0
9132,102312.73,12,2.0,37558.1,850,47,1
9133,19039.09,12,4.43,32573.7,683,61,0
9134,18208.65,60,4.49,31207.72,679,40,0
9135,5464.74,60,6.31,205545.51,554,37,0
9136,104791.09,60,4.59,79867.98,672,44,1
9137,23242.13,36,2.39,159233.14,823,41,0
9138,42503.55,60,6.67,150096.73,529,42,0
9139,115318.48,24,5.19,154026.88,631,69,1
9140,26220.93,36,6.63,133908.53,532,33,1
9141,82219.08,12,2.57,222408.55,811,63,0
9142,28131.01,48,6.63,77961.81,532,58,0
9143,60355.71,36,5.94,79435.26,579,23,0
9144,28209.95,36,6.6,81758.91,534,34,0
9145,24941.49,12,6.93,20000.0,511,44,0
9146,233936.74,60,4.78,40947.96,659,44,0
9147,47382.6,60,5.43,137904.77,614,37,0
9148,22895.15,36,4.4,56296.5,685,60,0
9149,14908.14,60,4.01,136141.52,712,48,0
9150,5000.0,36,7.37,61352.19,481,46,0
9151,61305.18,48,4.47,185713.41,680,64,0
9152,23273.29,48,6.25,163251.84,558,34,0
9153,86089.52,12,4.71,29798.65,664,36,0
9154,22617.5,24,4.43,20000.0,683,39,0
9155,23366.7,24,5.29,20429.9,624,24,0
9156,75520.6,60,3.0,20000.0,781,44,1
9157,33614.97,24,7.0,92109.22,506,54,0
9158,108095.43,48,6.55,86563.35,537,26,0
9159,44596.46,12,4.56,87488.01,674,29,0
9160,13764.28,48,2.0,77107.21,850,45,1
9161,41997.96,36,6.29,100087.37,555,50,1
9162,5000.0,60,5.01,28295.66,643,41,0
9163,18727.21,60,3.18,202273.14,769,39,0
9164,11656.69,24,3.59,104878.14,741,65,0
9165,53092.98,36,4.02,24893.03,711,36,1
9166,7311.36,24,5.96,36750.85,578,67,1
9167,17131.38,24,4.95,92484.42,647,36,0
9168,20121.63,24,4.88,173917.43,652,52,0
9169,5000.0,36,3.4,36415.83,754,36,0
9170,5000.0,24,5.11,29057.78,636,38,0
9171,18634.85,60,2.95,128758.06,785,35,0
9172,12574.35,24,5.0,133736.08,644,55,0
9173,6216.22,36,4.72,57449.08,663,69,0
9174,8371.35,36,5.1,30698.19,637,46,0
9175,90253.47,48,5.17,44070.3,632,29,0
9176,57493.11,24,5.03,223239.56,642,54,0
9177,33093.82,36,4.87,126202.3,653,67,0
9178,119776.03,24,7.28,102318.92,487,58,0
9179,5000.0,12,5.32,58248.03,622,24,0
9180,21151.04,60,2.47,143526.89,818,35,0
9181,86688.79,60,7.56,35827.7,468,32,0
9182,49481.93,24,5.27,50455.89,625,45,0
9183,200008.39,60,5.74,45703.72,593,53,1
9184,144582.06,60,4.44,44661.92,682,61,0
9185,9313.01,12,4.17,20000.0,701,51,0
9186,178754.32,60,4.71,20000.0,664,67,0
9187,145509.65,60,7.85,58708.59,448,72,1
9188,23389.18,36,7.86,174290.52,447,66,0
9189,203376.25,60,8.79,139082.13,383,34,0
9190,5000.0,24,5.11,87287.47,636,55,0
9191,54050.98,60,7.31,65427.56,485,53,0
9192,15472.38,24,8.33,232337.79,415,73,0
9193,6932.26,60,6.25,96020.67,558,80,1
9194,43082.42,24,5.91,42478.74,581,39,0
9195,18289.41,60,5.04,67528.24,641,48,0
9196,54954.42,24,4.91,162896.23,650,47,0
9197,38824.38,60,4.82,20000.0,656,63,0
9198,24927.51,12,3.73,147876.53,731,43,1
9199,10033.78,36,5.35,65841.44,620,56,0
9200,45971.06,36,3.83,57173.85,724,46,0
9201,88372.07,36,5.42,35799.33,615,23,0
9202,45815.1,36,5.49,85495.57,610,45,0
9203,47147.47,12,5.75,90556.78,592,49,0
9204,35855.33,12,4.97,69632.55,646,50,0
9205,24570.77,60,3.96,38484.58,715,61,0
9206,30574.49,12,3.99,102837.24,713,40,0
9207,228018.24,36,4.04,178746.87,710,30,0
9208,69248.46,48,4.46,172339.1,681,67,0
9209,28155.05,60,6.6,42020.53,534,39,0
9210,30559.6,24,2.0,39579.78,850,49,1
9211,34620.57,36,6.86,74102.44,516,47,0
9212,53839.73,36,4.73,22743.18,662,23,1
9213,31364.06,36,2.0,94869.1,850,68,0
9214,57946.64,12,3.63,41460.88,738,50,0
9215,19963.3,24,5.94,36115.54,579,55,0
9216,26435.87,60,3.15,141210.9,771,65,0
9217,99774.55,36,4.63,25161.7,669,44,0
9218,19942.28,24,6.1,105652.04,568,55,0
9219,166822.1,48,4.6,20000.0,671,49,0
9220,9467.61,12,5.45,194782.22,613,58,0
9221,13832.48,36,5.23,68325.95,628,41,0
9222,31151.19,24,4.85,20000.0,654,70,0
9223,79828.24,24,3.91,66004.92,719,29,1
9224,65759.28,36,3.6,214056.15,740,67,1
9225,9586.24,24,5.97,22603.26,577,68,0
9226,13504.23,24,4.39,106490.92,686,51,0
9227,42814.25,60,5.3,81122.7,623,45,0
9228,17489.56,12,3.8,40830.87,726,67,1
9229,27437.22,60,6.41,69236.89,547,60,0
9230,33334.43,12,4.95,69134.84,647,34,1
9231,45100.41,12,7.57,20000.0,467,55,0
9232,14454.24,60,3.89,31940.46,720,43,0
9233,8904.93,36,2.29,46300.95,830,53,0
9234,25421.71,24,2.67,170628.38,804,55,0
9235,5000.0,48,3.7,261225.69,733,34,0
9236,37408.18,60,4.08,20000.0,707,25,0
9237,91505.84,60,2.0,117256.61,850,38,0
9238,6333.5,36,5.72,20000.0,594,65,0
9239,5980.33,24,5.29,225681.8,624,48,0
9240,5000.0,60,2.86,88538.8,791,65,0
9241,94148.13,48,5.11,56583.64,636,73,1
9242,5000.0,24,6.26,45975.27,557,48,1
9243,205104.83,60,7.13,64860.44,497,54,0
9244,22184.16,60,6.13,35726.66,566,59,0
9245,19931.59,12,2.36,51117.62,825,18,0
9246,5000.0,12,5.07,22856.34,639,37,0
9247,44051.15,60,6.03,97351.46,573,46,0
9248,44080.24,36,5.04,47208.9,641,63,0
9249,34041.75,12,4.44,72678.9,682,24,0
9250,18627.16,60,7.61,155796.91,464,58,0
9251,22989.27,24,6.22,106245.23,560,38,0
9252,19320.15,48,7.08,30750.51,501,54,0
9253,27769.05,12,2.79,99555.78,796,41,0
9254,20911.42,60,5.08,76145.66,638,42,0
9255,56276.16,12,5.17,20000.0,632,39,0
9256,17533.68,24,5.19,100992.66,631,41,1
9257,21603.67,36,6.54,68144.66,538,64,1
9258,28587.19,60,4.17,43817.18,701,31,0
9259,5000.0,24,2.25,108965.58,833,25,1
9260,33871.82,48,5.81,34710.35,588,28,1
9261,14773.6,60,3.63,101894.43,738,38,0
9262,5000.0,48,5.08,160468.35,638,44,0
9263,120967.91,36,6.03,25734.35,573,49,0
9264,19461.29,60,3.6,98045.5,740,44,0
9265,27763.72,60,7.28,20000.0,487,37,0
9266,87822.46,24,6.99,59273.94,507,76,0
9267,9123.42,12,2.35,78239.7,826,55,0
9268,94959.04,60,5.51,42317.02,609,35,0
9269,13829.72,36,3.18,63425.74,769,46,0
9270,44462.71,60,5.08,43116.4,638,62,0
9271,57866.93,60,8.6,26960.1,396,38,1
9272,117701.26,60,3.92,120180.54,718,43,0
9273,46778.52,60,4.39,20000.0,686,40,1
9274,30186.52,36,6.0,88535.46,575,63,0
9275,42463.08,24,3.32,48517.72,759,52,1
9276,11287.5,12,3.56,63386.14,743,36,0
9277,58410.07,36,6.01,85189.62,574,78,0
9278,10343.87,36,3.34,143826.92,758,31,0
9279,40737.23,48,4.6,42695.65,671,46,0
9280,52149.94,12,4.82,23110.58,656,64,0
9281,114425.82,24,5.99,66624.91,576,44,0
9282,29909.11,24,6.25,67103.57,558,41,0
9283,74656.85,48,2.86,186814.61,791,53,0
9284,9167.93,48,4.36,24226.69,688,49,0
9285,8491.78,36,3.54,105871.14,744,34,0
9286,37200.77,24,5.61,80403.41,602,57,0
9287,45359.21,24,4.18,136274.08,700,34,0
9288,50029.98,24,5.42,23309.8,615,25,0
9289,68456.93,36,3.95,61644.61,716,49,0
9290,17473.02,24,6.96,152348.1,509,33,0
9291,48723.51,60,6.93,20000.0,511,47,0
9292,10421.31,48,6.52,20000.0,539,52,1
9293,12358.86,48,4.94,101577.45,648,49,0
9294,5000.0,48,8.14,20000.0,428,80,0
9295,68718.41,48,4.24,65366.29,696,69,0
9296,35361.59,60,4.02,30218.22,711,55,1
9297,13602.62,12,7.45,78474.35,475,54,0
9298,40623.31,24,5.51,213655.13,609,59,0
9299,21866.38,48,2.22,36754.22,835,47,1
9300,90764.69,24,5.55,32725.61,606,46,0
9301,37554.48,24,6.38,145129.6,549,46,0
9302,5000.0,60,5.46,24978.26,612,40,0
9303,210303.89,24,3.21,20000.0,767,77,0
9304,5000.0,48,6.58,29079.09,535,32,0
9305,59529.5,24,4.11,93422.75,705,62,0
9306,28746.51,60,4.3,30638.5,692,59,0
9307,14338.64,48,4.94,81902.09,648,58,0
9308,56421.35,60,5.46,102854.19,612,48,1
9309,6727.87,36,3.57,49854.28,742,34,0
9310,97683.35,12,6.57,47340.58,536,54,0
9311,14424.92,24,4.33,61941.32,690,54,0
9312,22428.05,24,7.18,220765.34,494,80,0
9313,50071.14,24,3.51,42354.97,746,57,0
9314,5000.0,36,3.82,64731.54,725,52,0
9315,32003.89,12,5.52,185294.09,608,48,0
9316,112333.36,60,5.26,195827.53,626,42,0
9317,57036.7,36,4.23,39144.73,697,51,1
9318,24543.01,36,6.89,24701.85,514,57,0
9319,54002.94,48,5.35,121817.95,620,36,0
9320,137890.46,36,4.92,60297.14,649,40,0
9321,10400.76,36,7.4,181579.86,479,34,0
9322,37943.84,24,3.61,20000.0,739,55,0
9323,13376.82,48,2.0,24689.68,850,64,0
9324,96284.42,60,2.0,65695.61,850,18,1
9325,63836.18,12,7.76,71468.42,454,42,0
9326,80741.6,60,3.22,34129.17,766,74,0
9327,143245.6,48,5.84,75069.05,586,59,0
9328,13218.38,24,5.08,128018.97,638,53,0
9329,5000.0,12,6.35,68529.97,551,29,0
9330,17188.2,60,4.04,126232.44,710,60,0
9331,25469.61,12,8.56,49024.91,399,46,0
9332,49062.77,12,6.65,138910.93,530,59,0
9333,79901.3,12,8.2,91087.74,424,80,0
9334,21524.02,36,5.75,28473.96,592,28,0
9335,32074.91,48,5.37,89774.47,618,69,1
9336,76964.65,48,7.21,65099.23,492,43,0
9337,12765.83,24,4.15,74713.62,702,66,0
9338,12239.55,60,4.28,64620.15,693,38,0
9339,44486.46,24,3.66,39907.73,736,32,1
9340,28640.09,60,2.87,81651.33,790,58,0
9341,148695.41,12,5.3,68321.2,623,22,1
9342,22082.9,60,4.59,21236.18,672,36,0
9343,71263.32,60,6.41,97994.98,547,36,1
9344,43744.57,12,4.82,20000.0,656,37,0
9345,5000.0,24,4.75,106771.69,661,56,0
9346,5000.0,60,2.7,24539.97,802,55,0
9347,11354.85,24,4.14,25525.65,703,45,0
9348,7724.77,24,4.11,20000.0,705,35,0
9349,19977.0,48,5.36,260077.08,619,44,0
9350,43254.81,12,9.67,159226.88,323,28,0
9351,46110.73,12,4.88,40730.15,652,28,0
9352,44308.42,36,5.61,72495.09,602,36,0
9353,6255.98,24,6.54,95089.89,538,25,0
9354,45842.72,36,3.83,26946.42,724,49,0
9355,26360.19,12,3.48,20000.0,748,55,0
9356,116679.37,12,6.38,40792.74,549,47,0
9357,121511.94,36,4.87,20985.37,653,30,0
9358,73088.37,12,5.07,38901.79,639,40,0
9359,60719.2,12,3.27,71846.5,763,60,0
9360,6105.71,48,4.28,20000.0,693,64,0
9361,5000.0,60,3.88,54965.97,721,28,1
9362,91890.28,48,5.45,58478.84,613,53,1
9363,27844.86,60,4.31,87867.9,691,34,0
9364,30015.85,48,3.64,69822.75,737,64,0
9365,94125.72,48,2.0,76481.02,850,65,1
9366,48567.84,24,5.71,62464.08,595,18,0
9367,9886.42,36,5.45,96224.71,613,32,0
9368,11850.29,48,5.99,85966.79,576,53,0
9369,5000.0,24,5.56,20000.0,605,18,1
9370,62009.38,48,2.9,123316.16,788,68,0
9371,33238.84,36,6.12,53745.91,567,52,0
9372,149750.54,24,4.36,131801.68,688,23,0
9373,62590.41,60,3.47,74433.75,749,61,0
9374,5443.48,36,3.18,133571.53,769,61,0
9375,8809.51,12,2.8,114123.26,795,55,0
9376,34830.12,24,4.23,29241.76,697,53,0
9377,129429.54,12,4.37,34028.87,687,59,0
9378,14201.18,24,5.74,147598.29,593,29,0
9379,87314.51,60,7.77,103109.29,453,49,1
9380,18718.12,24,5.78,153468.11,590,34,0
9381,15728.5,48,4.69,25643.41,665,62,0
9382,115830.52,12,3.44,43891.17,751,45,0
9383,5000.0,12,2.73,54105.27,800,18,1
9384,54049.58,24,4.91,88912.29,650,22,1
9385,5000.0,48,3.28,36547.47,762,44,0
9386,80663.21,48,4.68,121949.18,666,36,0
9387,88422.96,24,4.62,78389.6,670,37,0
9388,111913.22,36,5.35,78404.33,620,33,0
9389,10295.28,60,5.61,80070.03,602,32,0
9390,6647.9,24,5.77,53666.35,591,50,1
9391,35012.12,48,5.72,83330.43,594,56,0
9392,15847.49,60,5.9,99407.11,582,48,0
9393,46607.98,24,3.67,45922.88,735,54,0
9394,36051.34,60,3.08,36579.01,776,45,1
9395,7824.04,36,6.01,59150.75,574,21,0
9396,67213.59,48,6.22,59632.25,560,67,0
9397,81427.06,36,5.19,112181.28,631,66,0
9398,164900.04,36,6.19,47736.48,562,54,1
9399,25170.9,48,6.39,119127.65,548,26,0
9400,20604.47,36,5.42,136591.34,615,22,1
9401,10675.92,24,4.56,62230.05,674,33,0
9402,9975.32,24,4.57,76970.2,673,77,0
9403,19360.63,60,5.37,117622.51,618,50,0
9404,200362.59,24,5.68,150696.52,597,45,0
9405,5000.0,24,4.04,71027.19,710,46,1
9406,15012.45,60,4.36,38286.93,688,39,0
9407,5000.0,12,4.66,116155.76,667,44,0
9408,15984.88,48,5.74,63052.37,593,46,0
9409,5000.0,24,2.97,34053.56,783,36,0
9410,35495.23,60,6.83,151184.22,518,26,0
9411,28844.32,36,5.72,80003.51,594,46,0
9412,9561.07,36,6.35,161627.24,551,33,0
9413,9606.95,24,4.91,109657.98,650,61,0
9414,49189.56,48,5.88,64540.29,583,52,0
9415,24479.42,60,4.78,127504.93,659,43,1
9416,5000.0,60,4.15,116606.77,702,34,0
9417,126406.95,60,3.08,30489.16,776,55,0
9418,25955.7,60,4.6,108035.62,671,55,0
9419,44707.82,60,4.63,206476.71,669,38,0
9420,108320.59,48,4.28,65593.15,693,50,0
9421,25721.52,60,8.24,116152.05,421,32,0
9422,85923.6,48,4.84,236644.87,655,47,0
9423,123109.66,48,6.52,55155.65,539,32,0
9424,9562.1,48,5.85,84711.32,585,37,0
9425,111509.71,36,5.08,81039.91,638,57,0
9426,6382.15,12,3.53,73578.43,745,62,0
9427,16087.97,24,7.48,234304.7,473,24,0
9428,82568.09,36,4.57,20000.0,673,42,0
9429,115472.71,12,4.76,66781.35,660,55,1
9430,57622.62,36,4.28,61817.26,693,29,0
9431,5536.85,48,2.0,63013.01,850,39,0
9432,37011.13,48,2.65,31122.93,805,53,0
9433,42505.74,60,4.49,139980.9,679,36,0
9434,16554.52,48,4.09,107979.95,706,25,0
9435,237197.52,36,4.97,40394.54,646,39,0
9436,20445.65,24,3.82,48149.73,725,41,1
9437,11802.24,48,4.87,27689.49,653,68,0
9438,5834.33,12,4.3,52528.17,692,80,0
9439,23781.07,36,5.88,84109.49,583,50,0
9440,58983.31,12,4.57,22140.44,673,46,0
9441,13160.34,60,2.93,57084.56,786,28,0
9442,73384.81,60,4.09,20000.0,706,24,0
9443,7274.49,24,4.75,43651.59,661,62,0
9444,29032.72,36,9.14,87528.33,359,22,0
9445,60595.84,24,4.36,54897.83,688,54,0
9446,7269.18,12,5.04,21131.3,641,80,0
9447,45545.54,24,6.48,84180.5,542,29,0
9448,80210.71,12,5.01,62904.31,643,18,0
9449,45261.22,24,5.01,43253.62,643,52,0
9450,35817.1,60,4.91,53230.32,650,64,0
9451,91100.49,36,3.83,53898.93,724,30,0
9452,211406.43,24,5.23,34350.91,628,59,0
9453,10002.67,12,5.27,145205.48,625,63,0
9454,58776.77,36,5.43,157569.46,614,50,0
9455,5000.0,60,4.56,20000.0,674,39,0
9456,5000.0,60,4.12,67104.91,704,57,0
9457,16482.11,48,3.05,176596.25,778,37,0
9458,176884.87,36,4.15,49761.42,702,44,0
9459,40169.94,24,3.35,128592.35,757,39,0
9460,15617.28,60,3.69,111780.27,734,49,0
9461,7111.95,24,4.69,33482.4,665,47,0
9462,126401.19,24,5.97,63887.68,577,44,0
9463,22499.59,12,4.33,69272.05,690,41,0
9464,18314.43,24,2.65,44637.52,805,53,0
9465,97583.54,48,3.34,95613.21,758,34,0
9466,46367.94,36,3.06,112954.91,777,32,0
9467,9234.38,36,7.6,75975.47,465,62,1
9468,27366.75,12,7.77,120338.03,453,58,0
9469,131715.18,48,5.62,77626.98,601,34,0
9470,115734.69,48,4.23,68575.99,697,33,0
9471,5000.0,36,5.46,20000.0,612,34,0
9472,15640.64,48,5.2,23011.35,630,18,0
9473,8393.69,60,7.06,197338.18,502,59,0
9474,38158.28,24,5.8,102609.68,589,50,0
9475,69311.38,24,6.2,173245.52,561,31,0
9476,17516.41,36,6.16,60692.32,564,55,0
9477,70940.07,36,5.99,283038.22,576,58,0
9478,55238.9,48,6.51,65770.75,540,44,0
9479,65138.52,12,8.4,61101.21,410,51,0
9480,148060.47,36,2.86,20000.0,791,51,0
9481,27635.52,36,5.08,121857.89,638,44,0
9482,20970.7,36,5.91,171309.19,581,45,1
9483,57576.48,48,5.13,228123.58,635,50,0
9484,82397.8,60,4.43,71363.12,683,48,0
9485,10625.35,36,4.75,39243.36,661,38,0
9486,93800.42,60,5.99,63901.77,576,36,0
9487,5000.0,48,3.47,101019.48,749,68,1
9488,5000.0,12,5.78,55389.92,590,39,0
9489,8624.13,24,5.26,61884.46,626,25,0
9490,192375.44,24,2.41,68968.58,822,62,0
9491,37071.24,24,2.0,72292.92,850,44,0
9492,5000.0,24,3.25,24145.89,764,43,0
9493,293474.45,48,5.88,83780.5,583,44,0
9494,68307.19,24,5.53,36056.15,607,63,0
9495,91009.51,48,6.04,77225.38,572,30,1
9496,11972.57,12,5.26,20000.0,626,61,0
9497,5571.69,36,4.14,150350.43,703,49,1
9498,36189.08,36,7.64,70171.78,462,58,0
9499,73959.02,36,6.42,59828.94,546,38,1
9500,50775.27,48,4.76,138669.83,660,80,1
9501,49855.97,48,5.05,101056.15,640,43,1
9502,70754.47,48,5.56,55037.17,605,44,0
9503,12875.16,12,6.95,161934.04,510,31,0
9504,54164.41,60,5.78,70302.79,590,43,0
9505,24888.12,48,5.62,66654.56,601,32,0
9506,5000.0,48,6.86,78646.03,516,77,0
9507,11291.27,36,6.13,239823.5,566,18,0
9508,78994.86,24,5.2,20000.0,630,18,0
9509,113134.91,24,4.23,253085.29,697,36,0
9510,16621.55,12,3.59,135405.17,741,50,0
9511,10558.34,24,6.44,56583.62,545,65,0
9512,5000.0,60,5.43,49598.26,614,47,0
9513,147535.45,36,5.27,86504.65,625,40,0
9514,57577.7,12,5.2,98676.63,630,45,1
9515,157362.78,24,5.3,154446.65,623,56,0
9516,99699.6,24,6.63,66916.7,532,27,0
9517,20811.13,36,4.23,66973.17,697,59,0
9518,5977.65,12,5.37,20000.0,618,18,0
9519,34563.13,36,4.87,47081.62,653,41,0
9520,5000.0,12,4.81,199085.36,657,43,0
9521,8121.04,24,5.8,103916.28,589,23,0
9522,13291.63,36,3.8,102588.91,726,45,0
9523,54777.84,36,5.58,51070.49,604,38,1
9524,35654.99,60,4.68,46082.66,666,48,1
9525,18006.87,36,4.78,104527.22,659,49,1
9526,41593.85,12,4.55,88772.97,675,50,0
9527,6688.15,60,3.35,104851.11,757,37,0
9528,70469.58,36,5.97,77128.99,577,47,0
9529,62245.84,36,4.94,88882.74,648,63,0
9530,12199.38,60,4.98,23137.75,645,56,0
9531,46619.93,24,5.35,216596.2,620,49,0
9532,34988.72,36,4.21,52738.57,698,30,0
9533,5000.0,48,6.61,79364.75,533,18,0
9534,16297.17,24,2.89,20000.0,789,18,0
9535,378344.77,36,2.81,45304.03,794,54,0
9536,5242.24,24,5.84,75153.39,586,32,0
9537,35302.64,12,5.05,100611.36,640,25,0
9538,94634.41,24,7.53,20000.0,470,35,1
9539,17880.33,60,5.87,75046.92,584,42,0
9540,15103.16,36,2.0,154930.03,850,46,0
9541,110725.53,24,4.04,93600.44,710,33,0
9542,18179.94,48,3.92,164903.34,718,58,0
9543,52704.89,12,5.64,100613.86,600,41,0
9544,67413.91,12,5.07,49649.06,639,41,0
9545,77704.36,24,5.0,63184.42,644,31,0
9546,262568.23,60,6.96,80992.93,509,74,0
9547,81276.35,12,4.75,107823.72,661,42,0
9548,53503.01,24,3.82,112776.39,725,53,1
9549,112910.98,24,2.35,54642.52,826,47,0
9550,118087.38,12,4.57,53756.96,673,63,0
9551,180905.13,24,5.11,47315.4,636,32,1
9552,74909.42,24,5.11,20000.0,636,52,0
9553,10841.14,48,4.39,131118.57,686,40,0
9554,61860.3,24,3.8,55268.76,726,47,1
9555,5000.0,24,3.37,29188.68,756,39,0
9556,19133.56,60,8.01,99854.76,437,73,0
9557,6154.02,12,3.37,106846.27,756,43,0
9558,149729.25,60,6.67,24337.52,529,21,0
9559,20681.48,36,6.35,152493.82,551,43,0
9560,62451.24,60,5.23,138943.0,628,46,0
9561,42352.05,36,4.18,78957.43,700,46,0
9562,5687.08,36,6.83,76629.59,518,25,0
9563,41202.04,60,5.78,130174.69,590,27,0
9564,54091.23,48,4.5,51843.42,678,72,0
9565,106649.4,60,4.21,153526.75,698,41,0
9566,5000.0,12,4.25,20000.0,695,43,0
9567,17522.86,60,3.54,84757.65,744,76,0
9568,58938.15,48,3.25,68145.86,764,57,1
9569,5000.0,60,4.76,23023.06,660,44,0
9570,11379.76,48,5.01,132860.4,643,48,0
9571,12337.91,12,6.07,46333.5,570,74,0
9572,55331.18,24,5.75,121269.48,592,35,1
9573,16840.86,48,6.9,104100.68,513,57,0
9574,45764.02,48,2.9,36779.66,788,55,0
9575,168120.64,48,5.01,20000.0,643,45,0
9576,78810.55,12,3.83,92949.45,724,36,0
9577,20240.98,36,2.0,106758.41,850,51,0
9578,31970.84,48,2.0,85999.28,850,44,0
9579,11199.31,12,3.31,37032.65,760,55,0
9580,5000.0,24,5.46,237350.53,612,20,0
9581,17104.48,48,3.75,68780.54,730,80,0
9582,23054.86,36,4.92,20000.0,649,53,0
9583,41547.78,12,6.29,134581.97,555,52,0
9584,144179.72,24,6.25,40554.62,558,75,0
9585,147683.54,36,3.67,110159.09,735,35,0
9586,5000.0,24,3.85,35058.38,723,34,1
9587,47679.6,36,3.13,70495.18,772,40,0
9588,5000.0,60,5.26,26993.57,626,77,0
9589,52217.72,60,5.56,66080.83,605,43,1
9590,6261.33,60,6.49,38293.79,541,80,0
9591,146312.95,24,7.32,58272.66,484,37,0
9592,99879.69,60,6.15,46856.66,565,18,0
9593,5000.0,12,5.87,137752.86,584,19,0
9594,76193.23,12,6.57,171131.43,536,53,0
9595,50515.94,60,5.67,45220.93,598,54,0
9596,34196.41,36,2.16,147220.31,839,50,0
9597,46144.94,36,5.91,229699.26,581,29,0
9598,56699.03,24,7.6,24939.23,465,27,0
9599,107905.83,36,4.69,62647.9,665,23,1
9600,72912.65,48,3.98,51251.19,714,40,0
9601,42827.77,36,6.2,223441.35,561,50,0
9602,87038.77,12,3.82,83599.6,725,64,0
9603,216844.85,36,2.29,229439.78,830,59,0
9604,17846.75,24,5.26,118015.53,626,47,0
9605,6302.02,36,3.83,127995.11,724,80,0
9606,65735.58,24,3.57,69114.77,742,45,0
9607,192209.65,48,4.31,100580.35,691,18,1
9608,6204.85,60,3.6,94564.85,740,25,0
9609,28255.93,48,4.14,102331.18,703,46,0
9610,5000.0,12,6.29,20000.0,555,24,0
9611,74924.34,48,8.17,196804.0,426,64,0
9612,148511.72,48,4.65,104668.79,668,48,0
9613,34556.88,12,5.26,62546.11,626,65,0
9614,26341.07,12,7.28,130938.0,487,49,0
9615,119145.86,60,5.23,64911.11,628,18,1
9616,7158.22,60,5.11,149105.7,636,67,0
9617,111089.12,36,4.49,45479.74,679,44,0
9618,24889.38,24,3.29,201869.1,761,44,0
9619,40981.62,12,6.09,83238.11,569,52,0
9620,37569.77,48,7.92,200444.56,443,42,0
9621,47852.92,48,5.51,252966.53,609,53,0
9622,142472.03,60,3.73,51151.25,731,48,0
9623,150926.54,24,2.97,20000.0,783,44,0
9624,88936.71,12,5.8,20000.0,589,23,0
9625,10631.46,60,4.07,25421.53,708,45,0
9626,20286.98,24,6.51,21743.32,540,43,0
9627,33454.43,12,4.91,50486.48,650,55,0
9628,117937.11,48,9.05,146141.82,365,57,0
9629,36788.63,48,5.39,57466.71,617,42,1
9630,189569.24,60,4.46,94149.36,681,40,0
9631,206264.44,24,5.58,121558.2,604,63,0
9632,45637.88,48,6.96,113247.71,509,55,1
9633,104980.31,24,4.81,24094.35,657,35,0
9634,357984.98,60,2.28,31226.31,831,21,0
9635,94761.59,36,6.13,37107.4,566,72,0
9636,53488.27,24,5.96,34566.41,578,57,0
9637,93259.6,24,5.27,78638.09,625,59,0
9638,5000.0,60,2.49,36847.63,816,28,0
9639,50368.43,36,6.86,58004.94,516,57,1
9640,12200.62,48,6.03,85603.67,573,30,0
9641,6168.51,12,3.93,20000.0,717,61,0
9642,111686.2,60,6.71,42197.84,526,43,0
9643,51033.27,12,6.16,35965.63,564,25,0
9644,13955.71,36,2.33,69039.15,827,47,1
9645,24451.76,36,2.38,79375.92,824,52,0
9646,181110.68,24,4.05,152890.81,709,54,1
9647,99091.08,12,4.44,133958.01,682,45,0
9648,5000.0,12,5.77,45157.64,591,18,0
9649,195106.1,36,4.91,54067.49,650,67,0
9650,22985.2,12,6.03,57741.72,573,54,0
9651,59440.77,48,2.71,119755.36,801,45,0
9652,62357.34,36,4.71,164847.07,664,64,0
9653,121341.95,24,5.14,101100.98,634,25,0
9654,108167.63,24,4.84,80776.94,655,39,0
9655,16545.46,24,5.84,20000.0,586,60,1
9656,51576.03,12,4.17,65069.58,701,77,0
9657,25019.47,36,5.24,129948.94,627,38,0
9658,37279.29,24,2.0,66589.07,850,18,0
9659,40447.94,36,5.55,64899.98,606,55,0
9660,25237.49,12,3.7,20000.0,733,65,0
9661,31171.17,48,2.23,172152.93,834,18,0
9662,11681.31,48,8.97,20227.91,371,42,0
9663,46779.59,48,5.55,176191.36,606,61,0
9664,71139.58,12,2.7,80497.69,802,67,0
9665,28083.25,24,8.18,209856.87,425,21,0
9666,190113.8,12,3.18,121240.54,769,41,0
9667,5000.0,36,4.44,132060.93,682,37,0
9668,44477.65,48,2.67,60158.15,804,29,0
9669,43805.54,36,5.35,68202.2,620,48,1
9670,5000.0,12,4.53,60554.27,676,49,1
9671,12716.89,60,6.61,35711.17,533,71,0
9672,117980.31,60,5.24,81008.57,627,18,0
9673,39319.52,12,6.04,29666.96,572,52,0
9674,28669.27,24,5.77,43638.21,591,33,0
9675,26849.62,36,4.71,42627.97,664,27,0
9676,109534.67,12,6.06,45843.13,571,40,0
9677,22866.71,12,8.17,37417.22,426,49,0
9678,98008.98,60,4.56,20000.0,674,36,1
9679,18494.71,48,4.6,28647.69,671,41,1
9680,37911.38,48,3.83,95432.92,724,44,0
9681,7763.72,24,4.92,51955.95,649,51,1
9682,87157.13,24,6.49,56993.72,541,62,0
9683,66585.55,24,2.7,165788.61,802,42,0
9684,37761.03,60,5.4,225288.27,616,46,0
9685,5000.0,12,6.32,186497.56,553,45,0
9686,32817.37,24,2.8,176304.81,795,70,0
9687,12757.29,60,2.44,116820.88,820,52,0
9688,26668.42,36,8.94,146652.68,373,50,0
9689,97045.41,12,6.26,154290.22,557,44,0
9690,73397.63,36,5.19,159176.01,631,45,0
9691,13850.49,48,4.52,27754.85,677,18,1
9692,209830.27,48,3.96,61060.19,715,38,0
9693,116760.84,12,2.0,78487.81,850,52,0
9694,37610.2,24,6.51,20415.37,540,45,0
9695,37767.12,12,4.69,20000.0,665,42,1
9696,115766.28,24,7.06,86057.89,502,66,0
9697,50549.97,48,4.59,32675.87,672,50,0
9698,38467.77,12,2.51,96080.59,815,27,1
9699,69144.71,12,8.98,99732.71,370,21,0
9700,13400.32,24,7.0,61958.25,506,59,1
9701,105341.63,48,3.77,63083.09,728,31,0
9702,37901.91,48,3.75,44084.18,730,49,0
9703,46253.87,24,6.12,22999.99,567,56,0
9704,5000.0,24,3.73,88783.12,731,49,0
9705,18517.61,24,3.02,62134.71,780,68,0
9706,27820.39,48,4.11,27959.91,705,42,0
9707,26714.06,48,2.79,56277.58,796,49,0
9708,75317.98,12,4.44,135528.4,682,38,0
9709,16586.74,48,5.3,20000.0,623,40,0
9710,10051.33,36,4.5,70357.36,678,57,0
9711,43687.58,36,3.69,26009.23,734,58,0
9712,47727.53,24,7.27,56222.85,488,21,0
9713,6481.71,24,4.52,20000.0,677,33,0
9714,5000.0,24,5.1,20000.0,637,48,0
9715,124838.28,12,5.69,20000.0,596,53,0
9716,5000.0,36,6.57,208036.54,536,26,1
9717,114073.94,36,7.66,85145.06,461,36,1
9718,25475.9,48,5.67,32526.09,598,53,0
9719,52929.58,36,5.78,33897.9,590,55,0
9720,10266.08,48,3.54,112823.35,744,50,0
9721,86840.0,12,3.28,98108.66,762,42,0
9722,9934.34,24,6.16,64896.22,564,30,0
9723,24429.5,24,6.17,174610.52,563,39,0
9724,13592.13,48,5.74,34056.25,593,60,1
9725,90855.7,60,3.29,20000.0,761,58,0
9726,97714.8,48,5.9,167173.87,582,32,1
9727,23263.06,12,2.06,44638.49,846,68,0
9728,18363.58,36,4.73,20000.0,662,33,0
9729,74264.95,48,4.27,67342.26,694,47,0
9730,105396.98,12,5.61,77635.7,602,29,0
9731,48910.97,24,2.57,65279.9,811,70,0
9732,131142.05,60,4.28,160111.95,693,57,1
9733,24147.86,60,5.62,217806.82,601,47,0
9734,8237.03,48,6.83,45194.31,518,38,0
9735,9900.78,36,3.92,123446.97,718,77,0
9736,55407.68,48,5.85,50386.35,585,52,0
9737,26172.45,60,5.17,165741.64,632,75,0
9738,8498.78,60,6.28,20153.01,556,47,0
9739,17281.58,24,6.26,74241.32,557,47,0
9740,37815.54,36,5.81,104465.02,588,57,0
9741,6473.85,36,5.01,106357.81,643,47,0
9742,5000.0,60,6.64,47949.62,531,49,0
9743,124625.6,60,5.29,60883.99,624,50,0
9744,18182.19,48,5.96,98698.07,578,58,0
9745,12519.2,48,5.1,75756.89,637,33,0
9746,59946.08,24,3.59,72441.68,741,45,0
9747,96003.3,60,4.62,46609.97,670,37,0
9748,50021.51,48,5.8,29834.25,589,54,0
9749,14683.85,24,4.98,142116.82,645,45,0
9750,98893.59,36,4.05,27577.41,709,36,0
9751,35711.1,60,3.89,160914.32,720,66,0
9752,23997.91,12,4.62,182486.59,670,62,1
9753,46408.82,60,2.31,119734.75,829,62,0
9754,60300.78,48,6.2,49400.27,561,64,0
9755,45049.16,60,4.15,20000.0,702,53,1
9756,126440.07,12,5.01,105303.66,643,55,0
9757,49445.46,60,3.44,21282.19,751,42,0
9758,105425.28,48,4.89,38442.05,651,65,0
9759,44210.35,36,2.0,45686.33,850,47,0
9760,19999.97,48,4.79,30225.82,658,36,1
9761,37996.07,24,3.85,35502.57,723,51,0
9762,5000.0,48,5.2,74953.28,630,39,0
9763,13079.58,24,4.41,271054.72,684,58,1
9764,72671.23,60,5.81,98469.26,588,56,0
9765,54157.96,24,4.3,143128.41,692,58,1
9766,9107.2,60,7.77,42862.77,453,23,0
9767,28814.02,24,5.69,232477.26,596,18,0
9768,7657.1,48,5.93,215813.22,580,48,0
9769,96833.89,12,2.15,49711.85,840,48,1
9770,5780.07,60,5.97,225995.14,577,65,0
9771,53099.8,24,5.62,34643.02,601,36,1
9772,46697.28,12,6.03,58238.75,573,30,0
9773,32006.55,24,4.31,62759.89,691,34,1
9774,16302.76,24,5.4,47387.09,616,29,0
9775,25872.08,24,5.58,20000.0,604,37,0
9776,82095.81,48,2.0,20000.0,850,27,0
9777,71679.95,24,4.69,54117.49,665,46,1
9778,67125.19,12,3.93,150844.22,717,45,0
9779,69279.45,24,4.33,64223.1,690,34,0
9780,7767.61,36,6.13,37585.23,566,30,0
9781,5217.85,60,5.75,123314.2,592,28,0
9782,98843.75,48,6.55,103843.3,537,18,0
9783,90753.83,36,6.7,85068.79,527,34,0
9784,57178.12,36,4.87,36183.55,653,38,1
9785,46558.26,12,4.76,70429.59,660,18,0
9786,22854.11,12,5.1,20000.0,637,66,0
9787,12685.46,48,4.37,155391.8,687,58,0
9788,55079.3,48,5.16,105818.61,633,42,1
9789,122112.27,60,3.12,43417.58,773,18,0
9790,28723.48,24,5.65,74705.75,599,61,0
9791,18063.74,48,3.48,54538.99,748,38,0
9792,15786.37,48,3.82,73289.54,725,21,0
9793,5000.0,24,8.65,273209.48,393,26,0
9794,36731.46,60,7.11,158439.97,499,37,0
9795,222135.69,12,7.43,129577.92,477,30,0
9796,84434.26,60,4.47,130127.32,680,35,0
9797,113882.29,24,6.49,167642.62,541,18,0
9798,48532.61,12,3.4,171040.54,754,66,0
9799,32835.6,12,6.51,114852.66,540,59,0
9800,232597.41,12,4.66,68207.72,667,33,0
9801,29634.52,60,6.39,26291.66,548,57,0
9802,124343.77,24,4.08,92541.71,707,37,0
9803,71741.64,60,5.37,60772.85,618,45,0
9804,20096.95,60,5.58,28983.85,604,27,0
9805,34964.52,36,5.91,75573.67,581,52,0
9806,24252.15,48,6.52,20000.0,539,57,0
9807,7322.05,60,4.39,50446.56,686,48,0
9808,22062.38,36,5.91,132996.5,581,37,0
9809,109899.04,24,2.0,68309.14,850,18,0
9810,69844.65,36,2.6,106984.03,809,57,0
9811,16257.5,60,5.3,103461.06,623,41,0
9812,22936.44,24,5.52,64060.02,608,33,1
9813,47912.17,36,5.2,118171.71,630,35,0
9814,26904.69,60,2.74,70637.73,799,49,0
9815,34962.7,24,2.0,23191.38,850,26,1
9816,59894.3,24,7.77,61941.7,453,51,0
9817,31485.23,48,2.97,229812.6,783,41,0
9818,10595.95,60,5.33,33593.79,621,34,0
9819,36758.28,48,6.12,219984.14,567,33,1
9820,22012.01,24,3.29,20000.0,761,50,0
9821,17176.25,24,4.79,20000.0,658,18,1
9822,19882.93,36,2.93,30659.23,786,35,0
9823,28901.92,48,3.53,20120.26,745,54,0
9824,108847.49,12,4.43,136115.19,683,43,0
9825,66223.68,60,2.55,20000.0,812,63,0
9826,55113.24,48,5.14,33882.22,634,47,0
9827,31862.94,24,6.51,117238.25,540,35,0
9828,5000.0,36,2.13,84472.11,841,41,0
9829,20817.51,60,5.26,64969.95,626,47,0
9830,83883.71,60,4.66,58192.7,667,32,0
9831,24565.11,36,5.74,113486.48,593,54,0
9832,41484.91,24,4.76,22347.03,660,72,0
9833,11454.3,12,4.46,31514.68,681,27,0
9834,123762.32,36,6.54,96641.23,538,54,0
9835,128308.29,12,6.51,33717.12,540,33,1
9836,7895.33,48,6.2,72459.77,561,34,0
9837,64396.52,60,5.1,51690.13,637,39,0
9838,5000.0,24,4.28,38652.99,693,36,0
9839,45633.32,12,3.03,63055.92,779,54,0
9840,9840.52,24,2.0,20000.0,850,45,0
9841,7873.95,48,4.66,94321.82,667,42,0
9842,5000.0,12,5.58,91838.31,604,50,0
9843,141389.97,24,8.39,172442.36,411,51,0
9844,88378.47,24,4.55,29420.4,675,44,0
9845,5000.0,48,5.17,152162.74,632,60,0
9846,45736.55,36,5.43,30715.5,614,46,0
9847,13256.79,48,5.87,120719.97,584,76,0
9848,15327.34,12,5.83,20000.0,587,31,0
9849,103641.3,12,4.44,33697.68,682,22,0
9850,6070.3,60,3.98,36301.21,714,47,0
9851,46001.15,24,4.95,73497.9,647,58,0
9852,25646.02,12,3.77,87542.54,728,39,0
9853,10585.5,36,3.05,20000.0,778,32,0
9854,30066.53,36,5.05,80088.03,640,45,0
9855,141079.95,48,3.13,72823.91,772,41,0
9856,76073.65,12,6.31,86527.73,554,42,0
9857,7084.6,12,4.5,87805.9,678,33,1
9858,94666.27,60,5.48,182118.59,611,37,0
9859,138581.88,60,4.2,39359.65,699,59,0
9860,16214.83,60,8.05,156146.92,434,64,0
9861,20279.73,12,3.21,95943.32,767,42,0
9862,6751.48,48,4.98,51222.54,645,28,0
9863,21151.43,48,4.28,43087.56,693,29,0
9864,55911.29,48,6.06,111449.64,571,26,0
9865,15883.36,48,2.49,30922.2,816,58,0
9866,5000.0,36,4.41,99600.1,684,47,0
9867,20665.64,12,5.46,43749.3,612,42,0
9868,30181.23,24,7.96,114506.07,440,58,0
9869,41776.57,12,5.42,37712.14,615,51,0
9870,57572.99,48,8.28,58252.69,418,18,0
9871,5000.0,36,4.73,45847.03,662,34,0
9872,31720.52,36,4.05,173637.16,709,44,0
9873,15487.01,12,3.89,216898.04,720,71,0
9874,147796.32,24,6.16,46838.72,564,69,0
9875,22306.43,48,5.84,85533.48,586,18,0
9876,5274.9,36,5.05,68841.83,640,25,0
9877,5000.0,48,5.71,42983.24,595,47,0
9878,15421.86,48,7.32,29648.37,484,54,0
9879,9854.22,48,5.83,25641.91,587,35,1
9880,52462.49,60,4.34,35190.01,689,52,0
9881,93854.93,48,5.58,48596.79,604,35,0
9882,18738.94,48,5.26,54399.61,626,36,0
9883,43112.8,24,5.68,20000.0,597,28,0
9884,65523.23,24,2.0,131828.74,850,24,1
9885,25415.41,60,4.73,161508.57,662,37,0
9886,5000.0,60,4.59,181734.49,672,61,1
9887,13015.34,48,5.75,20000.0,592,52,0
9888,107307.2,36,4.23,57837.19,697,49,0
9889,87000.19,36,4.78,139504.62,659,40,1
9890,5000.0,12,7.45,20000.0,475,51,0
9891,12676.83,36,2.74,23274.42,799,37,0
9892,73302.67,36,5.07,117160.55,639,32,0
9893,33266.7,24,4.14,51345.32,703,52,0
9894,71348.95,12,5.84,58766.2,586,36,0
9895,11855.31,12,4.27,36419.19,694,28,0
9896,152560.28,24,3.95,83506.15,716,51,0
9897,76533.06,36,7.05,75830.85,503,24,0
9898,10998.2,36,4.15,26284.01,702,50,0
9899,40873.11,12,5.07,150305.84,639,51,0
9900,6000.99,36,6.41,20000.0,547,25,0
9901,22426.58,12,2.48,91155.74,817,26,0
9902,53884.83,36,6.28,75838.89,556,64,0
9903,20033.41,48,4.57,184864.36,673,54,0
9904,53466.03,24,6.73,46472.77,525,52,0
9905,14037.27,60,6.52,39946.87,539,48,0
9906,63864.25,48,3.38,138364.61,755,55,0
9907,22282.3,36,5.43,35681.58,614,55,0
9908,78147.11,60,2.81,22724.08,794,32,0
9909,7349.07,48,5.52,125487.69,608,42,0
9910,22469.12,24,5.58,121005.03,604,38,0
9911,31174.76,60,6.03,102706.42,573,53,0
9912,27568.97,60,5.64,32154.91,600,47,1
9913,28378.13,24,4.02,147204.89,711,63,1
9914,29421.64,48,4.79,73525.81,658,49,1
9915,224607.82,60,5.36,73133.32,619,45,0
9916,10731.32,24,3.91,222641.95,719,57,0
9917,73194.17,48,4.11,20870.35,705,57,0
9918,40124.53,36,5.32,116226.15,622,63,0
9919,26690.08,12,2.7,195519.61,802,48,0
9920,50191.76,36,7.16,23263.74,495,75,0
9921,96047.23,36,4.33,86773.03,690,58,0
9922,31427.78,12,5.1,35621.88,637,76,0
9923,100050.51,36,4.18,99412.73,700,46,0
9924,5000.0,36,4.76,91937.42,660,79,1
9925,52933.66,24,4.53,113406.41,676,55,1
9926,20261.76,24,7.51,35423.55,471,29,0
9927,24446.3,48,4.59,84918.86,672,30,0
9928,42317.22,60,3.4,117721.71,754,40,0
9929,32688.32,48,5.8,42042.45,589,40,0
9930,24045.5,24,3.47,91054.23,749,50,0
9931,18431.84,24,5.43,52080.96,614,71,0
9932,48158.02,12,5.78,142732.38,590,49,0
9933,35218.46,12,5.74,20000.0,593,29,1
9934,19527.04,24,6.41,84196.87,547,51,0
9935,11468.21,36,4.81,175176.09,657,38,0
9936,74464.7,48,5.83,53807.64,587,39,0
9937,80400.68,24,5.71,20000.0,595,42,0
9938,12026.45,24,5.91,81998.21,581,39,0
9939,15166.8,12,4.44,171408.55,682,25,0
9940,13665.49,48,6.76,64956.18,523,46,0
9941,107954.44,48,4.05,68640.81,709,71,0
9942,74389.87,60,4.18,20000.0,700,57,0
9943,5000.0,24,4.18,138861.02,700,27,0
9944,89388.16,60,6.35,57028.01,551,18,0
9945,5000.0,12,4.57,138251.0,673,49,0
9946,14597.88,60,3.02,120218.36,780,53,0
9947,125659.99,36,6.67,33966.76,529,53,0
9948,99876.97,24,4.65,91951.85,668,46,0
9949,76033.48,24,6.54,121631.64,538,29,0
9950,30582.71,48,5.32,159251.19,622,69,1
9951,19387.21,60,4.97,49844.51,646,43,1
9952,106661.46,48,5.84,70308.89,586,37,0
9953,53512.04,60,6.01,20000.0,574,52,1
9954,17513.98,60,4.55,185411.76,675,37,0
9955,31106.1,12,6.39,108188.6,548,28,0
9956,106642.21,60,4.17,95067.15,701,37,0
9957,116887.53,48,2.38,20000.0,824,48,0
9958,53837.96,60,6.77,100625.45,522,64,0
9959,65942.23,60,6.86,81597.26,516,18,1
9960,5000.0,24,7.12,63978.8,498,51,1
9961,46392.93,24,5.61,88076.95,602,57,0
9962,58396.92,24,3.67,72759.88,735,51,1
9963,5000.0,36,3.54,103598.08,744,54,0
9964,92849.79,24,4.3,85294.95,692,66,0
9965,131752.78,36,4.62,60224.24,670,59,0
9966,13586.27,36,3.06,99324.69,777,39,0
9967,93473.92,48,5.62,39912.87,601,59,0
9968,54757.8,24,4.11,85664.19,705,47,1
9969,43457.93,60,2.03,91768.46,848,56,1
9970,92615.61,12,3.12,92720.14,773,26,0
9971,16816.35,60,6.55,90974.0,537,42,0
9972,78236.66,24,5.75,127826.45,592,54,0
9973,18881.85,60,2.0,100853.43,850,43,0
9974,77430.44,24,5.75,122115.24,592,52,0
9975,29987.76,24,2.6,46847.32,809,65,0
9976,6218.42,60,5.55,56393.63,606,40,1
9977,24024.51,36,5.2,165858.1,630,58,0
9978,13295.59,48,6.25,26857.89,558,29,0
9979,5297.57,48,6.0,117257.58,575,56,0
9980,5842.82,48,5.2,152054.58,630,20,0
9981,75722.62,48,4.65,65368.53,668,47,0
9982,106599.03,12,5.51,30616.79,609,47,0
9983,130953.31,24,3.89,71533.42,720,70,0
9984,96189.0,12,5.51,20000.0,609,37,0
9985,88663.8,48,7.92,51238.01,443,18,1
9986,5000.0,48,5.21,59326.47,629,52,1
9987,78061.82,60,5.61,95820.11,602,29,0
9988,76458.07,48,2.76,45872.0,798,45,1
9989,7037.32,24,3.61,57269.81,739,35,0
9990,54236.83,48,3.47,156293.38,749,41,0
9991,30120.31,48,3.89,34036.94,720,18,0
9992,115136.02,12,4.28,159324.46,693,19,0
9993,59439.16,24,4.28,88507.27,693,50,0
9994,150784.03,36,3.57,126969.64,742,42,0
9995,5542.26,60,4.07,30159.31,708,27,0
9996,5000.0,36,5.68,65704.44,597,36,0
9997,181680.48,12,6.97,65799.95,508,52,0
9998,5000.0,48,7.66,61871.46,461,40,0
9999,24403.97,60,6.15,77093.86,565,51,0
10000,52486.91,24,5.99,44140.11,576,31,0
